date,BTC,ETH,BNB,XRP,ADA,DOGE,SOL,DOT,AVAX,LINK
2020-01-01,7200.85,130.77,13.7184,0.19305,0.03348,0.0020245,,,,1.8111
2020-01-02,6965.71,127.19,13.0105,0.1875,0.03269,0.0019951,,,,1.7366
2020-01-03,7344.96,134.35,13.6474,0.19338,0.03417,0.0020236,,,,1.804
2020-01-04,7354.11,134.2,13.8092,0.19305,0.03434,0.0020579,,,,1.8242
2020-01-05,7358.75,135.37,14.0532,0.19453,0.0346,0.0020696,,,,1.7957
2020-01-06,7758.0,144.15,14.9471,0.2231,0.03732,0.0021344,,,,1.9374
2020-01-07,8145.28,142.8,15.0226,0.21335,0.037,0.002175,,,,2.1033
2020-01-08,8055.98,140.72,14.5334,0.2075,0.03631,0.0020886,,,,2.1892
2020-01-09,7817.76,137.74,14.3978,0.20373,0.03616,0.0021282,,,,2.1886
2020-01-10,8197.02,144.84,15.07,0.21284,0.03693,0.0021973,,,,2.2257
2020-01-11,8020.01,142.38,14.9177,0.21121,0.03678,0.0021754,,,,2.2734
2020-01-12,8184.98,146.54,15.3366,0.21539,0.03792,0.0021963,,,,2.2383
2020-01-13,8110.34,143.58,15.1736,0.21134,0.03682,0.0021704,,,,2.1901
2020-01-14,8810.01,165.64,16.6371,0.23464,0.04161,0.0023581,,,,2.3751
2020-01-15,8821.41,166.4,17.6655,0.23367,0.04275,0.0023669,,,,2.3953
2020-01-16,8720.01,164.21,17.0333,0.229,0.04168,0.0023276,,,,2.4925
2020-01-17,8913.28,169.85,18.0724,0.23921,0.0449,0.0024868,,,,2.7006
2020-01-18,8915.96,174.14,17.8088,0.24357,0.04489,0.0025115,,,,2.7709
2020-01-19,8701.7,166.79,17.388,0.23558,0.042,0.0023982,,,,2.6212
2020-01-20,8642.35,166.87,17.3235,0.23314,0.04378,0.002376,,,,2.688
2020-01-21,8736.03,169.49,18.1166,0.23726,0.04602,0.0023673,,,,2.6716
2020-01-22,8682.36,168.07,17.8344,0.23733,0.04575,0.0023434,,,,2.6426
2020-01-23,8404.52,162.81,17.0524,0.22586,0.04318,0.0022514,,,,2.4698
2020-01-24,8439.0,162.54,17.1148,0.22222,0.04495,0.0022698,,,,2.5024
2020-01-25,8340.58,160.35,16.9555,0.21946,0.04314,0.002251,,,,2.4468
2020-01-26,8615.0,167.86,17.499,0.23131,0.04477,0.0022854,,,,2.5764
2020-01-27,8907.57,170.08,17.67,0.23077,0.04796,0.0023594,,,,2.6055
2020-01-28,9374.21,175.64,18.0662,0.23906,0.0529,0.0024412,,,,2.6558
2020-01-29,9301.53,173.72,17.9134,0.23539,0.05329,0.0023865,,,,2.7773
2020-01-30,9513.21,184.69,18.5555,0.24376,0.05614,0.002414,,,,2.9156
2020-01-31,9352.89,179.99,18.2644,0.23946,0.0539,0.0023776,,,,2.8259
2020-02-01,9384.61,183.6,18.2752,0.24141,0.0561,0.002417,,,,2.8378
2020-02-02,9331.51,188.44,18.4333,0.25093,0.0557,0.0024406,,,,2.8267
2020-02-03,9292.24,189.69,18.46,0.25453,0.05696,0.0024156,,,,2.771
2020-02-04,9197.02,188.91,18.1778,0.26737,0.05601,0.0025169,,,,2.7395
2020-02-05,9612.04,203.78,19.262,0.27774,0.05933,0.0025826,,,,2.839
2020-02-06,9772.0,213.19,20.6675,0.28325,0.06008,0.0026654,,,,2.89
2020-02-07,9813.73,223.33,22.0555,0.27953,0.05987,0.0027888,,,,3.3072
2020-02-08,9895.05,223.05,21.7888,0.27735,0.06002,0.003171,,,,3.4171
2020-02-09,10151.75,228.49,24.38,0.28257,0.06188,0.0032235,,,,3.4945
2020-02-10,9851.83,222.89,25.1465,0.27338,0.06029,0.0029663,,,,3.3862
2020-02-11,10223.08,236.69,25.6963,0.281,0.06335,0.00303,,,,3.9931
2020-02-12,10326.46,265.74,26.4243,0.30427,0.06817,0.0030589,,,,3.9953
2020-02-13,10229.63,268.32,25.4579,0.32709,0.06867,0.0030132,,,,3.8765
2020-02-14,10344.36,285.15,26.3547,0.33594,0.07074,0.0031067,,,,4.426
2020-02-15,9904.72,264.88,24.2576,0.30729,0.06426,0.0029031,,,,4.3241
2020-02-16,9917.27,258.85,23.3193,0.29224,0.06146,0.0027522,,,,4.4566
2020-02-17,9706.0,267.85,23.4555,0.28736,0.06019,0.0026999,,,,4.3108
2020-02-18,10164.71,282.61,24.0821,0.29827,0.06274,0.0028286,,,,4.5523
2020-02-19,9593.79,258.45,22.3709,0.27466,0.05737,0.0026085,,,,4.3873
2020-02-20,9596.42,256.96,22.1626,0.2709,0.05815,0.002653,,,,4.2644
2020-02-21,9677.05,265.27,22.1888,0.27418,0.05853,0.0026481,,,,4.2778
2020-02-22,9650.86,261.57,21.9689,0.27468,0.05825,0.0025887,,,,4.1066
2020-02-23,9936.4,274.48,22.8452,0.28298,0.06145,0.0026772,,,,4.2365
2020-02-24,9656.13,265.52,22.0965,0.2704,0.05906,0.0025769,,,,3.9148
2020-02-25,9315.84,246.67,20.3193,0.25209,0.05603,0.0024734,,,,3.4905
2020-02-26,8785.25,223.93,18.7441,0.22915,0.04915,0.0023439,,,,3.5648
2020-02-27,8823.21,227.79,19.2,0.2385,0.04986,0.0023255,,,,3.9579
2020-02-28,8692.91,226.76,18.9838,0.23663,0.04885,0.0022823,,,,4.1609
2020-02-29,8523.61,217.21,19.23,0.22892,0.0471,0.0022153,,,,4.0579
2020-03-01,8531.88,217.81,18.902,0.22696,0.04561,0.0022794,,,,3.859
2020-03-02,8915.24,231.97,19.9289,0.23958,0.04923,0.0023471,,,,4.2423
2020-03-03,8760.07,223.91,19.6882,0.23428,0.04866,0.0024985,,,,4.5846
2020-03-04,8750.87,224.26,19.95,0.23453,0.04898,0.0024187,,,,4.6406
2020-03-05,9054.68,228.38,20.7462,0.23909,0.05096,0.0024771,,,,4.7151
2020-03-06,9131.88,244.88,21.3389,0.24477,0.05174,0.0024862,,,,4.6814
2020-03-07,8886.66,237.23,20.25,0.23622,0.04879,0.0024066,,,,4.3412
2020-03-08,8033.31,199.43,16.894,0.20385,0.04291,0.0021671,,,,4.0537
2020-03-09,7929.87,202.81,16.5888,0.20952,0.04156,0.0022203,,,,4.1231
2020-03-10,7894.56,200.7,16.8671,0.21185,0.04146,0.0022053,,,,4.0839
2020-03-11,7934.52,194.61,16.5705,0.20813,0.03969,0.0021716,,,,3.8169
2020-03-12,4800.0,107.82,9.2566,0.13549,0.02329,0.0015996,,,,1.9931
2020-03-13,5578.6,134.06,10.9204,0.15872,0.02843,0.001746,,,,2.4333
2020-03-14,5172.06,122.54,10.1487,0.14588,0.02582,0.0016632,,,,2.1379
2020-03-15,5361.3,123.78,10.3898,0.15308,0.02693,0.0016932,,,,2.0884
2020-03-16,5028.97,111.02,9.4285,0.14102,0.02423,0.0015817,,,,1.7832
2020-03-17,5312.64,115.67,10.2576,0.14694,0.02575,0.0016219,,,,1.8641
2020-03-18,5393.04,118.11,10.3866,0.1476,0.02607,0.0016002,,,,1.9483
2020-03-19,6162.37,136.3,12.2597,0.1646,0.0303,0.00177,,,,2.2398
2020-03-20,6208.36,133.48,11.9147,0.15695,0.02946,0.0017802,,,,2.26
2020-03-21,6186.98,132.66,12.1,0.15797,0.02948,0.0017849,,,,2.2787
2020-03-22,5816.19,122.32,11.167,0.14776,0.02703,0.0017264,,,,1.9898
2020-03-23,6467.31,135.92,12.1887,0.15854,0.02925,0.0018192,,,,2.2468
2020-03-24,6744.72,138.42,12.426,0.16225,0.03023,0.0018641,,,,2.3104
2020-03-25,6677.43,136.1,12.3251,0.16168,0.02945,0.0018296,,,,2.257
2020-03-26,6737.36,138.4,13.199,0.17593,0.03086,0.0018519,,,,2.3132
2020-03-27,6359.11,131.33,12.3354,0.17269,0.02882,0.0017766,,,,2.1373
2020-03-28,6236.65,130.98,12.1888,0.17543,0.02975,0.001783,,,,2.1364
2020-03-29,5881.42,124.5,11.3008,0.16278,0.02806,0.0017099,,,,2.0083
2020-03-30,6394.38,132.06,12.1365,0.17112,0.02965,0.0017957,,,,2.135
2020-03-31,6410.44,132.72,12.5451,0.17353,0.03045,0.0018041,,,,2.2658
2020-04-01,6642.92,135.69,12.72,0.17494,0.03097,0.0018631,,,,2.2753
2020-04-02,6794.09,141.28,13.0166,0.17828,0.03188,0.0018777,,,,2.2941
2020-04-03,6734.1,141.31,13.3615,0.17957,0.03231,0.0018467,,,,2.3013
2020-04-04,6856.99,144.1,13.7606,0.18114,0.03244,0.0018697,,,,2.3155
2020-04-05,6772.78,142.68,13.6888,0.17925,0.0319,0.00185,,,,2.2635
2020-04-06,7329.9,171.32,15.1989,0.19803,0.03592,0.0019896,,,,2.5555
2020-04-07,7197.32,164.63,14.7266,0.19285,0.03525,0.0019943,,,,2.7303
2020-04-08,7361.28,173.11,15.0888,0.20192,0.03639,0.0020038,,,,3.1693
2020-04-09,7283.54,169.52,15.0096,0.19829,0.03607,0.0020151,,,,3.3099
2020-04-10,6858.92,157.81,13.72,0.18758,0.03321,0.001965,,,,3.22
2020-04-11,6876.83,158.33,13.807,0.1885,0.03343,0.0019645,,,,3.29
2020-04-12,6903.79,158.59,14.2808,0.18939,0.03347,0.0019673,,,,3.4189
2020-04-13,6837.91,156.29,15.0277,0.18763,0.03311,0.0019533,,,,3.3702
2020-04-14,6868.7,158.45,15.6148,0.18613,0.03312,0.0019656,,,,3.252
2020-04-15,6621.24,152.73,14.5755,0.1805,0.03185,0.0019061,,,,3.1212
2020-04-16,7101.94,172.29,15.7394,0.19053,0.03446,0.001995,,,,3.4851
2020-04-17,7027.55,170.69,15.64,0.18863,0.03432,0.001983,,,,3.4523
2020-04-18,7248.6,187.4,16.6137,0.19544,0.03654,0.0020445,,,,3.7805
2020-04-19,7120.74,180.03,16.0683,0.18901,0.03549,0.0020313,,,,3.5902
2020-04-20,6826.83,170.2,14.9892,0.18151,0.03391,0.0019787,,,,3.4322
2020-04-21,6841.37,170.74,15.1283,0.18341,0.03454,0.00195,,,,3.4577
2020-04-22,7125.14,182.7,15.7104,0.18804,0.03664,0.0019957,,,,3.6786
2020-04-23,7482.39,185.51,16.034,0.1926,0.04088,0.0020512,,,,3.7533
2020-04-24,7505.0,187.59,15.9319,0.19325,0.04165,0.0020832,,,,3.7735
2020-04-25,7538.67,194.21,16.2283,0.19418,0.04222,0.0021245,,,,3.7865
2020-04-26,7693.1,197.38,16.3588,0.19618,0.04593,0.0024076,,,,3.721
2020-04-27,7774.62,196.34,16.4229,0.19747,0.04648,0.0023456,,,,3.6383
2020-04-28,7738.98,196.24,16.34,0.21416,0.04679,0.002327,,,,3.6413
2020-04-29,8778.57,215.36,17.3667,0.22648,0.05146,0.0024912,,,,3.8879
2020-04-30,8620.0,206.08,16.9542,0.21135,0.04752,0.002433,,,,3.7025
2020-05-01,8826.96,212.02,17.466,0.21786,0.05091,0.0024749,,,,3.7571
2020-05-02,8972.05,213.9,17.5333,0.22369,0.0509,0.002542,,,,3.8182
2020-05-03,8894.16,209.86,17.1071,0.21936,0.04898,0.0025001,,,,3.7092
2020-05-04,8871.96,206.48,17.0074,0.21776,0.04942,0.0024605,,,,3.7499
2020-05-05,9021.83,205.29,16.8886,0.21688,0.04945,0.0024738,,,,3.6833
2020-05-06,9142.92,198.97,16.3743,0.21158,0.04889,0.0024801,,,,3.5872
2020-05-07,9986.4,212.0,17.0003,0.21862,0.05123,0.0026627,,,,3.756
2020-05-08,9800.01,211.31,17.1371,0.21865,0.05201,0.0026052,,,,3.801
2020-05-09,9539.4,210.07,16.7751,0.21642,0.05145,0.0026075,,,,4.015
2020-05-10,8722.77,187.54,15.3506,0.19702,0.04755,0.0024602,,,,3.7582
2020-05-11,8561.52,185.73,15.0811,0.19254,0.04779,0.0024125,,,,3.5837
2020-05-12,8810.79,189.76,15.7892,0.19711,0.05043,0.0024606,,,,3.6943
2020-05-13,9309.37,199.58,16.2164,0.20177,0.05147,0.0025245,,,,3.7655
2020-05-14,9791.98,203.29,16.3777,0.20386,0.05098,0.0025813,,,,3.8096
2020-05-15,9316.42,194.86,15.7222,0.19818,0.05026,0.0024888,,,,3.6615
2020-05-16,9381.27,200.45,16.058,0.19969,0.051,0.0025098,,,,3.7614
2020-05-17,9680.04,207.0,16.2959,0.20131,0.05129,0.0025331,,,,3.7815
2020-05-18,9733.93,214.91,16.6299,0.20543,0.05434,0.0025379,,,,3.8895
2020-05-19,9775.53,214.58,17.2098,0.20496,0.05677,0.0025487,,,,3.947
2020-05-20,9511.43,209.98,16.8998,0.20179,0.05689,0.0025002,,,,4.0866
2020-05-21,9068.65,198.74,16.0888,0.19434,0.05207,0.0024774,,,,3.8298
2020-05-22,9170.0,207.36,16.5864,0.20034,0.05576,0.0025175,,,,4.0611
2020-05-23,9179.15,206.6,16.48,0.19883,0.0549,0.0025271,,,,3.925
2020-05-24,8720.34,199.9,15.9624,0.19256,0.05125,0.0024461,,,,3.7917
2020-05-25,8900.35,204.15,16.3807,0.19622,0.0539,0.0025324,,,,3.8614
2020-05-26,8841.18,200.89,16.2159,0.19372,0.05355,0.0024781,,,,3.844
2020-05-27,9204.07,208.29,16.47,0.19791,0.05513,0.0024998,,,,3.8526
2020-05-28,9575.89,220.21,17.0772,0.20052,0.06502,0.002523,,,,4.0461
2020-05-29,9427.07,220.67,17.0031,0.19759,0.06469,0.0025303,,,,3.98
2020-05-30,9697.72,243.66,17.7277,0.20701,0.07691,0.002618,,,,4.1763
2020-05-31,9448.27,231.57,17.0916,0.20245,0.0739,0.0025599,,,,4.131
2020-06-01,10200.77,248.23,17.9477,0.211,0.08093,0.0026452,,,,4.3785
2020-06-02,9518.04,237.71,17.2669,0.20301,0.07872,0.0025666,,,,4.3976
2020-06-03,9666.24,244.52,17.5779,0.2041,0.08558,0.0025867,,,,4.4892
2020-06-04,9789.06,243.21,17.517,0.20427,0.08882,0.002623,,,,4.4243
2020-06-05,9621.16,240.03,17.6914,0.20274,0.08517,0.0025907,,,,4.358
2020-06-06,9666.3,241.94,17.5511,0.20361,0.08614,0.0025926,,,,4.3512
2020-06-07,9746.99,244.56,17.4135,0.20329,0.08657,0.0025987,,,,4.3465
2020-06-08,9782.01,246.4,17.4489,0.20403,0.08648,0.0025786,,,,4.473
2020-06-09,9772.43,243.8,17.3733,0.20127,0.08291,0.0025586,,,,4.435
2020-06-10,9885.0,247.78,17.406,0.20266,0.0836,0.0025761,,,,4.4225
2020-06-11,9280.4,230.51,16.2298,0.18817,0.07527,0.0024463,,,,3.9565
2020-06-12,9465.13,237.55,16.6377,0.19307,0.07948,0.0025,,,,4.0819
2020-06-13,9473.34,238.11,16.8101,0.19234,0.07906,0.0025241,,,,4.11
2020-06-14,9342.1,231.77,16.5729,0.19022,0.07642,0.0024972,,,,3.9371
2020-06-15,9426.02,230.86,16.377,0.19238,0.07824,0.0024743,,,,3.9274
2020-06-16,9525.59,235.3,16.4329,0.19238,0.07925,0.0024855,,,,4.0502
2020-06-17,9465.14,233.82,16.3983,0.19315,0.08349,0.0024806,,,,4.1659
2020-06-18,9386.32,231.27,16.1608,0.18975,0.08176,0.0024575,,,,4.1415
2020-06-19,9310.23,229.0,15.9512,0.18722,0.07987,0.0024399,,,,4.098
2020-06-20,9358.95,228.89,16.059,0.18792,0.07953,0.0024419,,,,4.1765
2020-06-21,9294.69,228.04,15.9775,0.18602,0.07841,0.0024295,,,,4.1812
2020-06-22,9685.69,243.13,16.5051,0.18928,0.08355,0.0024731,,,,4.4841
2020-06-23,9624.89,243.14,16.3898,0.18889,0.08276,0.0024686,,,,4.8051
2020-06-24,9296.49,234.58,15.9968,0.18348,0.08254,0.0024193,,,,4.7075
2020-06-25,9249.49,232.5,15.906,0.18156,0.08167,0.0024081,,,,4.8134
2020-06-26,9162.21,229.64,15.7694,0.18249,0.08062,0.0023593,,,,4.6813
2020-06-27,9012.0,220.94,15.1242,0.17509,0.07738,0.0023045,,,,4.4058
2020-06-28,9116.35,224.93,15.3782,0.17693,0.08028,0.0023142,,,,4.5668
2020-06-29,9192.56,227.93,15.4656,0.17726,0.08392,0.0023077,,,,4.6187
2020-06-30,9138.55,225.6,15.3838,0.17533,0.08299,0.0023185,,,,4.5626
2020-07-01,9232.0,230.99,15.8144,0.17647,0.09681,0.0023203,,,,4.7067
2020-07-02,9086.54,226.46,15.3634,0.17477,0.09291,0.002322,,,,4.7996
2020-07-03,9058.26,224.87,15.2863,0.1762,0.09655,0.0023139,,,,4.7309
2020-07-04,9135.46,229.17,15.5548,0.17808,0.10005,0.0023012,,,,4.82
2020-07-05,9069.41,227.56,15.4885,0.17695,0.09813,0.0023029,,,,4.7439
2020-07-06,9344.2,241.6,16.311,0.18875,0.10512,0.0026193,,,,5.3617
2020-07-07,9257.39,239.39,16.8048,0.18508,0.11764,0.003136,,,,5.7248
2020-07-08,9436.06,246.95,17.2819,0.20551,0.12993,0.0047657,,,,6.4987
2020-07-09,9232.43,241.98,16.8274,0.20263,0.12403,0.0043214,,,,6.082
2020-07-10,9288.34,241.26,17.3123,0.19909,0.11846,0.0035313,,,,6.1488
2020-07-11,9234.03,239.19,17.6205,0.2011,0.12523,0.0038041,,,,6.0994
2020-07-12,9302.75,242.79,18.2994,0.20128,0.12685,0.0036358,,,,7.3345
2020-07-13,9242.62,239.5,18.4046,0.19867,0.12427,0.0031677,,,,7.163
2020-07-14,9255.85,240.44,18.079,0.19909,0.13256,0.0032888,,,,8.1321
2020-07-15,9197.6,238.61,17.6351,0.19721,0.13069,0.0030868,,,,8.6494
2020-07-16,9133.72,233.57,17.1647,0.19444,0.12602,0.0029808,,,,8.354
2020-07-17,9154.32,232.67,17.0676,0.1944,0.12224,0.0030528,,,,8.2605
2020-07-18,9170.28,235.67,17.1507,0.1999,0.1227,0.003449,,,,7.9734
2020-07-19,9208.99,239.11,18.0154,0.19956,0.12402,0.0033811,,,,8.0784
2020-07-20,9160.78,236.01,17.4645,0.19465,0.11771,0.0032201,,,,7.2301
2020-07-21,9390.0,245.59,17.7285,0.19949,0.12321,0.0032979,,,,7.3101
2020-07-22,9518.16,263.74,18.09,0.20348,0.1238,0.0032868,,,,7.4689
2020-07-23,9603.27,275.3,18.75,0.20851,0.12422,0.0032997,,,,7.8983
2020-07-24,9537.8,279.15,19.1853,0.20392,0.12197,0.0032113,,,,7.4284
2020-07-25,9700.42,305.26,19.8242,0.21463,0.14362,0.0032475,,,,7.672
2020-07-26,9931.54,311.0,19.5557,0.21532,0.14849,0.0032323,,,,7.5022
2020-07-27,11029.96,321.93,19.7474,0.22437,0.13859,0.0031694,,,,7.1
2020-07-28,10906.27,316.77,20.1732,0.23029,0.14904,0.003188,,,,7.2333
2020-07-29,11100.53,317.71,19.899,0.24327,0.13972,0.0031663,,,,7.0876
2020-07-30,11099.61,334.87,19.97,0.24408,0.1406,0.0032281,,,,7.4093
2020-07-31,11335.46,346.33,20.6615,0.25939,0.13878,0.003224,,,,7.8033
2020-08-01,11801.17,387.0,21.6168,0.29089,0.1441,0.0037144,,,,8.3248
2020-08-02,11071.35,372.42,20.9898,0.28803,0.13375,0.0033312,,,,8.2814
2020-08-03,11219.81,385.94,22.0504,0.31016,0.1373,0.0033818,,,,9.2502
2020-08-04,11191.97,389.61,22.2818,0.30138,0.14335,0.0035458,,,,9.8687
2020-08-05,11744.91,400.72,23.2728,0.30228,0.14227,0.0035028,,,,9.5253
2020-08-06,11762.46,394.77,22.7487,0.30311,0.14444,0.00356,,,,10.2343
2020-08-07,11594.23,379.34,22.3323,0.29437,0.13888,0.003496,,,,10.1286
2020-08-08,11761.41,397.03,22.9234,0.29527,0.14696,0.0035134,,,,12.7093
2020-08-09,11681.68,390.14,22.422,0.2879,0.14512,0.0034664,,,,13.8104
2020-08-10,11892.92,395.44,22.6369,0.29469,0.14383,0.0034952,,,,13.4722
2020-08-11,11392.08,379.0,21.2902,0.2831,0.13685,0.0033906,3.2985,,,12.9971
2020-08-12,11564.33,387.18,21.4919,0.28233,0.1367,0.0034606,3.7558,,,16.4635
2020-08-13,11780.0,424.54,21.7667,0.2942,0.13944,0.0034877,3.73,,,17.1883
2020-08-14,11760.54,438.11,23.1047,0.29995,0.13826,0.0035731,3.4099,,,16.9574
2020-08-15,11852.4,432.32,23.0881,0.29884,0.13837,0.0035328,3.173,,,19.2285
2020-08-16,11911.0,433.62,23.529,0.30455,0.13882,0.0035302,3.3885,,,18.8061
2020-08-17,12281.13,430.89,23.4961,0.31539,0.14039,0.0035877,3.11,,,16.8196
2020-08-18,11945.01,421.95,22.9705,0.30251,0.13691,0.003476,3.3407,3.1,,16.1927
2020-08-19,11754.59,407.46,22.3761,0.28975,0.12966,0.0034196,2.8868,2.95,,16.1863
2020-08-20,11853.55,415.94,23.0888,0.29218,0.13413,0.0034399,3.2038,2.9,,16.0483
2020-08-21,11531.34,387.97,22.0988,0.27933,0.12315,0.0033776,2.9317,2.833,,13.8325
2020-08-22,11662.96,395.24,22.2044,0.28592,0.12515,0.0034331,3.0126,4.4546,,15.8078
2020-08-23,11648.13,390.71,21.8555,0.2848,0.12141,0.0033955,3.25,3.9779,,15.1428
2020-08-24,11748.2,407.68,22.5953,0.2884,0.12361,0.0034116,3.3405,4.5759,,15.1419
2020-08-25,11318.42,382.93,21.3882,0.27625,0.11239,0.0032907,3.25,5.5412,,14.1164
2020-08-26,11461.43,385.81,22.1999,0.27653,0.11435,0.0032939,3.5684,6.0708,,15.2
2020-08-27,11330.38,383.27,23.1127,0.26469,0.10725,0.0031997,3.4501,5.6547,,14.5234
2020-08-28,11526.91,395.11,23.0811,0.27174,0.10927,0.0032637,4.0063,6.1812,,15.1207
2020-08-29,11465.84,398.65,22.9398,0.2738,0.11623,0.0032749,3.9535,6.1333,,16.3612
2020-08-30,11711.16,428.94,23.6208,0.28302,0.11747,0.0032981,4.4309,5.8912,,16.4788
2020-08-31,11649.51,433.79,23.1477,0.28115,0.12253,0.0032073,4.7435,6.2718,,15.5772
2020-09-01,11921.97,475.4,24.7028,0.29521,0.12445,0.0032411,4.3397,6.239,,16.0333
2020-09-02,11388.54,439.5,24.7652,0.27595,0.11489,0.0031161,4.17,6.1374,,14.7982
2020-09-03,10140.85,381.4,20.3592,0.24409,0.09446,0.0027692,3.5051,5.6743,,11.8895
2020-09-04,10446.25,385.26,20.9712,0.25385,0.10156,0.0028797,3.5301,5.1019,,12.3708
2020-09-05,10166.69,335.01,19.4698,0.23738,0.09,0.002764,2.6052,4.1456,,10.6017
2020-09-06,10256.2,352.8,23.142,0.23986,0.0926,0.0027859,3.0941,4.784,,12.8044
2020-09-07,10373.44,353.59,22.4426,0.24198,0.0936,0.0028151,2.9237,4.5944,,12.47
2020-09-08,10126.65,337.39,23.2837,0.23657,0.09101,0.002747,2.468,4.2787,,11.746
2020-09-09,10219.2,350.85,24.4716,0.23901,0.09331,0.002779,3.6001,4.7003,,12.3444
2020-09-10,10336.87,367.93,24.5489,0.24302,0.09709,0.0028077,3.4761,4.5796,,12.4957
2020-09-11,10387.89,373.63,25.399,0.24252,0.09701,0.0027956,3.3965,4.6498,,12.4406
2020-09-12,10440.92,387.78,28.505,0.24752,0.09771,0.0028141,3.3316,5.1385,,12.7187
2020-09-13,10332.83,366.42,31.1656,0.24218,0.09507,0.002783,3.2603,5.3213,,12.067
2020-09-14,10671.77,377.12,31.2523,0.24564,0.09663,0.0027851,3.2641,5.3555,,12.1374
2020-09-15,10785.31,364.06,27.1181,0.24331,0.09313,0.0028278,2.9295,5.0535,,10.9314
2020-09-16,10954.01,365.11,27.8695,0.24686,0.09151,0.0028053,2.5327,5.0712,,10.7367
2020-09-17,10939.99,389.36,27.095,0.25214,0.09408,0.0028078,2.8829,5.3354,,11.0139
2020-09-18,10933.39,384.39,27.629,0.25065,0.09093,0.0027892,3.1144,5.2616,,10.094
2020-09-19,11080.65,385.25,27.2035,0.25112,0.09141,0.0027901,3.031,4.924,,10.1209
2020-09-20,10920.28,371.04,26.316,0.24652,0.08936,0.0027729,2.8628,4.6518,,9.7357
2020-09-21,10417.22,340.36,23.1232,0.23102,0.07983,0.0025972,2.7672,4.0691,,8.7114
2020-09-22,10529.61,344.21,24.0468,0.23302,0.08146,0.0026432,2.9082,4.1625,5.3193,8.7401
2020-09-23,10241.46,320.72,22.8331,0.22164,0.07663,0.0025444,2.8548,4.0077,3.535,7.6364
2020-09-24,10736.32,348.97,24.5745,0.23276,0.08254,0.0026297,3.1433,4.3782,4.6411,9.87
2020-09-25,10686.67,351.92,24.6924,0.24154,0.09693,0.0027015,3.1937,4.4139,4.7134,10.7279
2020-09-26,10728.6,353.92,26.1998,0.24153,0.09547,0.0026972,3.1287,4.3308,4.52,10.3169
2020-09-27,10774.25,357.49,26.251,0.24334,0.1013,0.0026954,3.1578,4.2962,4.6484,10.7939
2020-09-28,10696.12,353.96,26.9855,0.24107,0.1003,0.0026504,2.9599,4.4501,4.2021,10.283
2020-09-29,10840.48,359.79,28.8946,0.24285,0.1011,0.0026727,2.9505,4.4969,4.1394,10.135
2020-09-30,10776.59,359.83,29.2656,0.24171,0.10136,0.002635,2.8967,4.3458,4.3293,9.8694
2020-10-01,10619.13,352.85,27.4673,0.23819,0.09804,0.0026246,2.8669,4.3468,4.15,9.6394
2020-10-02,10570.4,345.6,27.3369,0.23386,0.09286,0.0025902,2.6232,4.1282,3.9115,9.2167
2020-10-03,10542.06,345.95,28.1867,0.23273,0.09328,0.0025955,2.5439,4.0607,4.0168,9.269
2020-10-04,10666.63,352.37,28.9668,0.24794,0.09686,0.002633,2.5202,4.177,3.964,9.3922
2020-10-05,10792.21,353.62,28.6158,0.2503,0.09738,0.0026182,2.6522,4.1621,3.9813,9.6176
2020-10-06,10599.66,340.75,27.6812,0.24545,0.09289,0.002597,2.174,3.7465,3.5424,8.7689
2020-10-07,10666.39,341.58,27.6898,0.2487,0.09374,0.0025895,2.3005,3.8517,3.442,8.9799
2020-10-08,10925.57,350.95,27.7424,0.25141,0.09632,0.0026098,2.3638,4.1163,3.9147,9.5594
2020-10-09,11050.64,365.02,28.4076,0.25293,0.10129,0.0026556,2.5314,4.2541,4.2491,10.3959
2020-10-10,11293.22,370.52,28.4414,0.25402,0.10493,0.0026621,2.3999,4.2606,4.023,10.5198
2020-10-11,11369.02,374.16,28.5271,0.25544,0.10648,0.0026701,2.4227,4.245,4.096,10.8515
2020-10-12,11528.25,386.51,30.6503,0.25603,0.10945,0.002667,2.5836,4.3075,4.41,11.4259
2020-10-13,11420.56,381.04,30.7256,0.2565,0.10925,0.0026385,2.4062,4.2473,4.4806,11.0016
2020-10-14,11417.89,378.69,30.838,0.24906,0.10703,0.002639,2.3107,4.1829,4.1596,10.8896
2020-10-15,11505.12,377.64,31.3256,0.24596,0.10666,0.0025953,2.2682,4.099,4.1269,10.7483
2020-10-16,11319.32,365.5,30.0516,0.24011,0.10414,0.002604,2.1398,3.9106,4.0433,10.5877
2020-10-17,11360.2,368.32,30.2414,0.24057,0.10598,0.0025834,2.2053,3.9663,4.1946,10.6267
2020-10-18,11503.14,378.11,30.6593,0.24221,0.10735,0.0025874,2.215,4.1068,4.1195,10.9409
2020-10-19,11751.47,379.3,29.9107,0.24558,0.10859,0.0025921,2.0592,3.986,4.05,10.9147
2020-10-20,11909.99,368.52,28.8227,0.24322,0.10238,0.0025944,1.885,3.9034,3.804,9.8589
2020-10-21,12780.96,390.38,29.7329,0.25088,0.10589,0.002623,1.8887,4.1352,3.9585,10.7863
2020-10-22,12968.52,413.98,30.6396,0.25709,0.11077,0.002646,1.9582,4.2683,4.3385,11.9539
2020-10-23,12923.07,409.11,30.6377,0.25471,0.10805,0.0026423,1.959,4.2633,4.2568,12.1586
2020-10-24,13111.73,412.14,30.6639,0.2562,0.10797,0.0026365,1.9142,4.3536,4.1821,12.7001
2020-10-25,13028.83,405.86,30.128,0.25313,0.10639,0.0026528,1.7926,4.331,4.1479,12.1481
2020-10-26,13052.19,392.52,31.0467,0.2481,0.10306,0.002665,1.6799,4.7031,4.148,11.7096
2020-10-27,13636.17,403.45,31.4826,0.25273,0.10256,0.0026702,1.711,4.6721,4.1217,11.9224
2020-10-28,13266.4,388.23,30.3338,0.2454,0.09869,0.0025801,1.518,4.357,4.0596,11.4403
2020-10-29,13455.7,387.13,29.8702,0.24239,0.09531,0.0025733,1.4327,4.0605,3.7758,11.2772
2020-10-30,13560.1,382.49,28.4909,0.23905,0.0933,0.0025833,1.4381,4.0845,3.7224,11.09
2020-10-31,13791.0,386.46,28.5058,0.23968,0.093,0.0025666,1.5497,4.1854,3.6456,11.2277
2020-11-01,13761.5,396.67,28.5318,0.23999,0.09827,0.0025745,1.608,4.2211,3.6814,11.5722
2020-11-02,13549.37,383.02,27.7983,0.23523,0.09221,0.0025162,1.4738,4.0316,3.617,10.7814
2020-11-03,14023.53,387.88,26.8638,0.2396,0.09357,0.0025141,1.4118,4.0362,3.323,10.3911
2020-11-04,14144.01,402.49,26.96,0.23758,0.0955,0.002546,1.3912,4.0969,3.1718,10.4713
2020-11-05,15590.02,416.69,27.6875,0.24561,0.09752,0.0026347,1.4007,4.2229,3.3348,10.9794
2020-11-06,15579.92,455.91,29.0435,0.25863,0.1091,0.002757,1.9,4.5826,3.5913,12.1687
2020-11-07,14818.3,435.21,27.7651,0.2491,0.10128,0.00267,2.0215,4.2341,3.4126,11.7638
2020-11-08,15475.1,454.3,28.4101,0.25374,0.10655,0.002707,2.1558,4.3736,3.4754,12.71
2020-11-09,15328.41,444.32,28.0941,0.25059,0.10561,0.002672,2.0299,4.3463,3.4125,12.5107
2020-11-10,15297.21,450.34,28.2188,0.2538,0.1059,0.002761,2.2661,4.4231,3.5713,13.0017
2020-11-11,15684.24,463.09,28.016,0.25581,0.10599,0.002758,2.0,4.4461,3.4842,12.753
2020-11-12,16291.86,462.39,27.6874,0.2549,0.1046,0.0027788,1.9089,4.4042,3.4243,12.4038
2020-11-13,16320.7,476.43,28.1974,0.2659,0.10629,0.0028114,2.0141,4.5425,3.6745,12.8687
2020-11-14,16070.45,460.89,27.9311,0.26824,0.10411,0.0027689,1.9182,4.4637,3.4894,12.5574
2020-11-15,15957.0,448.08,27.6786,0.26954,0.10046,0.0027718,2.0407,4.3664,3.5453,12.1192
2020-11-16,16713.57,460.55,27.9451,0.28813,0.10387,0.00289,2.2626,4.4983,3.7,12.6223
2020-11-17,17659.38,482.15,28.5552,0.30247,0.10947,0.0029398,2.1998,4.8569,3.8355,13.3944
2020-11-18,17776.12,478.41,28.0931,0.29335,0.10658,0.0029085,2.1153,4.6797,3.7445,13.5598
2020-11-19,17802.82,471.25,28.1387,0.30358,0.1059,0.0029068,2.085,4.7567,3.6399,13.6187
2020-11-20,18655.67,510.12,28.9715,0.32991,0.11828,0.002987,2.1033,5.23,3.715,14.0933
2020-11-21,18703.8,552.35,30.5161,0.46283,0.13334,0.0035132,2.3822,5.7824,4.0281,15.4511
2020-11-22,18414.43,560.03,30.0226,0.44611,0.14599,0.0033415,2.1514,5.524,3.8892,14.5098
2020-11-23,18368.0,608.58,30.995,0.61579,0.15445,0.0036845,2.2786,5.9093,4.0747,15.2746
2020-11-24,19160.01,604.97,33.9407,0.694,0.16721,0.0042592,2.2823,5.7334,4.26,15.6703
2020-11-25,18719.11,569.5,31.2953,0.63022,0.15473,0.0037081,2.2661,5.3018,4.0453,14.2016
2020-11-26,17149.47,519.83,28.2356,0.53654,0.13843,0.0032492,1.9111,4.809,3.5447,12.603
2020-11-27,17139.52,518.68,28.4606,0.5623,0.14178,0.0032752,1.861,4.8151,3.5942,12.4989
2020-11-28,17719.85,537.52,29.1766,0.62579,0.16489,0.0033945,1.8868,4.8939,3.6271,13.0853
2020-11-29,18184.99,576.3,30.1045,0.60543,0.16663,0.0034365,1.9153,5.192,3.7013,13.38
2020-11-30,19695.87,616.66,31.4935,0.66417,0.17204,0.003561,1.9665,5.3767,3.7024,14.2677
2020-12-01,18764.96,585.26,30.1996,0.61088,0.15562,0.0033211,1.9738,5.0806,3.5543,13.3461
2020-12-02,19204.09,596.89,30.2875,0.62972,0.15845,0.0033624,2.1209,5.4645,3.74,13.9799
2020-12-03,19421.9,615.85,30.7065,0.63046,0.16398,0.003429,2.0967,5.3997,3.8123,13.9749
2020-12-04,18650.52,567.24,29.0231,0.55367,0.14781,0.003283,1.8535,5.0,3.5348,12.68
2020-12-05,19147.66,596.8,29.728,0.58517,0.15993,0.0033917,1.9795,5.1806,3.6382,13.1748
2020-12-06,19359.4,601.54,29.5026,0.62107,0.15873,0.0033857,1.8505,5.1268,3.6055,13.5057
2020-12-07,19166.9,591.28,29.37,0.60818,0.15401,0.003336,1.8272,5.0569,3.3895,13.0704
2020-12-08,18324.11,554.94,27.6705,0.5589,0.1412,0.0031723,1.6631,4.7399,3.1172,12.1356
2020-12-09,18541.28,573.09,28.1452,0.58265,0.14796,0.0031562,1.6592,4.8728,3.2652,12.6212
2020-12-10,18254.63,558.99,27.6926,0.57267,0.14188,0.0031043,1.5683,4.8003,3.1499,11.9172
2020-12-11,18036.53,544.43,27.3419,0.54945,0.13926,0.0030732,1.4389,4.612,3.2375,11.6335
2020-12-12,18808.69,568.04,28.1603,0.50658,0.14438,0.0031609,1.4912,4.7385,3.3332,12.2259
2020-12-13,19174.99,590.7,29.1571,0.51365,0.15406,0.00326,1.5701,4.8957,3.3405,12.9392
2020-12-14,19273.14,586.29,30.0338,0.4974,0.15877,0.003226,1.5946,4.8969,3.1433,12.8502
2020-12-15,19426.43,588.64,29.5053,0.46793,0.15381,0.0032078,1.7586,5.2391,3.3014,12.6818
2020-12-16,21335.52,637.18,30.5577,0.56941,0.16814,0.0034183,1.7829,5.3647,3.3409,13.4852
2020-12-17,22797.16,642.7,30.2255,0.5769,0.16336,0.003722,1.68,5.3455,3.2079,13.444
2020-12-18,23107.39,653.85,30.9882,0.58337,0.16502,0.0038675,1.7014,5.3549,3.4081,13.5001
2020-12-19,23821.61,658.03,33.3167,0.57666,0.16433,0.0039291,1.6707,5.3358,3.4651,13.4747
2020-12-20,23455.52,638.18,34.3148,0.55586,0.16201,0.0046381,1.5635,5.1868,3.304,13.0604
2020-12-21,22719.71,607.58,32.05,0.51445,0.15278,0.0047784,1.5331,4.8702,3.0892,12.3049
2020-12-22,23810.79,636.45,33.5151,0.44642,0.15646,0.0045159,1.49,5.155,3.0761,12.7842
2020-12-23,23232.76,585.56,31.1843,0.2605,0.13635,0.0037449,1.198,4.7149,2.9465,10.9736
2020-12-24,23729.2,612.31,32.4895,0.33863,0.15304,0.0045731,1.3612,5.1116,3.1006,11.5724
2020-12-25,24712.47,626.82,33.1996,0.31768,0.15761,0.0045549,1.4464,5.2099,2.9517,11.5543
2020-12-26,26493.39,637.44,33.6361,0.29481,0.15839,0.0045131,1.3258,5.1924,2.9178,10.9809
2020-12-27,26281.66,685.11,33.674,0.28407,0.15467,0.004547,1.3037,5.1455,2.9026,12.1541
2020-12-28,27079.41,730.41,35.951,0.24845,0.17627,0.0046015,1.5172,6.5982,2.9577,12.6081
2020-12-29,27385.0,732.0,39.0667,0.22142,0.19067,0.0045012,1.6704,7.5402,2.9248,11.7786
2020-12-30,28875.54,752.17,38.1558,0.21138,0.18389,0.0046251,1.535,7.2282,2.9162,11.2435
2020-12-31,28923.63,736.42,37.3588,0.21959,0.18134,0.0046709,1.5073,9.2619,3.1859,11.2364
2021-01-01,29331.69,728.91,37.7762,0.23746,0.17509,0.00568,1.8421,8.2776,3.6497,11.8477
2021-01-02,32178.33,774.56,38.2331,0.22064,0.17742,0.0105264,1.7999,9.2037,3.4956,12.2215
2021-01-03,33000.05,978.28,41.2575,0.2254,0.20615,0.0098209,2.1779,10.1307,3.4691,13.6814
2021-01-04,31988.71,1041.43,41.1333,0.23565,0.22528,0.0097613,2.4909,9.5126,3.5999,13.5935
2021-01-05,33949.53,1099.56,41.8219,0.22573,0.25873,0.00997,2.1636,9.7084,4.2501,14.5162
2021-01-06,36769.36,1208.42,42.2417,0.24854,0.33309,0.01042,1.9414,10.0679,4.5788,17.2322
2021-01-07,39432.28,1224.87,43.5728,0.32389,0.29928,0.0097439,2.3635,9.6439,4.4707,15.9628
2021-01-08,40582.81,1216.93,42.356,0.32032,0.30389,0.00974,3.2214,9.2998,5.7,15.2381
2021-01-09,40088.22,1276.0,43.8479,0.32419,0.33062,0.0101789,3.3829,9.7354,7.1877,17.5501
2021-01-10,38150.02,1254.25,42.4031,0.31491,0.30153,0.00982,3.449,9.2911,6.5416,16.206
2021-01-11,35404.47,1087.01,38.1674,0.28743,0.2757,0.0088326,3.1016,8.2691,6.4713,14.6393
2021-01-12,34051.24,1050.16,38.2541,0.29254,0.28888,0.0080807,3.6354,8.3078,7.72,13.9655
2021-01-13,37371.38,1129.89,40.1114,0.30582,0.3123,0.0086738,3.5242,10.9486,8.4695,15.9356
2021-01-14,39144.5,1231.62,41.8723,0.29642,0.31201,0.0093907,3.2921,14.4867,9.3177,17.9804
2021-01-15,36742.22,1168.53,40.8668,0.27991,0.30188,0.0093525,3.2475,13.1679,9.3794,20.7375
2021-01-16,35994.98,1227.83,43.142,0.27924,0.35071,0.0092374,3.4247,17.9893,12.8421,20.1054
2021-01-17,35828.61,1232.45,45.8675,0.27746,0.38081,0.0090987,3.8268,17.0832,13.1746,23.2819
2021-01-18,36631.27,1258.45,45.3412,0.28528,0.37123,0.0091782,3.7868,16.5898,12.7035,22.0336
2021-01-19,35891.49,1365.36,42.5241,0.29396,0.3672,0.0090428,3.6287,16.3933,11.7367,20.5557
2021-01-20,35468.23,1376.99,42.6069,0.29539,0.37532,0.0090487,3.7166,17.9808,12.3768,21.8482
2021-01-21,30850.13,1110.96,38.6343,0.26802,0.30785,0.0081581,2.9899,15.9818,11.3225,18.4119
2021-01-22,32945.17,1232.62,40.8936,0.27217,0.34867,0.0085075,3.3352,17.1207,12.7097,21.5519
2021-01-23,32078.0,1233.6,40.9109,0.27167,0.34583,0.0085779,3.5079,18.7446,12.8669,24.8046
2021-01-24,32259.9,1392.51,41.8263,0.27339,0.35345,0.0087135,3.6278,17.9745,12.4801,24.7935
2021-01-25,32254.2,1317.88,41.8347,0.26757,0.34308,0.0083509,3.7038,17.207,12.1816,23.3418
2021-01-26,32467.77,1365.97,41.8396,0.26834,0.3433,0.0082472,4.041,17.1013,12.2088,23.0981
2021-01-27,30366.15,1239.03,40.8826,0.25039,0.31144,0.0074124,3.675,15.43,11.158,20.9586
2021-01-28,33364.86,1329.69,42.5254,0.26407,0.34409,0.0364995,3.81,16.8643,11.9615,23.0145
2021-01-29,34252.2,1379.5,42.8618,0.2829,0.34752,0.0459059,3.8293,16.7968,11.6158,22.748
2021-01-30,34262.88,1378.05,44.7849,0.44372,0.364,0.02826,4.228,16.5349,12.0433,23.6399
2021-01-31,33092.98,1312.55,44.3292,0.49507,0.34475,0.037,4.2525,16.1128,13.4704,22.5613
2021-02-01,33526.37,1374.17,51.4781,0.37106,0.40876,0.0348173,4.6148,16.4385,13.2153,22.8757
2021-02-02,35466.24,1511.87,51.0071,0.37254,0.42498,0.0313489,5.2331,17.1765,13.4703,23.6582
2021-02-03,37618.87,1664.49,52.12,0.39721,0.44189,0.0372597,5.7311,20.8538,14.84,25.087
2021-02-04,36936.66,1595.67,55.9599,0.44545,0.43934,0.0529081,6.4085,19.6677,15.2697,24.492
2021-02-05,38290.24,1719.19,67.7005,0.45219,0.53917,0.0467193,6.7005,20.84,17.8973,26.3034
2021-02-06,39186.94,1676.35,72.8356,0.44307,0.63444,0.0576559,6.1225,20.3734,18.1216,25.0231
2021-02-07,38795.69,1611.62,68.3542,0.41849,0.66109,0.0779247,6.6976,19.7345,23.705,24.7254
2021-02-08,46374.87,1750.15,79.8374,0.45099,0.67638,0.0787,7.855,22.9853,30.056,25.4115
2021-02-09,46420.42,1769.13,107.3469,0.47636,0.70562,0.0700121,7.8005,23.0846,31.9194,27.6034
2021-02-10,44807.58,1740.78,128.9711,0.50429,0.93966,0.0725527,9.09,23.5821,54.6861,26.8121
2021-02-11,47969.51,1785.62,124.085,0.52806,0.92796,0.069583,9.2004,25.0224,46.9673,27.8475
2021-02-12,47287.6,1840.26,136.6139,0.609,0.92426,0.0697675,9.2,28.6555,48.2978,30.6265
2021-02-13,47153.69,1814.96,133.3496,0.63309,0.91299,0.0662405,8.7441,27.9364,44.0832,34.1941
2021-02-14,48577.79,1800.42,135.8623,0.59211,0.84364,0.0626783,8.7158,26.8724,39.1711,33.1565
2021-02-15,47911.1,1779.25,130.303,0.54976,0.86143,0.0565,8.8516,27.8021,38.309,32.5899
2021-02-16,49133.45,1781.99,130.183,0.51995,0.87,0.053476,8.3002,30.0832,36.5402,31.9632
2021-02-17,52119.71,1849.88,165.3233,0.53467,0.89206,0.0495187,8.2357,31.9862,37.3003,32.2324
2021-02-18,51552.6,1939.61,195.6,0.53204,0.91442,0.0587991,8.9771,31.11,40.9656,32.4801
2021-02-19,55906.0,1955.0,333.111,0.56465,0.92581,0.055033,11.4912,34.824,38.7274,34.6846
2021-02-20,55841.19,1913.0,253.0,0.51167,1.11568,0.0541708,9.9869,38.942,35.9985,33.9387
2021-02-21,57408.57,1933.53,295.2597,0.54468,1.09894,0.0560183,11.0753,39.5863,36.1855,34.0915
2021-02-22,54087.67,1777.58,267.5147,0.56646,1.09703,0.0535557,14.4191,37.6143,32.1502,31.4542
2021-02-23,48891.0,1577.89,231.3646,0.47579,0.96197,0.0476562,15.2244,34.5325,27.5924,25.9249
2021-02-24,49676.2,1623.39,254.5056,0.4686,1.04902,0.0567911,17.1691,33.6396,29.7396,28.0851
2021-02-25,47073.73,1481.75,234.9146,0.43601,1.07691,0.0499138,13.8442,31.2341,26.7,24.7144
2021-02-26,46276.87,1444.59,221.717,0.42788,1.24303,0.0504768,13.5962,31.4362,25.9695,25.1862
2021-02-27,46106.43,1458.13,225.3853,0.43589,1.31402,0.0500725,13.1916,33.4575,25.7616,26.1896
2021-02-28,45135.66,1419.18,210.2138,0.41565,1.31203,0.0481582,13.0887,33.8,23.9566,24.7016
2021-03-01,49587.03,1569.86,254.9637,0.44537,1.29627,0.0505933,14.9855,35.6273,27.5107,27.7116
2021-03-02,48440.65,1486.78,239.6841,0.4357,1.2228,0.050364,13.9438,36.1393,27.1101,28.4769
2021-03-03,50349.37,1567.69,240.5701,0.44846,1.21311,0.0504146,14.0742,37.0985,27.22,29.85
2021-03-04,48374.09,1539.23,229.6369,0.48096,1.11239,0.0499865,13.0508,35.2166,25.7781,27.6943
2021-03-05,48751.71,1528.31,225.4714,0.45457,1.15908,0.0495285,12.5382,33.6194,24.2414,27.8343
2021-03-06,48882.2,1650.35,226.3814,0.46285,1.129,0.0509588,13.0421,33.3596,24.911,28.1479
2021-03-07,50971.75,1726.16,240.11,0.46558,1.13042,0.0519871,13.8174,35.095,26.6863,28.5932
2021-03-08,52375.17,1833.18,240.5509,0.47412,1.11848,0.0629738,13.6028,34.9737,25.6179,31.8469
2021-03-09,54884.5,1870.51,293.2052,0.4849,1.1972,0.0579117,14.839,38.1882,34.314,31.4914
2021-03-10,55851.59,1795.12,278.4499,0.46155,1.13261,0.0558692,14.2048,37.5494,29.5858,29.9036
2021-03-11,57773.16,1825.78,290.0301,0.45187,1.1243,0.0559286,16.031,36.9026,30.8005,30.1166
2021-03-12,57221.72,1766.1,263.2201,0.43934,1.03207,0.0552731,14.5597,35.9551,27.9561,28.3553
2021-03-13,61188.39,1922.35,276.2822,0.45787,1.1,0.0627892,15.3033,37.1418,30.8799,29.7384
2021-03-14,58968.31,1848.1,263.238,0.43905,1.05243,0.058221,14.4605,36.4427,28.8423,28.5469
2021-03-15,55605.2,1793.48,254.5144,0.43574,1.03103,0.0569691,14.1577,34.2963,28.9472,27.5091
2021-03-16,56900.75,1805.12,258.5352,0.46024,1.24924,0.0586507,13.6392,35.3987,33.036,27.9099
2021-03-17,58912.97,1823.58,269.7896,0.4698,1.377,0.057892,14.2018,36.1036,32.6789,31.0579
2021-03-18,57648.16,1776.08,261.4816,0.46893,1.22925,0.0573485,14.204,35.3399,33.2132,29.3949
2021-03-19,58030.01,1809.1,262.935,0.46651,1.29474,0.0582472,14.1552,38.1735,37.3166,29.777
2021-03-20,58102.28,1806.1,264.3023,0.52613,1.20046,0.0588186,14.1894,37.2279,34.2022,29.6465
2021-03-21,57351.56,1782.98,264.6513,0.51651,1.18561,0.0574781,14.3372,36.6851,32.8117,29.2097
2021-03-22,54083.25,1680.97,254.7976,0.5441,1.1015,0.054888,14.7964,35.2338,29.17,27.2431
2021-03-23,54340.89,1668.08,255.4646,0.5498,1.11639,0.0533532,14.1552,34.2174,28.4704,26.7813
2021-03-24,52303.65,1581.84,248.5236,0.48021,1.06902,0.0514996,13.5973,30.2209,25.8387,24.8684
2021-03-25,51293.78,1585.74,233.9466,0.51058,1.0956,0.051266,12.9787,29.8059,25.825,25.535
2021-03-26,55025.59,1698.84,255.2105,0.56357,1.2142,0.053931,14.7664,33.1782,28.2527,27.3927
2021-03-27,55817.14,1712.63,269.2234,0.54752,1.17678,0.054436,16.4589,32.5884,27.6225,26.8766
2021-03-28,55777.63,1687.01,268.4263,0.54552,1.18983,0.0536656,18.0645,32.2331,28.7167,26.6588
2021-03-29,57635.47,1816.74,275.2991,0.56538,1.20239,0.054124,18.9504,34.3403,29.5,28.0357
2021-03-30,58746.57,1840.46,311.2962,0.5621,1.21189,0.0540003,19.0685,33.9778,29.6009,27.8301
2021-03-31,58740.55,1919.37,302.3724,0.56982,1.19191,0.0537699,19.3861,37.0765,28.7218,29.4167
2021-04-01,58720.44,1968.05,334.7991,0.57087,1.18377,0.062151,19.0443,37.461,28.2456,30.0684
2021-04-02,58950.01,2133.69,338.2932,0.60701,1.18998,0.0575849,19.7501,41.0271,29.0353,32.4864
2021-04-03,57051.94,2008.52,321.9497,0.57831,1.16238,0.0555113,22.5,41.3802,28.1787,29.293
2021-04-04,58202.01,2075.69,348.8617,0.635,1.18206,0.0573943,23.7755,44.3135,29.1573,30.7471
2021-04-05,59129.99,2107.38,368.0263,0.91584,1.2118,0.0599992,22.9717,45.8003,31.2559,32.3791
2021-04-06,57991.15,2112.21,403.3648,1.09663,1.252,0.0644047,25.0548,43.35,31.4635,34.725
2021-04-07,55953.45,1963.47,375.5538,0.91542,1.17359,0.0587769,26.5385,39.5013,29.5068,31.109
2021-04-08,58077.52,2080.46,418.7048,1.05599,1.21926,0.0617838,26.9384,41.334,30.751,32.7884
2021-04-09,58142.54,2066.87,453.9937,1.01721,1.20201,0.0615878,27.6172,40.8085,31.5178,31.5893
2021-04-10,59769.13,2133.49,471.2975,1.3728,1.21747,0.0637167,26.8021,41.5868,31.776,31.8944
2021-04-11,60002.43,2151.36,525.9275,1.35118,1.26355,0.07433,27.8517,41.3196,31.5976,33.8811
2021-04-12,59860.0,2137.69,596.7104,1.46843,1.31431,0.0707343,28.5424,40.46,33.8055,33.108
2021-04-13,63575.0,2299.19,551.6442,1.79611,1.41246,0.094402,27.4507,42.9301,33.6462,35.5217
2021-04-14,62959.53,2432.6,550.0182,1.83468,1.45092,0.1214329,26.4067,42.5171,38.3391,41.3641
2021-04-15,63159.98,2514.04,541.8824,1.75781,1.4782,0.1823599,27.7816,43.4318,37.0174,42.5601
2021-04-16,61334.8,2422.67,508.2743,1.54805,1.40989,0.3654434,25.2996,41.3898,35.45,41.9861
2021-04-17,60006.66,2317.6,514.6861,1.53896,1.36802,0.2822532,24.85,42.0577,33.9342,39.9137
2021-04-18,56150.01,2235.64,481.4367,1.40797,1.27693,0.3223299,32.3358,37.363,29.3348,39.0799
2021-04-19,55633.14,2161.12,504.0322,1.30945,1.1945,0.408903,31.4711,34.7373,26.1827,35.7359
2021-04-20,56425.0,2330.03,586.3635,1.38501,1.26689,0.3173205,31.7028,35.4133,27.4058,38.9954
2021-04-21,53787.63,2357.06,543.6327,1.29097,1.20358,0.3058251,32.5534,33.7953,25.8131,36.2274
2021-04-22,51690.96,2397.94,505.2411,1.15489,1.144,0.2606615,38.9,32.9571,23.9703,35.1306
2021-04-23,51125.14,2367.39,526.5357,1.17073,1.15866,0.2498155,37.3893,32.2323,23.5317,35.2121
2021-04-24,50047.84,2213.35,496.992,1.04833,1.10287,0.27,40.8401,28.9629,21.8523,31.2443
2021-04-25,49066.77,2320.49,505.0,1.0351,1.0913,0.25159,47.405,29.83,21.624,31.692
2021-04-26,54001.39,2532.6,535.33,1.3629,1.2375,0.27161,43.878,33.4,26.451,35.13
2021-04-27,55011.97,2666.13,568.78,1.4017,1.3063,0.27232,43.147,34.845,27.949,36.788
2021-04-28,54846.22,2748.24,562.78,1.3576,1.3379,0.32311,44.833,33.972,28.233,36.233
2021-04-29,53555.0,2757.04,599.7,1.3978,1.3063,0.30479,42.484,35.979,27.912,36.467
2021-04-30,57694.27,2772.42,622.65,1.5988,1.3532,0.33746,42.786,36.522,32.8,38.1
2021-05-01,57800.37,2944.77,620.0,1.651,1.3516,0.39087,49.67,36.908,31.805,41.257
2021-05-02,56578.21,2949.56,621.78,1.5605,1.3267,0.37397,46.897,36.626,31.28,39.461
2021-05-03,57169.39,3431.04,676.15,1.5546,1.3622,0.44142,45.912,37.25,35.871,42.052
2021-05-04,53200.01,3239.01,609.3,1.3877,1.2698,0.53854,42.636,34.777,30.287,45.527
2021-05-05,57436.11,3524.26,651.1,1.6133,1.4798,0.654,44.98,40.422,35.258,49.575
2021-05-06,56393.68,3489.73,633.99,1.6028,1.6491,0.58106,43.496,41.588,38.003,47.154
2021-05-07,57314.75,3479.53,624.3,1.5793,1.653,0.68982,43.182,39.864,37.875,49.129
2021-05-08,58862.05,3910.26,646.1,1.5611,1.6211,0.63708,45.612,39.899,38.399,48.597
2021-05-09,58240.84,3923.95,661.74,1.5345,1.7663,0.57063,44.33,40.3,38.969,52.269
2021-05-10,55816.14,3945.88,631.1,1.3906,1.6423,0.45074,42.854,36.488,34.652,46.334
2021-05-11,56670.02,4173.45,671.91,1.4786,1.7632,0.49326,44.538,38.637,36.8,48.826
2021-05-12,49631.32,3823.21,594.65,1.2691,1.5694,0.3916,43.709,35.128,32.8,41.622
2021-05-13,49670.97,3717.91,571.1,1.364,1.9296,0.48945,41.049,39.988,35.075,43.287
2021-05-14,49841.45,4075.01,602.61,1.4,2.0069,0.55971,42.7,47.979,36.999,46.567
2021-05-15,46762.99,3646.68,563.41,1.4904,2.1744,0.50855,43.486,43.643,34.439,41.492
2021-05-16,46431.5,3582.1,564.32,1.4496,2.3002,0.5137,46.85,42.436,36.6,40.67
2021-05-17,43538.04,3282.51,512.07,1.4946,2.0307,0.4875,46.708,38.693,33.67,37.177
2021-05-18,42849.78,3375.07,507.88,1.5889,2.0036,0.47574,55.977,40.595,36.875,42.566
2021-05-19,36690.09,2438.92,334.8,1.0568,1.4663,0.32945,34.988,25.044,23.052,26.227
2021-05-20,40526.64,2768.62,391.17,1.1795,1.8006,0.39758,44.42,28.958,25.086,30.606
2021-05-21,37252.01,2430.98,326.01,1.0062,1.5493,0.35778,38.925,24.399,21.827,25.546
2021-05-22,37449.73,2294.87,299.76,0.9052,1.4629,0.34199,31.222,22.057,18.797,23.296
2021-05-23,34655.25,2096.39,260.72,0.7898,1.3139,0.30633,24.536,17.912,15.606,19.844
2021-05-24,38796.29,2648.43,345.64,0.993,1.55,0.36589,31.416,23.261,19.395,26.412
2021-05-25,38324.72,2705.11,343.18,0.9746,1.5532,0.34598,29.973,22.16,19.446,27.503
2021-05-26,39241.91,2884.94,379.16,1.0316,1.7791,0.35284,35.43,24.528,20.797,34.018
2021-05-27,38529.98,2742.23,369.67,0.9747,1.6552,0.33403,33.747,23.982,19.118,31.732
2021-05-28,35663.49,2412.1,328.82,0.8985,1.5133,0.31123,28.989,21.35,16.727,27.878
2021-05-29,34605.15,2278.74,305.04,0.8318,1.4029,0.3028,27.388,19.868,16.168,25.365
2021-05-30,35641.27,2385.98,325.57,0.9058,1.5751,0.30179,28.588,20.465,16.518,26.818
2021-05-31,37253.81,2706.15,353.33,1.0409,1.7373,0.32557,32.75,23.264,18.14,32.098
2021-06-01,36693.09,2634.57,362.39,1.0108,1.7363,0.37006,30.938,22.84,17.748,30.719
2021-06-02,37568.68,2706.22,401.54,1.0241,1.7534,0.42338,33.994,25.916,18.687,30.67
2021-06-03,39246.79,2857.25,428.48,1.045,1.8453,0.40078,39.602,27.004,20.268,32.198
2021-06-04,36829.0,2689.51,390.7,0.9683,1.7077,0.37628,37.338,24.988,18.243,28.826
2021-06-05,35513.2,2627.73,390.08,0.923,1.6551,0.3713,39.633,23.771,17.23,27.129
2021-06-06,35796.31,2711.92,393.73,0.947,1.6771,0.37143,42.205,24.184,17.383,27.532
2021-06-07,33552.79,2592.05,357.96,0.8618,1.5659,0.33146,38.235,21.686,15.536,24.584
2021-06-08,33380.81,2507.23,352.5,0.8731,1.5819,0.32586,41.245,21.65,14.792,24.076
2021-06-09,37388.05,2610.18,375.54,0.9218,1.6279,0.34318,42.032,23.214,15.4,25.585
2021-06-10,36675.72,2471.09,351.94,0.8686,1.5328,0.32606,41.105,22.683,14.193,23.114
2021-06-11,37331.98,2354.01,345.75,0.8471,1.4371,0.3187,36.157,20.95,13.408,21.478
2021-06-12,35546.11,2370.74,343.7,0.8326,1.4789,0.31216,36.476,20.742,13.545,21.67
2021-06-13,39020.57,2509.33,365.8,0.8832,1.5566,0.32394,38.706,22.04,14.761,23.312
2021-06-14,40516.29,2580.77,370.19,0.8906,1.5769,0.32767,39.694,25.858,15.113,24.973
2021-06-15,40144.04,2543.54,366.48,0.8663,1.5552,0.32028,39.536,23.942,14.714,24.482
2021-06-16,38349.01,2367.89,347.22,0.832,1.4851,0.30775,39.728,23.033,14.078,23.044
2021-06-17,38092.97,2373.28,352.85,0.8419,1.4826,0.30619,39.265,22.533,14.844,23.396
2021-06-18,35819.84,2234.09,337.16,0.7972,1.4163,0.29328,36.82,21.432,13.64,21.233
2021-06-19,35483.72,2164.67,334.01,0.7582,1.3839,0.28567,35.19,20.222,13.383,20.246
2021-06-20,35600.16,2243.47,339.08,0.7741,1.4263,0.28054,35.257,20.617,13.917,21.646
2021-06-21,31608.93,1885.49,270.76,0.6067,1.174,0.17873,26.59,15.707,11.2,17.365
2021-06-22,32509.56,1879.28,262.1,0.5468,1.1567,0.19072,26.958,14.688,10.578,16.85
2021-06-23,33678.07,1968.14,296.25,0.6383,1.2512,0.23468,30.837,15.792,11.456,18.395
2021-06-24,34663.09,1989.52,308.62,0.6731,1.3604,0.26377,31.141,16.223,11.493,19.06
2021-06-25,31584.45,1808.82,280.81,0.6111,1.2521,0.23745,28.641,14.422,10.235,16.87
2021-06-26,32283.65,1829.64,279.65,0.6162,1.2521,0.24583,29.698,14.511,10.318,16.952
2021-06-27,34700.34,1982.28,290.87,0.6484,1.338,0.2645,31.897,15.01,10.941,18.406
2021-06-28,34494.89,2084.41,290.0,0.6444,1.326,0.25707,33.001,15.794,11.322,18.83
2021-06-29,35911.73,2165.33,300.79,0.7063,1.373,0.26349,33.97,16.3,11.92,19.535
2021-06-30,35045.0,2275.68,303.71,0.7063,1.3853,0.25391,35.51,16.402,11.949,19.516
2021-07-01,33504.69,2106.41,287.43,0.6591,1.3313,0.24381,33.271,15.174,11.181,18.186
2021-07-02,33786.55,2154.13,287.17,0.6556,1.3946,0.24505,34.0,15.289,11.112,18.274
2021-07-03,34669.13,2226.99,298.13,0.6732,1.4045,0.24636,34.498,15.52,11.509,18.543
2021-07-04,35286.51,2322.69,307.62,0.696,1.4615,0.24643,34.28,15.975,12.345,19.242
2021-07-05,33690.14,2196.53,302.02,0.6526,1.4039,0.2311,32.908,15.228,12.042,18.362
2021-07-06,34220.01,2322.5,319.92,0.6648,1.4157,0.23417,34.226,16.135,13.384,20.073
2021-07-07,33862.12,2316.57,327.51,0.6522,1.404,0.22386,36.673,16.861,13.105,19.788
2021-07-08,32875.71,2116.33,310.14,0.6215,1.327,0.2069,33.142,15.317,12.098,18.353
2021-07-09,33815.81,2146.99,317.09,0.6369,1.3504,0.21963,33.315,15.681,12.552,18.656
2021-07-10,33502.87,2110.69,316.12,0.6246,1.3356,0.21375,31.693,15.276,12.015,18.204
2021-07-11,34258.99,2140.45,322.16,0.6364,1.3485,0.21597,32.182,15.495,12.433,18.383
2021-07-12,33086.63,2031.58,316.12,0.6288,1.3126,0.20775,30.77,14.845,12.157,17.518
2021-07-13,32729.77,1940.15,308.94,0.6192,1.265,0.19997,29.136,14.19,11.91,16.87
2021-07-14,32820.02,1994.58,309.4,0.6197,1.2635,0.19761,31.365,13.801,11.793,16.936
2021-07-15,31880.0,1919.51,316.11,0.5979,1.2258,0.18534,28.545,13.095,11.391,15.764
2021-07-16,31383.87,1876.26,302.88,0.5893,1.1708,0.17202,26.271,12.026,10.814,15.234
2021-07-17,31520.07,1899.59,300.52,0.5821,1.1721,0.18734,26.802,12.294,10.958,15.352
2021-07-18,31778.56,1891.64,302.1,0.5866,1.1813,0.18157,26.673,12.647,10.69,15.47
2021-07-19,30839.65,1818.73,280.54,0.557,1.1225,0.17362,24.509,11.46,10.183,14.528
2021-07-20,29790.35,1786.03,264.44,0.5284,1.0539,0.17047,23.474,10.958,9.639,13.742
2021-07-21,32144.51,1995.5,293.26,0.5719,1.1711,0.19046,26.7,12.343,10.425,15.297
2021-07-22,32287.83,2024.56,293.36,0.592,1.1856,0.19123,27.699,13.152,10.833,16.071
2021-07-23,33634.09,2124.25,299.27,0.6091,1.2077,0.19489,28.516,13.401,11.086,16.502
2021-07-24,34258.14,2184.75,301.56,0.6085,1.2327,0.19688,28.616,13.754,11.142,16.683
2021-07-25,35381.02,2189.79,302.56,0.6069,1.2284,0.19793,28.248,13.734,11.247,16.746
2021-07-26,37237.6,2228.08,304.0,0.6234,1.2551,0.20362,28.184,13.925,11.46,18.028
2021-07-27,39457.87,2299.49,313.48,0.6451,1.2799,0.20585,28.103,14.365,11.917,19.489
2021-07-28,40019.56,2300.9,313.8,0.7327,1.2875,0.20574,27.875,14.546,12.32,19.109
2021-07-29,40016.48,2382.92,317.03,0.7488,1.2856,0.20502,31.235,15.254,12.433,19.37
2021-07-30,42206.37,2461.81,322.58,0.7521,1.3108,0.20873,32.354,15.793,12.978,22.269
2021-07-31,41461.83,2531.05,332.38,0.746,1.3193,0.20765,36.744,16.784,13.525,22.713
2021-08-01,39845.44,2555.69,332.59,0.7242,1.3142,0.20424,34.165,18.418,12.853,22.062
2021-08-02,39147.82,2606.93,330.55,0.738,1.3083,0.20327,33.167,17.984,12.993,23.472
2021-08-03,38207.05,2509.04,323.43,0.7136,1.3696,0.19626,34.105,17.425,12.557,23.942
2021-08-04,39723.18,2724.78,334.77,0.731,1.3765,0.20153,35.76,19.15,13.696,24.193
2021-08-05,40862.46,2826.99,337.91,0.7327,1.3859,0.20095,37.353,19.124,13.834,24.057
2021-08-06,42836.87,2891.58,342.39,0.7474,1.4025,0.20482,39.525,20.416,14.77,23.89
2021-08-07,44572.54,3160.31,356.18,0.8162,1.4727,0.26189,39.469,20.963,15.834,24.694
2021-08-08,43794.37,3011.85,341.79,0.7788,1.4255,0.23996,37.65,19.65,14.826,23.029
2021-08-09,46253.4,3160.52,354.32,0.817,1.4745,0.25609,38.646,20.566,16.169,24.197
2021-08-10,45584.99,3141.66,371.92,0.8511,1.678,0.25732,40.64,20.616,16.42,24.537
2021-08-11,45511.0,3160.5,390.96,1.0105,1.7934,0.26445,41.621,21.347,16.688,25.906
2021-08-12,44399.0,3045.96,385.66,0.966,1.8324,0.26401,41.102,20.755,16.575,24.944
2021-08-13,47800.0,3322.32,410.76,1.0901,2.1386,0.28667,44.83,22.723,18.031,27.748
2021-08-14,47068.51,3263.16,408.67,1.2791,2.1878,0.29402,44.14,22.835,18.093,27.144
2021-08-15,46973.82,3307.09,414.05,1.2839,2.1667,0.33984,53.531,23.15,18.762,27.901
2021-08-16,45901.29,3146.53,415.72,1.1855,2.0714,0.31956,62.016,24.432,19.071,27.944
2021-08-17,44695.95,3011.72,401.8,1.0978,1.9239,0.29933,64.123,23.545,23.446,26.146
2021-08-18,44705.29,3014.55,396.15,1.1431,2.1043,0.3032,72.663,23.868,29.993,25.341
2021-08-19,46760.62,3184.12,431.27,1.2347,2.4411,0.31778,72.764,26.582,30.653,27.096
2021-08-20,49322.47,3284.82,454.93,1.2629,2.4557,0.32733,78.643,28.149,39.155,28.678
2021-08-21,48821.87,3223.43,448.74,1.2158,2.4341,0.31662,73.801,27.863,43.676,27.844
2021-08-22,49239.22,3238.0,448.68,1.226,2.7049,0.31467,72.775,27.685,43.663,27.982
2021-08-23,49488.85,3321.28,499.06,1.2457,2.9152,0.31783,75.623,27.877,46.451,28.552
2021-08-24,47674.01,3170.62,471.62,1.1353,2.7187,0.28864,70.527,25.067,55.474,25.728
2021-08-25,48973.32,3226.87,503.19,1.1735,2.739,0.29255,71.973,25.982,46.208,26.612
2021-08-26,46843.87,3093.2,478.1,1.0712,2.528,0.2684,74.92,23.92,41.32,24.39
2021-08-27,49069.9,3273.45,494.5,1.1918,2.946,0.2944,87.98,26.53,50.14,26.04
2021-08-28,48895.35,3244.48,486.2,1.1459,2.847,0.286,96.22,25.96,50.2,25.73
2021-08-29,48767.83,3223.47,479.7,1.1408,2.851,0.2809,94.23,25.7,47.39,25.76
2021-08-30,46982.91,3229.64,460.3,1.1002,2.734,0.272,110.25,26.03,41.44,25.04
2021-08-31,47100.89,3429.2,463.9,1.1856,2.767,0.2781,108.27,31.35,39.5,26.7
2021-09-01,48810.52,3826.82,489.4,1.2362,2.869,0.2943,110.71,33.18,42.47,29.72
2021-09-02,49246.64,3785.82,483.7,1.2533,2.96,0.2947,128.23,31.79,47.58,29.95
2021-09-03,49999.14,3938.11,488.5,1.2907,2.966,0.2961,146.4,33.57,45.89,30.75
2021-09-04,49915.64,3885.52,497.7,1.2548,2.83,0.2992,138.88,32.4,47.15,29.88
2021-09-05,51756.88,3950.29,504.8,1.3076,2.91,0.3143,142.0,34.42,48.15,33.55
2021-09-06,52663.9,3926.77,496.1,1.3894,2.833,0.309,164.22,34.35,47.1,34.81
2021-09-07,46863.73,3434.57,418.7,1.1292,2.514,0.2552,173.46,27.97,37.93,28.26
2021-09-08,46048.31,3499.0,415.0,1.0998,2.47,0.2567,191.02,27.76,37.0,27.16
2021-09-09,46395.14,3424.93,421.3,1.0868,2.518,0.2525,187.9,29.82,40.77,28.01
2021-09-10,44850.91,3208.86,401.4,1.0552,2.383,0.2397,179.6,29.19,49.3,26.39
2021-09-11,45173.69,3267.21,405.1,1.0787,2.638,0.241,179.04,31.57,57.02,26.99
2021-09-12,46025.24,3404.21,416.3,1.1181,2.581,0.2502,174.29,35.79,59.22,29.42
2021-09-13,44940.73,3285.35,399.1,1.0643,2.402,0.2358,169.53,34.84,53.15,26.96
2021-09-14,47111.52,3434.37,414.3,1.0963,2.396,0.2406,158.88,37.36,51.5,30.8
2021-09-15,48121.41,3613.55,431.3,1.1207,2.505,0.2476,158.79,36.47,57.84,30.67
2021-09-16,47737.82,3567.98,424.3,1.0902,2.417,0.2418,152.29,35.5,67.56,29.8
2021-09-17,47299.98,3399.81,406.6,1.0661,2.35,0.2401,147.58,33.03,70.11,27.72
2021-09-18,48292.74,3435.64,410.7,1.0751,2.371,0.2413,169.22,34.87,69.02,28.39
2021-09-19,47241.75,3328.62,408.6,1.0483,2.283,0.2331,152.76,33.85,70.07,27.36
2021-09-20,43015.62,2977.28,364.1,0.9216,2.079,0.2086,132.77,28.31,57.33,23.57
2021-09-21,40734.38,2765.9,344.4,0.8743,1.986,0.2009,124.29,26.39,58.98,21.42
2021-09-22,43543.61,3076.92,379.0,1.0033,2.257,0.2245,148.02,31.6,74.07,24.45
2021-09-23,44865.26,3152.5,383.5,1.0016,2.327,0.2246,149.91,33.41,76.44,25.41
2021-09-24,42810.57,2928.53,355.0,0.944,2.277,0.2091,139.13,30.79,72.31,23.26
2021-09-25,42670.64,2921.73,349.6,0.94,2.3,0.2083,136.06,29.82,68.28,24.51
2021-09-26,43160.9,3059.37,344.0,0.9436,2.207,0.205,135.64,28.84,66.77,24.6
2021-09-27,42147.35,2925.59,335.5,0.9218,2.13,0.1997,136.35,27.71,66.33,23.01
2021-09-28,41026.54,2804.91,333.0,0.8928,2.037,0.1965,132.2,26.31,61.51,22.1
2021-09-29,41524.28,2850.45,367.7,0.9268,2.066,0.1987,135.25,27.28,65.46,22.85
2021-09-30,43824.1,3000.61,387.5,0.9533,2.115,0.2042,141.37,28.62,66.63,24.0
2021-10-01,48141.61,3309.91,421.5,1.0422,2.256,0.2226,161.56,31.94,67.67,26.31
2021-10-02,47634.9,3387.76,427.1,1.0359,2.247,0.2185,168.98,32.01,69.08,26.89
2021-10-03,48200.01,3417.73,430.5,1.0552,2.251,0.2218,172.98,32.11,68.69,27.57
2021-10-04,49224.94,3386.31,426.3,1.0425,2.191,0.2414,167.13,31.15,65.29,26.6
2021-10-05,51471.99,3515.27,442.1,1.0839,2.233,0.2516,164.62,31.39,64.6,27.23
2021-10-06,55315.0,3574.89,434.9,1.0765,2.209,0.2541,153.87,32.19,60.01,26.8
2021-10-07,53785.22,3587.47,438.5,1.0678,2.278,0.2428,154.26,33.98,61.52,26.83
2021-10-08,53951.43,3563.13,419.2,1.0636,2.237,0.2441,158.86,33.35,60.51,26.39
2021-10-09,54949.72,3574.82,421.9,1.1604,2.268,0.2467,156.84,36.33,60.63,27.45
2021-10-10,54659.0,3414.22,404.1,1.1352,2.189,0.2288,147.55,34.43,56.51,25.56
2021-10-11,57471.35,3542.12,413.1,1.1364,2.171,0.2312,144.77,34.13,55.3,25.22
2021-10-12,55996.93,3491.46,444.2,1.1018,2.118,0.2261,152.32,35.17,54.34,24.65
2021-10-13,57367.0,3607.42,470.8,1.1275,2.19,0.2326,148.04,41.69,55.01,25.66
2021-10-14,57347.94,3790.82,472.7,1.1336,2.172,0.2325,150.02,40.71,56.18,26.72
2021-10-15,61672.42,3868.99,474.5,1.1413,2.218,0.234,163.18,43.28,56.36,27.01
2021-10-16,60875.57,3829.96,465.8,1.1343,2.179,0.2372,157.54,41.75,57.61,27.23
2021-10-17,61528.33,3846.85,470.9,1.0944,2.158,0.2378,160.12,42.12,56.1,26.54
2021-10-18,62009.84,3744.96,484.9,1.0827,2.128,0.2474,157.12,41.17,55.48,25.71
2021-10-19,64280.59,3877.03,488.1,1.0911,2.11,0.2454,155.78,41.34,56.8,25.91
2021-10-20,66001.41,4161.15,501.3,1.1455,2.19,0.2548,176.72,44.42,59.66,27.49
2021-10-21,62193.15,4052.99,470.9,1.0886,2.137,0.2424,190.5,42.84,61.48,28.26
2021-10-22,60688.22,3972.2,479.3,1.0885,2.156,0.2446,196.29,43.51,65.54,28.67
2021-10-23,61286.75,4167.12,485.5,1.0934,2.166,0.2511,197.75,43.95,65.38,31.36
2021-10-24,60852.22,4082.33,475.8,1.0821,2.12,0.2756,202.14,42.31,64.53,29.7
2021-10-25,63078.78,4220.37,485.1,1.0951,2.144,0.2651,209.7,44.55,69.73,32.38
2021-10-26,60328.81,4131.52,478.1,1.1075,2.137,0.2559,199.85,44.93,68.66,32.52
2021-10-27,58413.44,3922.0,448.7,0.995,1.912,0.2379,184.49,40.44,61.57,28.88
2021-10-28,60575.89,4286.02,491.9,1.0579,1.987,0.2997,195.42,41.82,64.34,30.19
2021-10-29,62253.71,4418.89,530.3,1.0825,2.015,0.2882,200.41,44.2,64.87,30.96
2021-10-30,61859.19,4322.68,528.3,1.0846,1.955,0.269,195.7,42.73,62.35,29.79
2021-10-31,61299.8,4287.21,524.6,1.1128,1.964,0.28,202.49,42.77,64.5,30.0
2021-11-01,60911.11,4319.43,551.3,1.0915,1.949,0.2716,203.9,49.98,64.93,31.66
2021-11-02,63219.99,4589.89,554.4,1.1349,1.971,0.2739,220.82,51.66,67.74,32.26
2021-11-03,62896.48,4603.35,568.4,1.2101,2.063,0.2689,243.37,53.34,75.55,31.96
2021-11-04,61395.01,4532.32,558.7,1.2004,1.983,0.263,247.07,53.82,78.97,31.0
2021-11-05,60937.12,4474.24,607.3,1.1581,1.982,0.2609,236.06,51.76,74.19,32.86
2021-11-06,61470.61,4518.0,637.7,1.151,2.005,0.2618,258.44,52.02,78.72,32.05
2021-11-07,63273.59,4612.59,649.6,1.2198,2.021,0.2664,249.68,52.22,87.57,32.34
2021-11-08,67525.83,4807.98,653.5,1.2815,2.125,0.2819,248.26,53.36,91.18,34.46
2021-11-09,66947.66,4732.33,635.0,1.2571,2.27,0.2736,239.04,50.78,88.33,33.82
2021-11-10,64882.43,4628.78,614.1,1.1902,2.097,0.2553,233.09,46.74,85.23,34.21
2021-11-11,64774.26,4719.0,628.4,1.2142,2.079,0.2605,233.37,47.44,87.88,34.69
2021-11-12,64122.23,4665.46,626.9,1.1883,2.045,0.2593,228.48,45.9,84.78,34.26
2021-11-13,64380.0,4644.28,649.5,1.1892,2.05,0.2613,241.59,47.07,97.54,34.0
2021-11-14,65519.1,4626.5,650.8,1.1879,2.04,0.2628,238.64,46.39,95.4,33.75
2021-11-15,63606.74,4563.78,633.8,1.172,2.017,0.2566,238.2,44.77,93.9,32.04
2021-11-16,60058.87,4209.76,588.7,1.0877,1.874,0.2365,219.04,40.84,97.84,29.16
2021-11-17,60344.87,4287.8,578.0,1.0953,1.876,0.2374,218.94,42.75,107.63,29.18
2021-11-18,56891.62,3996.9,531.8,1.0406,1.786,0.2208,195.01,39.03,100.63,26.55
2021-11-19,58052.24,4294.76,581.0,1.0892,1.863,0.2329,215.25,41.24,111.93,28.27
2021-11-20,59707.51,4412.17,604.3,1.0965,1.922,0.233,217.63,42.1,125.83,28.36
2021-11-21,58622.02,4258.31,584.0,1.0569,1.835,0.2255,230.51,41.94,128.47,28.98
2021-11-22,56247.18,4085.97,559.3,1.0354,1.776,0.2195,215.59,39.49,134.84,26.77
2021-11-23,57541.27,4339.44,591.1,1.0661,1.751,0.2266,221.75,40.78,123.83,26.94
2021-11-24,57138.29,4269.36,590.3,1.0326,1.666,0.217,205.7,38.28,115.24,25.58
2021-11-25,58960.36,4524.85,639.1,1.0438,1.675,0.2209,209.97,39.47,119.27,26.41
2021-11-26,53726.53,4041.2,587.3,0.9394,1.533,0.2016,192.42,34.56,104.27,23.96
2021-11-27,54721.03,4095.29,599.9,0.9452,1.543,0.2049,192.74,35.16,113.52,24.1
2021-11-28,57274.88,4294.78,611.3,0.9687,1.594,0.2073,200.69,35.76,110.42,24.76
2021-11-29,57776.25,4444.53,623.4,0.9898,1.601,0.215,204.09,37.1,120.39,24.99
2021-11-30,56950.56,4630.26,622.5,0.9983,1.554,0.2147,208.53,37.95,120.41,25.31
2021-12-01,57184.07,4582.95,627.5,0.9899,1.548,0.2093,229.81,36.76,119.65,25.32
2021-12-02,56480.34,4511.21,619.9,0.9716,1.719,0.2095,233.6,35.75,107.78,24.55
2021-12-03,53601.05,4215.73,595.0,0.9211,1.556,0.1999,211.65,33.7,108.32,23.31
2021-12-04,49152.47,4117.25,568.6,0.8449,1.42,0.1781,200.67,29.38,93.05,20.64
2021-12-05,49396.33,4196.44,557.8,0.8045,1.378,0.1712,196.43,28.31,86.35,19.48
2021-12-06,50441.92,4347.59,587.5,0.8255,1.42,0.1776,193.56,28.13,92.97,19.8
2021-12-07,50588.95,4306.4,578.7,0.8154,1.378,0.1762,190.19,30.5,89.57,21.09
2021-12-08,50471.19,4436.91,607.2,0.8622,1.396,0.179,194.61,29.84,93.19,22.91
2021-12-09,47545.59,4105.64,570.2,0.8583,1.289,0.1691,181.11,26.9,85.46,20.25
2021-12-10,47140.54,3897.94,552.4,0.7992,1.211,0.1641,167.39,26.44,80.61,18.56
2021-12-11,49389.99,4089.37,564.5,0.8392,1.354,0.1689,172.15,27.81,86.55,19.97
2021-12-12,50053.9,4130.0,570.3,0.8393,1.346,0.1697,172.8,29.54,88.0,20.41
2021-12-13,46702.75,3781.93,521.0,0.7818,1.223,0.1573,155.21,25.96,79.05,17.78
2021-12-14,48343.28,3858.99,528.1,0.8103,1.266,0.1909,161.26,26.15,87.17,18.44
2021-12-15,48864.98,4019.08,541.1,0.8262,1.311,0.1808,178.52,27.14,101.24,19.69
2021-12-16,47632.38,3958.11,526.2,0.8051,1.24,0.1732,176.86,26.02,98.21,18.76
2021-12-17,46131.2,3875.42,525.5,0.7966,1.218,0.1685,175.51,24.64,110.81,18.25
2021-12-18,46834.48,3959.93,533.9,0.8262,1.242,0.1723,182.78,25.49,115.9,19.54
2021-12-19,46681.23,3924.14,529.8,0.835,1.243,0.1694,179.93,24.78,107.61,18.86
2021-12-20,46914.16,3944.73,524.0,0.8798,1.237,0.1671,173.9,24.07,113.55,18.78
2021-12-21,48889.88,4014.15,528.3,0.9467,1.28,0.1707,179.63,25.16,123.24,19.42
2021-12-22,48588.16,3979.51,533.6,0.9537,1.327,0.173,178.4,27.22,116.69,19.93
2021-12-23,50838.81,4111.41,549.0,0.9941,1.475,0.185,190.03,29.16,121.4,22.17
2021-12-24,50820.0,4046.36,542.1,0.9115,1.392,0.1862,190.36,28.14,114.94,21.48
2021-12-25,50399.66,4094.83,547.4,0.9252,1.452,0.1908,193.1,28.84,115.01,22.1
2021-12-26,50775.49,4063.56,546.4,0.92,1.455,0.1898,197.81,31.32,115.02,22.98
2021-12-27,50701.44,4037.23,563.7,0.9269,1.516,0.1879,195.67,30.97,113.85,23.02
2021-12-28,47543.74,3792.75,534.2,0.8515,1.4,0.1739,177.32,27.83,107.06,20.37
2021-12-29,46464.66,3630.19,514.5,0.8171,1.332,0.168,170.63,26.82,103.1,19.74
2021-12-30,47120.87,3709.27,518.5,0.8386,1.359,0.1711,172.52,27.54,101.75,19.93
2021-12-31,46216.93,3676.23,511.4,0.8297,1.308,0.1703,169.99,26.66,109.43,19.51
2022-01-01,47722.65,3765.54,527.3,0.8507,1.38,0.1732,179.06,28.6,114.13,20.76
2022-01-02,47286.18,3828.27,531.0,0.8586,1.377,0.1745,176.35,29.69,113.03,21.87
2022-01-03,46446.1,3765.89,511.9,0.8324,1.319,0.1703,170.15,30.11,108.11,23.72
2022-01-04,45832.01,3785.11,506.9,0.8228,1.309,0.1684,167.72,28.69,103.33,23.42
2022-01-05,43451.13,3540.63,474.1,0.7726,1.23,0.159,154.52,26.72,97.42,25.24
2022-01-06,43082.31,3406.81,472.6,0.7791,1.28,0.1599,150.26,26.72,95.11,25.38
2022-01-07,41566.48,3199.24,448.1,0.7634,1.21,0.155,136.45,24.9,86.74,25.98
2022-01-08,41679.74,3080.95,429.9,0.7452,1.181,0.1509,142.14,23.99,83.9,25.32
2022-01-09,41864.62,3151.97,438.7,0.753,1.17,0.1505,140.82,24.63,89.33,27.54
2022-01-10,41822.49,3082.68,424.7,0.7399,1.123,0.1431,135.86,23.72,84.36,27.98
2022-01-11,42729.29,3239.72,463.6,0.7703,1.187,0.1538,140.2,25.56,89.59,26.59
2022-01-12,43902.66,3371.26,487.8,0.7987,1.312,0.1628,151.51,27.32,95.94,26.75
2022-01-13,42560.11,3240.61,475.2,0.768,1.233,0.1717,146.14,25.79,89.65,24.86
2022-01-14,43059.96,3307.42,490.0,0.7732,1.292,0.1832,146.17,27.75,90.39,25.72
2022-01-15,43084.29,3326.04,494.5,0.7791,1.291,0.1845,147.64,27.6,92.98,25.17
2022-01-16,43071.66,3346.88,498.6,0.7784,1.41,0.1766,147.98,27.7,92.24,25.5
2022-01-17,42201.62,3209.67,475.2,0.7617,1.603,0.1708,139.8,25.69,86.67,23.79
2022-01-18,42352.12,3159.85,471.4,0.7509,1.458,0.1651,141.22,25.15,86.0,22.96
2022-01-19,41660.01,3084.02,461.9,0.7381,1.337,0.1615,135.25,24.05,82.61,21.55
2022-01-20,40680.91,3001.48,440.2,0.7199,1.259,0.1553,127.54,23.01,79.33,20.17
2022-01-21,36445.31,2568.15,383.9,0.6368,1.12,0.1419,112.27,19.67,66.06,17.42
2022-01-22,35071.42,2412.18,358.3,0.5966,1.071,0.1332,94.54,18.27,59.78,15.85
2022-01-23,36244.55,2539.01,383.9,0.6283,1.124,0.1418,99.78,18.81,64.83,16.64
2022-01-24,36660.35,2439.29,371.3,0.6118,1.065,0.1373,91.93,18.02,63.06,15.58
2022-01-25,36958.32,2458.83,385.1,0.618,1.043,0.1427,94.67,18.31,68.01,15.49
2022-01-26,36809.34,2462.99,375.1,0.6193,1.077,0.1431,92.12,18.08,65.87,15.23
2022-01-27,37160.1,2424.25,389.9,0.6088,1.042,0.1414,89.51,18.12,64.7,15.22
2022-01-28,37716.56,2544.99,385.9,0.6111,1.048,0.1414,91.34,18.34,67.01,16.15
2022-01-29,38166.84,2601.43,389.3,0.6174,1.059,0.143,96.13,18.74,71.89,16.23
2022-01-30,37881.76,2601.68,377.2,0.6013,1.035,0.1391,93.29,18.15,67.96,17.77
2022-01-31,38466.9,2686.94,374.3,0.6174,1.051,0.1415,99.49,19.37,69.87,17.15
2022-02-01,38694.59,2787.23,384.2,0.6284,1.096,0.1423,110.02,19.57,73.33,16.98
2022-02-02,36896.36,2680.67,366.9,0.6006,1.027,0.137,101.88,18.76,67.79,15.78
2022-02-03,37311.61,2695.46,372.3,0.6102,1.061,0.1379,101.77,18.92,68.44,16.3
2022-02-04,41574.25,2994.99,399.5,0.6555,1.138,0.1478,112.62,20.48,77.77,17.5
2022-02-05,41382.59,3012.65,413.7,0.6656,1.125,0.1469,113.75,21.33,77.01,17.76
2022-02-06,42380.87,3054.99,419.9,0.6825,1.143,0.1539,115.28,21.91,78.93,18.07
2022-02-07,43839.99,3139.77,433.5,0.8314,1.199,0.1653,117.55,22.35,83.2,18.88
2022-02-08,44042.99,3116.69,407.8,0.8763,1.176,0.1581,113.45,21.66,86.34,18.38
2022-02-09,44372.72,3243.94,422.9,0.8697,1.195,0.1594,113.93,21.94,90.05,18.67
2022-02-10,43495.44,3072.49,414.7,0.8253,1.15,0.1514,106.17,20.51,91.16,17.5
2022-02-11,42373.73,2927.54,400.0,0.7591,1.079,0.1446,96.53,18.98,81.75,16.21
2022-02-12,42217.87,2918.88,403.6,0.8223,1.059,0.1444,95.96,18.82,81.31,15.95
2022-02-13,42053.66,2871.13,397.9,0.8057,1.042,0.148,92.85,18.73,77.91,15.6
2022-02-14,42535.94,2929.75,403.4,0.8012,1.049,0.1457,96.37,18.7,81.86,15.9
2022-02-15,44544.86,3183.52,432.4,0.8515,1.107,0.1517,105.52,20.16,92.97,17.34
2022-02-16,43873.56,3122.3,427.3,0.8366,1.082,0.1487,101.86,19.76,95.32,17.12
2022-02-17,40515.7,2891.87,402.4,0.769,1.02,0.1383,93.52,18.16,88.24,15.59
2022-02-18,39974.44,2779.48,399.2,0.784,0.995,0.1386,89.86,17.82,83.67,15.19
2022-02-19,40079.17,2763.63,399.8,0.8215,0.996,0.1409,91.27,17.84,85.01,15.51
2022-02-20,38386.89,2621.99,380.6,0.7769,0.931,0.1366,90.72,16.91,77.37,14.6
2022-02-21,37008.16,2568.02,356.6,0.7018,0.856,0.1282,82.96,16.18,70.04,13.51
2022-02-22,38230.33,2636.29,374.3,0.7209,0.888,0.1313,86.38,16.6,74.42,13.99
2022-02-23,37250.01,2579.71,365.6,0.6967,0.866,0.1273,84.59,15.97,73.47,13.35
2022-02-24,38327.21,2596.2,361.2,0.6963,0.853,0.1241,89.36,16.16,76.39,13.27
2022-02-25,39219.17,2768.49,375.0,0.7699,0.898,0.1276,92.71,17.25,80.98,14.36
2022-02-26,39116.72,2779.47,373.7,0.7508,0.887,0.1276,90.23,18.03,81.81,14.72
2022-02-27,37699.07,2616.79,360.1,0.7215,0.856,0.1229,85.63,17.5,75.07,13.64
2022-02-28,43160.0,2920.95,395.6,0.7809,0.962,0.1335,99.68,18.94,84.54,15.13
2022-03-01,44421.2,2976.33,408.7,0.7839,0.963,0.134,98.66,18.89,86.89,15.35
2022-03-02,43892.98,2947.3,409.3,0.7687,0.939,0.133,100.68,18.61,83.36,15.28
2022-03-03,42454.0,2833.99,402.6,0.7515,0.903,0.1297,95.62,18.02,78.5,14.89
2022-03-04,39148.66,2622.1,374.2,0.7127,0.844,0.1226,88.32,16.79,75.79,13.73
2022-03-05,39397.96,2665.15,384.7,0.754,0.864,0.125,89.63,17.33,76.68,14.03
2022-03-06,38420.81,2551.29,375.0,0.7251,0.823,0.1207,84.57,16.99,72.51,13.32
2022-03-07,37988.0,2491.12,380.6,0.7197,0.793,0.1167,81.66,16.41,71.69,12.68
2022-03-08,38730.63,2575.97,381.4,0.7207,0.802,0.117,82.32,16.97,73.0,13.08
2022-03-09,41941.71,2726.98,393.2,0.7658,0.849,0.1215,88.06,17.86,77.63,14.01
2022-03-10,39422.0,2606.7,372.0,0.7361,0.807,0.1169,82.87,16.96,73.93,13.17
2022-03-11,38729.57,2556.86,371.9,0.8029,0.788,0.1155,80.67,17.69,71.22,13.05
2022-03-12,38807.36,2568.8,372.4,0.7857,0.789,0.1147,81.38,18.14,70.94,13.15
2022-03-13,37777.34,2515.65,361.4,0.7602,0.786,0.1114,78.73,17.22,67.94,12.7
2022-03-14,39671.37,2589.41,373.4,0.7748,0.802,0.1139,81.22,17.7,68.97,13.41
2022-03-15,39280.33,2617.73,371.7,0.7657,0.8,0.1126,82.84,17.81,69.82,13.69
2022-03-16,41114.0,2773.81,385.4,0.7919,0.838,0.1171,87.77,19.05,74.08,14.66
2022-03-17,40917.9,2811.92,391.8,0.7935,0.835,0.1163,87.8,18.75,79.4,14.4
2022-03-18,41757.51,2938.92,397.2,0.7965,0.851,0.1191,89.8,18.95,85.71,15.01
2022-03-19,42201.13,2950.84,399.9,0.8194,0.903,0.1236,92.31,19.4,89.53,15.01
2022-03-20,41262.11,2861.38,390.8,0.8057,0.879,0.1191,88.62,18.65,84.84,14.54
2022-03-21,41002.25,2890.03,396.0,0.8373,0.917,0.1192,88.59,18.74,86.25,15.0
2022-03-22,42364.13,2969.64,404.3,0.8366,0.975,0.1224,90.43,20.21,83.98,15.43
2022-03-23,42882.76,3036.0,408.4,0.8376,1.108,0.1298,94.89,21.02,86.0,15.83
2022-03-24,43991.46,3110.76,414.2,0.8428,1.131,0.1368,102.32,21.26,87.56,16.17
2022-03-25,44313.16,3102.14,410.3,0.8239,1.096,0.1308,98.6,20.53,83.54,15.59
2022-03-26,44511.27,3145.0,415.8,0.8327,1.152,0.136,101.73,20.91,85.86,15.83
2022-03-27,46827.76,3295.65,430.5,0.858,1.184,0.1448,107.04,22.46,89.88,16.87
2022-03-28,47122.21,3332.92,430.2,0.8641,1.17,0.1425,105.75,21.99,89.58,16.5
2022-03-29,47434.8,3400.51,434.2,0.8577,1.191,0.1444,111.62,22.42,92.74,16.98
2022-03-30,47067.99,3385.79,442.1,0.8613,1.189,0.1432,120.82,22.45,95.58,17.22
2022-03-31,45510.34,3281.51,428.9,0.8148,1.141,0.1381,122.77,21.33,97.41,16.91
2022-04-01,46283.49,3455.21,447.7,0.8277,1.165,0.1413,134.52,22.07,96.83,17.34
2022-04-02,45811.0,3443.77,437.2,0.824,1.155,0.1387,132.49,22.61,96.25,17.4
2022-04-03,46407.35,3521.91,450.4,0.8432,1.186,0.1466,136.9,23.21,98.05,18.08
2022-04-04,46580.51,3519.5,447.6,0.826,1.212,0.1485,132.14,22.89,96.16,17.5
2022-04-05,45497.55,3406.99,444.7,0.8164,1.171,0.1727,126.87,21.78,91.06,16.74
2022-04-06,43170.47,3168.51,420.1,0.7595,1.052,0.1433,112.95,19.85,82.94,15.41
2022-04-07,43444.19,3227.19,436.0,0.7871,1.089,0.1459,118.48,20.4,87.55,15.75
2022-04-08,42252.01,3192.39,421.5,0.7549,1.024,0.1424,109.92,19.43,83.66,15.13
2022-04-09,42753.97,3258.57,426.6,0.7622,1.045,0.1442,112.96,19.75,84.55,15.43
2022-04-10,42158.85,3203.04,418.1,0.7543,1.027,0.1482,111.07,19.22,81.01,15.24
2022-04-11,39530.45,2979.74,394.6,0.6948,0.92,0.1341,99.67,17.2,74.35,13.76
2022-04-12,40074.94,3027.66,413.6,0.7152,0.955,0.138,103.22,17.77,76.31,13.98
2022-04-13,41147.79,3118.28,423.4,0.7232,0.974,0.1399,104.94,18.2,80.2,14.19
2022-04-14,39942.38,3021.98,414.7,0.7262,0.933,0.1441,100.77,17.91,76.81,13.65
2022-04-15,40551.9,3040.56,417.3,0.7858,0.956,0.1458,101.31,18.34,77.43,14.11
2022-04-16,40378.71,3059.3,417.3,0.7808,0.951,0.1435,102.06,18.61,77.74,14.14
2022-04-17,39678.12,2988.06,406.6,0.7519,0.914,0.1392,100.15,17.74,75.42,13.73
2022-04-18,40801.13,3055.56,416.8,0.7699,0.937,0.1402,102.33,18.15,77.73,14.06
2022-04-19,41493.18,3101.77,422.3,0.7749,0.952,0.1425,108.51,18.88,80.28,14.24
2022-04-20,41358.19,3076.04,418.4,0.7517,0.937,0.1407,105.59,19.09,78.21,14.02
2022-04-21,40480.01,2983.58,404.9,0.7328,0.91,0.1362,101.78,18.18,75.02,13.57
2022-04-22,39709.18,2962.39,406.6,0.7179,0.906,0.1363,100.55,18.28,74.03,13.58
2022-04-23,39441.6,2933.03,401.1,0.7057,0.886,0.1339,100.63,18.69,72.83,13.31
2022-04-24,39450.13,2921.0,398.8,0.6981,0.886,0.1317,99.23,18.17,71.51,13.26
2022-04-25,40426.08,3006.62,404.3,0.6931,0.8974,0.1581,100.99,18.1,72.88,13.44
2022-04-26,38112.65,2809.67,385.9,0.642,0.8259,0.1376,95.7,16.68,68.7,12.37
2022-04-27,39235.72,2888.96,391.3,0.6522,0.8401,0.14,98.36,16.94,69.86,12.74
2022-04-28,39742.07,2936.93,407.1,0.6428,0.8432,0.1375,98.24,16.99,67.26,12.66
2022-04-29,38596.11,2817.13,393.0,0.6116,0.8048,0.1349,93.96,16.19,63.4,11.97
2022-04-30,37630.8,2726.66,377.1,0.5845,0.7556,0.1274,84.63,14.5,56.98,10.95
2022-05-01,38468.35,2824.81,389.9,0.607,0.7895,0.1327,89.68,15.36,58.77,11.31
2022-05-02,38525.16,2856.54,389.5,0.6143,0.7809,0.1308,87.5,14.96,60.34,11.17
2022-05-03,37728.95,2781.7,383.9,0.6047,0.7711,0.1295,85.86,14.72,59.63,11.12
2022-05-04,39690.0,2940.64,402.6,0.6459,0.8985,0.1359,92.77,16.34,67.27,12.2
2022-05-05,36552.97,2747.97,378.4,0.5981,0.7884,0.1282,84.52,14.58,59.04,10.91
2022-05-06,36013.77,2692.85,379.1,0.6022,0.7832,0.1278,81.68,14.32,57.0,10.79
2022-05-07,35472.39,2635.34,365.5,0.5808,0.7604,0.1275,78.86,13.75,55.04,10.21
2022-05-08,34038.4,2519.71,355.9,0.5662,0.7403,0.1241,75.38,13.25,51.62,10.0
2022-05-09,30076.31,2228.55,296.1,0.4873,0.6019,0.1019,62.16,10.62,41.2,8.1
2022-05-10,31017.1,2342.05,319.1,0.513,0.6286,0.108,66.9,11.36,44.58,8.59
2022-05-11,29103.94,2084.99,271.5,0.4172,0.5187,0.0853,50.9,9.09,31.17,6.95
2022-05-12,29029.75,1960.22,269.0,0.3856,0.4733,0.0826,44.64,8.71,30.32,6.56
2022-05-13,29287.05,2009.69,290.6,0.4228,0.529,0.0881,48.92,10.46,32.21,7.15
2022-05-14,30086.74,2056.48,296.9,0.4262,0.5372,0.0894,52.43,11.3,33.93,7.26
2022-05-15,31328.89,2145.29,312.4,0.4481,0.5981,0.0932,58.83,11.81,36.57,7.96
2022-05-16,29874.01,2023.66,297.2,0.4231,0.5569,0.088,53.79,10.63,32.56,7.42
2022-05-17,30444.93,2090.72,306.2,0.438,0.5778,0.0903,57.02,11.04,34.39,7.72
2022-05-18,28715.32,1915.11,287.7,0.4056,0.5059,0.0833,49.93,9.49,29.58,6.81
2022-05-19,30319.23,2019.55,307.1,0.4205,0.5334,0.0866,52.2,10.03,30.39,7.22
2022-05-20,29201.01,1959.08,302.2,0.4101,0.5162,0.084,49.43,9.67,28.8,6.87
2022-05-21,29445.06,1975.07,312.4,0.4145,0.5286,0.0845,50.31,10.0,29.89,7.06
2022-05-22,30293.94,2043.19,319.4,0.4218,0.5416,0.0859,52.48,10.16,31.71,7.33
2022-05-23,29109.15,1973.32,317.2,0.4052,0.5134,0.0833,49.17,9.88,29.06,7.02
2022-05-24,29654.58,1979.41,328.3,0.4086,0.5219,0.0837,49.67,10.19,29.08,7.23
2022-05-25,29542.15,1942.63,325.7,0.406,0.5146,0.083,47.98,9.87,27.25,6.96
2022-05-26,29201.35,1792.23,303.0,0.392,0.4789,0.0779,43.44,9.14,23.43,6.57
2022-05-27,28629.8,1727.27,301.6,0.3819,0.4566,0.0816,41.17,9.12,22.58,6.29
2022-05-28,29031.33,1792.22,307.5,0.3863,0.4646,0.0818,44.25,9.65,24.76,6.58
2022-05-29,29468.1,1813.64,305.8,0.3891,0.482,0.0827,44.98,9.98,26.16,6.71
2022-05-30,31734.22,1998.78,321.8,0.4187,0.5698,0.088,47.22,10.47,27.71,7.46
2022-05-31,31801.04,1941.9,320.9,0.4217,0.6268,0.08591,45.77,10.35,26.42,7.59
2022-06-01,29805.83,1817.95,300.4,0.398,0.5516,0.08105,40.11,9.46,23.68,6.93
2022-06-02,30452.62,1834.08,308.3,0.4055,0.5871,0.08277,40.85,9.89,24.63,7.19
2022-06-03,29700.21,1775.12,298.6,0.3904,0.56,0.08029,38.28,9.37,23.0,6.85
2022-06-04,29864.04,1804.58,301.3,0.3925,0.5665,0.08187,39.0,9.44,24.57,7.4
2022-06-05,29919.21,1806.23,299.1,0.3953,0.5674,0.08107,38.52,9.35,24.18,7.64
2022-06-06,31373.1,1859.84,295.1,0.4026,0.6091,0.0825,42.39,9.51,25.99,7.97
2022-06-07,31125.33,1813.33,290.3,0.4076,0.6141,0.08039,39.31,9.23,24.6,8.71
2022-06-08,30204.77,1791.88,288.5,0.4006,0.6408,0.07927,38.83,9.01,24.5,8.7
2022-06-09,30109.93,1788.81,289.9,0.4002,0.6323,0.07937,39.96,9.24,24.41,9.27
2022-06-10,29091.88,1662.91,286.4,0.3815,0.5744,0.07539,37.17,8.65,22.08,8.04
2022-06-11,28424.7,1532.89,269.9,0.3599,0.554,0.06993,33.93,8.03,19.9,7.04
2022-06-12,26574.53,1434.84,254.8,0.3433,0.4904,0.06353,30.61,7.41,17.29,6.27
2022-06-13,22487.41,1209.82,223.0,0.3118,0.4644,0.0542,28.6,7.04,16.11,5.93
2022-06-14,22136.41,1208.9,223.0,0.3214,0.4831,0.05555,29.59,7.36,16.55,6.74
2022-06-15,22583.72,1237.52,233.6,0.3436,0.5348,0.06285,34.76,8.49,18.31,7.33
2022-06-16,20401.31,1068.5,210.2,0.3132,0.4762,0.05523,30.12,7.13,15.79,6.36
2022-06-17,20468.81,1086.94,215.8,0.321,0.4872,0.05689,30.71,7.28,15.99,6.36
2022-06-18,18970.79,995.13,197.0,0.3075,0.4549,0.0529,32.02,7.05,14.83,5.92
2022-06-19,20574.0,1128.53,215.1,0.3264,0.4848,0.06047,34.19,7.53,16.16,6.6
2022-06-20,20573.89,1128.24,216.5,0.3227,0.4915,0.06002,35.24,7.87,17.1,6.98
2022-06-21,20723.52,1125.85,220.1,0.3294,0.4813,0.06581,36.42,7.77,16.9,6.86
2022-06-22,19987.99,1050.19,214.4,0.3223,0.4594,0.0617,34.12,7.39,16.09,6.63
2022-06-23,21110.13,1144.72,228.9,0.3358,0.48,0.06398,38.15,7.78,18.29,6.99
2022-06-24,21237.69,1225.02,240.2,0.3672,0.4981,0.06694,41.91,8.18,20.47,7.26
2022-06-25,21491.19,1242.36,239.7,0.3676,0.4984,0.06852,42.22,8.13,21.36,7.26
2022-06-26,21038.07,1197.79,233.9,0.3592,0.4899,0.07296,39.39,7.84,19.73,6.7
2022-06-27,20742.56,1192.51,233.8,0.3537,0.4856,0.07216,38.52,7.74,19.32,6.55
2022-06-28,20281.29,1144.05,226.9,0.3375,0.4694,0.0661,35.35,7.31,18.12,6.32
2022-06-29,20123.01,1100.21,219.7,0.3296,0.4662,0.06956,34.05,7.03,17.79,6.23
2022-06-30,19942.21,1071.01,219.6,0.3321,0.4599,0.06644,33.76,7.06,16.99,6.27
2022-07-01,19279.8,1059.73,216.9,0.3139,0.4487,0.06644,32.84,6.75,16.12,6.08
2022-07-02,19252.81,1067.01,218.3,0.3156,0.4559,0.06667,33.36,6.83,16.33,6.22
2022-07-03,19315.83,1074.26,219.2,0.3215,0.4561,0.06721,33.39,6.85,16.65,6.22
2022-07-04,20236.71,1151.0,231.5,0.3287,0.4695,0.06938,36.71,7.17,17.92,6.43
2022-07-05,20175.83,1132.5,230.8,0.3252,0.4571,0.06716,35.4,6.84,18.03,6.31
2022-07-06,20564.51,1186.57,238.6,0.3324,0.4623,0.06844,37.04,6.93,19.17,6.34
2022-07-07,21624.98,1237.49,241.4,0.3422,0.4776,0.07055,38.46,7.3,20.18,6.64
2022-07-08,21594.75,1214.04,240.7,0.3402,0.4661,0.06906,38.12,7.04,19.72,6.36
2022-07-09,21591.83,1217.02,243.3,0.3448,0.478,0.06947,38.06,7.25,19.89,6.48
2022-07-10,20862.47,1168.36,234.7,0.3255,0.4624,0.06728,36.71,6.86,19.16,6.2
2022-07-11,19963.61,1096.4,225.6,0.3152,0.4347,0.06175,33.42,6.53,17.35,6.04
2022-07-12,19328.75,1038.58,220.6,0.3116,0.4171,0.05982,32.68,6.28,16.75,5.94
2022-07-13,20234.87,1115.0,230.5,0.3237,0.4383,0.06194,34.94,6.47,18.83,6.175
2022-07-14,20588.84,1193.42,238.5,0.3338,0.4416,0.06246,37.15,6.72,19.76,6.275
2022-07-15,20830.04,1231.25,238.5,0.3342,0.4421,0.06294,37.36,6.79,19.35,6.325
2022-07-16,21195.6,1355.85,249.8,0.3505,0.4578,0.06439,39.58,7.2,21.25,6.595
2022-07-17,20798.16,1338.65,247.8,0.3433,0.4478,0.06306,38.62,6.92,20.63,6.347
2022-07-18,22432.58,1581.04,264.1,0.3653,0.4904,0.06756,43.52,7.66,23.95,7.037
2022-07-19,23396.62,1542.32,268.6,0.3729,0.5152,0.06901,44.87,7.79,24.72,7.254
2022-07-20,23223.3,1521.58,258.2,0.3635,0.491,0.07014,42.04,7.47,23.59,6.867
2022-07-21,23152.19,1575.45,265.6,0.3669,0.4993,0.06998,43.11,7.53,24.99,6.994
2022-07-22,22684.83,1535.27,262.4,0.3578,0.4828,0.06743,40.54,7.29,23.63,6.782
2022-07-23,22451.07,1548.67,259.2,0.3592,0.517,0.06804,39.97,7.33,23.6,6.844
2022-07-24,22579.68,1597.7,261.4,0.3586,0.512,0.06755,40.93,7.4,23.79,7.094
2022-07-25,21310.9,1440.79,244.6,0.3362,0.4752,0.06193,36.65,6.76,20.92,6.431
2022-07-26,21254.67,1449.12,249.4,0.3372,0.4677,0.06252,36.25,6.78,20.71,6.341
2022-07-27,22952.45,1635.74,271.6,0.3594,0.5111,0.06721,40.23,7.68,23.39,6.86
2022-07-28,23842.93,1724.52,277.2,0.3739,0.513,0.06909,42.91,7.86,24.2,7.217
2022-07-29,23773.75,1721.68,293.6,0.3679,0.5218,0.06877,41.91,8.19,24.49,7.883
2022-07-30,23643.51,1697.0,287.8,0.3879,0.5263,0.06965,43.84,8.21,24.23,7.82
2022-07-31,23293.32,1678.12,283.4,0.3792,0.5161,0.06807,42.35,8.62,23.72,7.651
2022-08-01,23268.01,1630.28,283.2,0.3791,0.5124,0.06845,41.65,8.17,23.57,7.57
2022-08-02,22987.79,1630.91,283.8,0.3714,0.4963,0.06652,39.79,7.93,22.85,7.177
2022-08-03,22818.37,1618.16,297.5,0.3695,0.5005,0.06621,38.54,8.0,23.04,7.284
2022-08-04,22622.98,1607.96,311.8,0.371,0.4997,0.06725,38.83,8.1,23.36,7.364
2022-08-05,23312.42,1736.81,315.9,0.3764,0.5174,0.06981,40.55,8.8,24.95,7.878
2022-08-06,22954.21,1690.6,315.2,0.3715,0.5112,0.06863,40.07,8.52,26.63,7.792
2022-08-07,23174.39,1700.19,322.8,0.3722,0.5276,0.06897,40.6,8.65,27.9,8.343
2022-08-08,23810.0,1777.05,324.9,0.3787,0.5371,0.07011,42.18,9.27,27.91,8.608
2022-08-09,23149.95,1702.76,324.4,0.3672,0.5129,0.06904,40.33,8.89,27.42,8.742
2022-08-10,23954.05,1853.57,328.8,0.3814,0.5374,0.07126,42.47,9.52,29.18,9.055
2022-08-11,23934.39,1880.19,323.6,0.3802,0.5303,0.07084,42.77,9.2,28.53,8.958
2022-08-12,24403.68,1958.28,327.9,0.3796,0.5402,0.0723,45.48,9.48,29.34,9.324
2022-08-13,24441.38,1983.55,324.3,0.378,0.5593,0.07293,46.6,9.31,29.16,9.144
2022-08-14,24305.24,1935.31,317.6,0.3757,0.5695,0.08168,44.87,8.96,28.18,8.765
2022-08-15,24094.82,1899.06,319.5,0.3751,0.5499,0.07662,43.72,8.78,27.88,8.646
2022-08-16,23854.74,1876.67,316.1,0.377,0.557,0.08677,43.08,8.84,27.1,8.452
2022-08-17,23342.66,1834.25,306.9,0.3795,0.5384,0.08021,40.54,8.37,25.55,8.061
2022-08-18,23191.2,1846.39,298.1,0.3704,0.5119,0.07474,39.52,8.08,24.21,7.649
2022-08-19,20834.39,1609.01,279.1,0.3344,0.45,0.06776,35.81,7.31,22.44,6.899
2022-08-20,21140.07,1576.04,283.7,0.3368,0.4508,0.06933,35.28,7.22,22.3,6.9
2022-08-21,21515.61,1618.13,301.9,0.3449,0.4626,0.06932,36.47,7.44,22.97,7.082
2022-08-22,21399.83,1624.66,300.0,0.344,0.4615,0.0684,35.41,7.41,22.55,7.044
2022-08-23,21529.12,1665.41,299.3,0.3472,0.4658,0.06884,35.68,7.64,23.5,7.241
2022-08-24,21368.08,1656.56,296.4,0.3456,0.4578,0.06791,34.89,7.56,23.01,7.124
2022-08-25,21559.04,1695.11,301.2,0.3491,0.4645,0.06898,35.27,7.58,22.99,7.124
2022-08-26,20241.05,1508.18,279.6,0.3393,0.4316,0.06351,31.72,6.93,20.66,6.504
2022-08-27,20037.6,1491.06,277.9,0.3346,0.4499,0.06351,31.53,7.04,20.03,6.529
2022-08-28,19555.61,1426.76,276.5,0.3224,0.4293,0.06178,30.44,6.86,18.53,6.255
2022-08-29,20285.73,1551.8,285.9,0.3337,0.4504,0.06384,32.42,7.27,19.32,6.7
2022-08-30,19811.66,1524.59,281.6,0.3267,0.4531,0.06154,31.47,7.0,19.39,6.556
2022-08-31,20050.02,1554.1,279.2,0.3277,0.4462,0.06135,31.5,7.03,19.14,6.627
2022-09-01,20131.46,1586.16,278.3,0.3331,0.4575,0.06239,31.61,7.18,19.33,6.925
2022-09-02,19951.86,1575.35,277.5,0.3314,0.4543,0.06165,31.23,7.3,18.86,6.926
2022-09-03,19831.9,1557.46,277.8,0.3297,0.4803,0.06271,31.12,7.28,18.89,6.859
2022-09-04,20000.3,1579.28,279.1,0.3317,0.5035,0.06323,32.16,7.37,19.01,7.156
2022-09-05,19796.84,1617.8,276.9,0.3329,0.4984,0.06275,32.18,7.36,19.44,7.375
2022-09-06,18790.61,1559.01,262.5,0.3212,0.4625,0.05889,30.88,6.87,18.21,6.659
2022-09-07,19292.84,1630.0,278.9,0.3369,0.4787,0.06097,32.69,7.2,19.01,7.085
2022-09-08,19319.77,1635.37,280.5,0.3396,0.479,0.06096,33.61,7.39,19.13,7.406
2022-09-09,21360.11,1718.23,293.4,0.3568,0.5022,0.06385,34.67,7.75,20.38,7.742
2022-09-10,21648.34,1774.12,296.7,0.3573,0.5121,0.06466,35.03,7.77,20.44,7.904
2022-09-11,21826.87,1766.11,295.3,0.3552,0.5098,0.06369,34.99,7.7,20.68,8.028
2022-09-12,22395.74,1716.37,294.1,0.3598,0.5012,0.06393,37.44,7.66,21.38,7.762
2022-09-13,20173.57,1574.4,277.4,0.3326,0.4635,0.05964,33.0,7.06,18.87,7.025
2022-09-14,20226.71,1638.39,279.3,0.3415,0.4809,0.06115,34.12,7.21,19.12,7.456
2022-09-15,19701.88,1472.75,271.1,0.3261,0.4662,0.0586,33.07,6.93,18.21,7.566
2022-09-16,19803.3,1433.9,274.9,0.3552,0.4746,0.06046,32.25,6.9,18.05,7.656
2022-09-17,20113.62,1468.83,279.1,0.3762,0.4859,0.0622,33.68,7.06,18.48,8.092
2022-09-18,19416.18,1334.51,266.2,0.3576,0.4477,0.05743,31.1,6.44,16.7,7.523
2022-09-19,19537.02,1375.98,271.9,0.3848,0.4527,0.05853,32.62,6.39,17.28,7.301
2022-09-20,18875.0,1322.93,266.3,0.414,0.4422,0.05839,31.41,6.28,16.65,6.883
2022-09-21,18461.36,1245.78,264.0,0.3936,0.4389,0.05715,30.65,6.12,16.55,6.68
2022-09-22,19401.63,1326.46,275.3,0.4862,0.4584,0.05958,32.43,6.45,17.68,7.123
2022-09-23,19289.91,1327.25,276.7,0.5069,0.4618,0.06337,33.66,6.44,17.97,7.449
2022-09-24,18920.5,1317.13,274.4,0.4878,0.4511,0.0631,33.38,6.27,17.6,7.629
2022-09-25,18807.38,1294.63,274.3,0.4917,0.4464,0.06117,32.34,6.2,17.32,7.865
2022-09-26,19227.82,1336.17,276.1,0.4683,0.4473,0.06113,33.88,6.56,17.57,7.945
2022-09-27,19079.13,1328.02,272.3,0.4457,0.4411,0.06048,32.69,6.37,17.3,8.056
2022-09-28,19412.82,1337.2,281.6,0.4489,0.4361,0.06051,33.22,6.38,17.26,7.795
2022-09-29,19591.51,1335.7,284.1,0.4877,0.4381,0.06086,33.93,6.43,17.35,7.899
2022-09-30,19422.61,1328.72,284.8,0.4799,0.4347,0.06167,33.25,6.32,17.2,7.585
2022-10-01,19310.95,1311.79,282.9,0.4754,0.43,0.06059,32.44,6.27,16.95,7.394
2022-10-02,19056.8,1276.72,284.7,0.4485,0.4194,0.05927,32.06,6.15,16.53,7.11
2022-10-03,19629.08,1323.09,286.9,0.4621,0.4276,0.06034,32.89,6.37,17.14,7.33
2022-10-04,20337.82,1361.49,296.2,0.4795,0.4355,0.06584,34.09,6.5,17.44,7.723
2022-10-05,20158.26,1352.2,294.2,0.4887,0.4309,0.06478,34.04,6.44,17.39,7.875
2022-10-06,19960.67,1352.06,287.0,0.4934,0.4288,0.06345,33.36,6.34,17.04,7.632
2022-10-07,19530.09,1331.1,282.3,0.5177,0.424,0.06235,32.98,6.33,16.9,7.606
2022-10-08,19417.96,1315.48,276.4,0.517,0.4219,0.06165,32.58,6.31,16.79,7.455
2022-10-09,19439.02,1323.13,278.2,0.5325,0.423,0.06212,32.92,6.48,16.9,7.63
2022-10-10,19131.87,1290.03,271.5,0.4939,0.4012,0.05938,31.96,6.25,16.21,7.335
2022-10-11,19060.0,1280.11,271.4,0.4861,0.3908,0.06025,30.8,6.17,15.95,7.135
2022-10-12,19155.53,1294.44,270.9,0.4881,0.3814,0.05981,31.16,6.18,15.96,7.145
2022-10-13,19375.13,1287.08,271.6,0.4791,0.3768,0.05965,30.49,6.11,15.66,7.027
2022-10-14,19176.93,1296.27,269.4,0.4883,0.3667,0.05866,30.0,6.05,15.67,6.887
2022-10-15,19069.39,1274.92,268.2,0.4818,0.3641,0.05857,29.59,6.05,15.43,6.886
2022-10-16,19262.98,1305.95,272.5,0.4766,0.3703,0.05891,30.17,6.18,15.75,7.173
2022-10-17,19549.86,1331.4,275.6,0.4804,0.3723,0.05998,31.21,6.26,16.18,7.328
2022-10-18,19327.44,1310.71,273.1,0.4658,0.3624,0.05976,30.15,6.16,15.88,7.127
2022-10-19,19123.97,1285.09,272.0,0.4504,0.3497,0.05868,28.86,6.1,15.06,6.772
2022-10-20,19041.92,1282.57,269.0,0.4465,0.3402,0.05942,28.01,5.89,15.14,6.657
2022-10-21,19164.37,1299.75,270.1,0.4614,0.3492,0.05933,28.1,5.84,15.69,6.809
2022-10-22,19204.35,1313.61,270.4,0.4653,0.3513,0.05968,28.01,5.85,15.69,6.868
2022-10-23,19570.4,1364.2,276.0,0.4688,0.3621,0.06038,29.28,5.97,16.31,7.066
2022-10-24,19329.72,1343.61,274.1,0.4529,0.3573,0.05945,28.3,5.92,15.75,6.906
2022-10-25,20080.07,1459.74,284.2,0.4605,0.4,0.06305,30.86,6.43,16.64,7.063
2022-10-26,20771.59,1566.1,290.2,0.4689,0.403,0.07265,31.29,6.47,17.0,7.157
2022-10-27,20295.11,1514.05,286.7,0.4615,0.3884,0.07689,30.58,6.34,16.88,6.892
2022-10-28,20591.84,1554.41,297.9,0.4744,0.4044,0.08387,32.07,6.52,18.33,7.109
2022-10-29,20809.67,1619.55,304.4,0.4701,0.42,0.12176,32.87,6.63,18.29,7.636
2022-10-30,20627.48,1590.44,313.5,0.4582,0.4056,0.11773,32.94,6.66,18.26,7.782
2022-10-31,20490.74,1572.69,325.7,0.4641,0.4055,0.12686,32.56,6.62,19.28,7.857
2022-11-01,20483.62,1578.48,323.9,0.4636,0.4011,0.14211,32.2,6.46,18.62,7.684
2022-11-02,20151.84,1518.34,320.2,0.4497,0.3856,0.12765,30.8,6.25,17.91,7.437
2022-11-03,20207.82,1531.01,329.5,0.4548,0.3895,0.12262,30.85,6.41,18.03,7.72
2022-11-04,21148.52,1644.78,354.6,0.5064,0.4216,0.12613,33.74,7.05,19.38,8.715
2022-11-05,21299.37,1626.98,349.2,0.493,0.4264,0.12445,36.9,7.03,19.61,8.663
2022-11-06,20905.58,1568.29,337.9,0.4709,0.4021,0.11477,32.62,6.81,18.23,8.101
2022-11-07,20591.13,1568.1,337.0,0.4648,0.4041,0.11123,29.62,7.12,18.08,8.956
2022-11-08,18547.23,1334.77,327.4,0.4059,0.3722,0.08827,24.38,6.3,16.02,7.708
2022-11-09,15922.81,1102.73,267.3,0.3331,0.3175,0.0745,14.08,5.41,12.91,6.231
2022-11-10,17601.15,1299.28,304.0,0.3942,0.3687,0.08978,17.66,5.97,15.42,7.21
2022-11-11,17070.31,1289.28,290.4,0.3843,0.3556,0.08509,16.45,5.75,14.13,7.044
2022-11-12,16812.08,1257.25,282.8,0.3636,0.3397,0.08815,14.58,5.77,13.09,6.281
2022-11-13,16329.85,1221.49,276.4,0.3408,0.3298,0.08495,13.18,5.75,13.02,6.078
2022-11-14,16619.46,1243.28,279.0,0.3776,0.3323,0.08595,14.0,5.86,13.14,6.291
2022-11-15,16900.57,1253.23,277.0,0.3888,0.3373,0.08706,14.32,5.92,13.51,6.421
2022-11-16,16662.76,1216.17,271.8,0.3752,0.332,0.08548,14.27,5.71,13.07,6.179
2022-11-17,16692.56,1200.43,267.9,0.3819,0.325,0.08467,13.65,5.67,12.87,6.225
2022-11-18,16700.45,1212.58,274.1,0.3829,0.326,0.08474,13.27,5.65,13.0,6.183
2022-11-19,16700.68,1217.67,272.6,0.3841,0.328,0.08455,12.84,5.61,12.89,6.146
2022-11-20,16280.23,1142.21,264.2,0.3608,0.312,0.07703,12.27,5.3,12.19,5.768
2022-11-21,15781.29,1107.34,253.9,0.3645,0.3046,0.07466,11.83,5.18,11.82,5.876
2022-11-22,16226.94,1139.6,266.7,0.3757,0.3126,0.07876,12.44,5.28,12.36,6.422
2022-11-23,16603.11,1184.52,298.8,0.3815,0.3185,0.08197,14.36,5.44,13.06,6.707
2022-11-24,16598.95,1203.73,300.2,0.4018,0.3163,0.08146,14.59,5.39,12.95,6.831
2022-11-25,16522.14,1199.3,300.8,0.4078,0.3146,0.0895,14.03,5.26,12.82,6.848
2022-11-26,16458.57,1205.6,311.4,0.396,0.3138,0.08893,14.17,5.3,12.78,7.156
2022-11-27,16428.78,1193.88,307.6,0.3962,0.3126,0.09868,14.12,5.3,12.86,6.902
2022-11-28,16212.91,1167.77,293.5,0.3888,0.3066,0.09513,13.32,5.13,12.45,7.194
2022-11-29,16442.53,1216.49,295.4,0.3981,0.3092,0.10146,13.34,5.3,12.47,7.318
2022-11-30,17163.64,1294.46,300.6,0.4078,0.3187,0.10677,14.16,5.46,13.15,7.672
2022-12-01,16977.37,1276.41,292.3,0.3969,0.3145,0.10175,13.51,5.41,12.9,7.681
2022-12-02,17092.74,1295.59,293.4,0.3961,0.3191,0.1021,13.71,5.62,13.58,7.61
2022-12-03,16885.2,1240.51,290.4,0.3873,0.3196,0.0997,13.29,5.49,13.4,7.235
2022-12-04,17105.7,1279.41,291.8,0.3895,0.3221,0.10406,13.71,5.59,13.93,7.444
2022-12-05,16966.35,1259.41,288.4,0.3893,0.3193,0.10149,13.82,5.48,13.6,7.275
2022-12-06,17088.96,1271.32,290.2,0.3914,0.3183,0.10019,14.3,5.5,13.67,7.132
2022-12-07,16836.64,1231.18,284.2,0.3835,0.3102,0.09575,13.49,5.29,13.28,6.881
2022-12-08,17224.1,1280.18,290.4,0.3941,0.3145,0.09847,13.69,5.42,13.42,7.0
2022-12-09,17128.56,1263.1,286.0,0.3889,0.3118,0.0967,13.59,5.3,13.46,6.863
2022-12-10,17127.49,1266.35,288.2,0.3865,0.3126,0.09632,13.58,5.27,13.49,6.858
2022-12-11,17085.05,1263.01,284.4,0.3809,0.3074,0.09266,13.42,5.17,12.98,6.7
2022-12-12,17209.83,1275.4,276.1,0.3874,0.3069,0.09029,13.31,5.17,13.0,6.701
2022-12-13,17774.7,1320.69,272.2,0.3952,0.3142,0.09105,13.89,5.28,13.76,6.926
2022-12-14,17803.15,1307.44,267.7,0.3853,0.3079,0.08824,14.12,5.215,13.71,6.718
2022-12-15,17356.34,1266.54,258.8,0.378,0.3003,0.08485,14.04,5.23,13.17,6.456
2022-12-16,16632.12,1166.83,231.2,0.3511,0.2632,0.07569,12.25,4.652,11.84,5.893
2022-12-17,16776.52,1187.16,242.1,0.3545,0.2672,0.07919,12.51,4.708,11.95,6.03
2022-12-18,16738.21,1183.06,251.0,0.3499,0.2659,0.07847,12.38,4.657,11.93,5.949
2022-12-19,16438.88,1167.82,240.4,0.3389,0.2529,0.07133,11.94,4.481,11.39,5.79
2022-12-20,16895.56,1216.94,251.4,0.3482,0.2587,0.07483,12.26,4.605,11.95,6.013
2022-12-21,16824.67,1213.78,246.2,0.3449,0.2534,0.07374,12.14,4.485,11.71,5.989
2022-12-22,16821.43,1217.71,245.8,0.3492,0.2566,0.07685,11.82,4.531,11.85,6.005
2022-12-23,16778.5,1219.99,246.2,0.3543,0.2594,0.07721,11.78,4.473,11.79,5.941
2022-12-24,16836.12,1220.41,244.5,0.3517,0.2592,0.07752,11.45,4.452,11.67,5.916
2022-12-25,16832.11,1218.51,243.2,0.3457,0.2591,0.07598,11.38,4.492,11.68,5.99
2022-12-26,16919.39,1228.11,244.3,0.3658,0.2652,0.07568,11.32,4.571,11.71,6.048
2022-12-27,16706.36,1211.55,246.7,0.3675,0.2603,0.07372,11.09,4.478,11.64,5.903
2022-12-28,16547.31,1190.15,244.5,0.3558,0.2482,0.0704,9.76,4.286,11.21,5.675
2022-12-29,16633.47,1200.49,246.3,0.3421,0.244,0.07094,9.64,4.309,10.98,5.601
2022-12-30,16607.48,1199.99,245.8,0.3451,0.2458,0.0684,9.9,4.324,10.87,5.475
2022-12-31,16542.4,1196.13,246.3,0.3389,0.2458,0.07025,9.97,4.309,10.9,5.575
2023-01-01,16616.75,1200.34,244.4,0.3387,0.2499,0.07024,9.99,4.371,10.87,5.628
2023-01-02,16672.87,1214.0,245.2,0.3482,0.2538,0.0714,11.28,4.492,11.16,5.691
2023-01-03,16675.18,1214.55,246.1,0.3436,0.2529,0.07049,13.37,4.526,11.38,5.621
2023-01-04,16850.36,1256.9,258.9,0.3472,0.2678,0.07311,13.43,4.632,12.08,5.809
2023-01-05,16831.85,1251.24,256.7,0.338,0.2692,0.07152,13.43,4.62,11.74,5.66
2023-01-06,16950.65,1269.14,259.9,0.3443,0.2786,0.07241,13.5,4.684,11.78,5.712
2023-01-07,16943.57,1264.07,261.3,0.3442,0.2768,0.07219,13.1,4.664,11.75,5.83
2023-01-08,17127.83,1290.16,274.9,0.3452,0.2974,0.07363,14.45,4.826,12.09,5.963
2023-01-09,17178.26,1320.39,272.6,0.349,0.3168,0.07566,16.25,4.887,12.19,6.065
2023-01-10,17440.66,1335.62,277.1,0.3507,0.3222,0.07782,16.2,4.92,12.73,6.166
2023-01-11,17943.26,1389.39,284.8,0.3728,0.323,0.07814,16.36,5.135,15.86,6.284
2023-01-12,18846.62,1415.92,287.7,0.3748,0.3293,0.08025,16.59,5.232,15.43,6.387
2023-01-13,19930.01,1451.2,293.7,0.3858,0.3456,0.0845,18.29,5.401,15.96,6.605
2023-01-14,20954.92,1549.9,305.1,0.3953,0.3525,0.08729,24.24,6.026,16.94,6.856
2023-01-15,20871.5,1552.52,302.2,0.3845,0.3507,0.08608,22.89,5.929,16.8,6.694
2023-01-16,21185.65,1576.94,299.0,0.3855,0.3504,0.08368,23.58,5.812,16.74,6.669
2023-01-17,21134.81,1565.57,299.4,0.3868,0.3455,0.08285,22.86,5.956,17.12,6.804
2023-01-18,20677.47,1511.43,286.7,0.3782,0.3264,0.08,20.79,5.653,15.82,6.334
2023-01-19,21071.59,1551.09,294.6,0.3928,0.3379,0.08161,21.4,5.802,16.19,6.506
2023-01-20,22667.21,1658.52,305.1,0.4129,0.3652,0.08617,25.51,6.247,17.48,6.941
2023-01-21,22783.55,1626.66,299.0,0.4034,0.3687,0.08467,24.57,6.237,16.88,6.853
2023-01-22,22707.88,1627.44,303.0,0.4004,0.3764,0.08824,24.21,6.207,17.34,6.984
2023-01-23,22916.45,1626.29,305.1,0.4234,0.375,0.08851,24.33,6.56,17.97,7.015
2023-01-24,22632.89,1555.97,300.3,0.4078,0.3587,0.08392,22.78,6.191,17.0,6.661
2023-01-25,23060.94,1611.94,306.9,0.417,0.3732,0.08654,24.52,6.399,17.79,6.954
2023-01-26,23009.65,1601.09,304.7,0.4092,0.3796,0.08633,24.33,6.472,18.08,7.169
2023-01-27,23074.16,1597.62,308.0,0.4128,0.3898,0.08723,24.43,6.585,21.2,7.384
2023-01-28,23022.6,1572.1,306.1,0.4078,0.3819,0.08773,24.0,6.397,20.54,7.211
2023-01-29,23742.3,1644.72,317.2,0.4134,0.3975,0.09009,26.07,6.611,20.99,7.372
2023-01-30,22826.15,1566.2,307.2,0.3934,0.3725,0.08837,23.96,6.19,19.74,6.914
2023-01-31,23125.13,1585.33,312.0,0.4057,0.3902,0.09612,23.92,6.26,19.8,6.952
2023-02-01,23732.66,1641.68,317.0,0.4131,0.397,0.09403,25.0,6.467,20.95,7.214
2023-02-02,23488.94,1643.12,323.5,0.4098,0.3981,0.09099,24.32,6.543,21.21,7.099
2023-02-03,23431.9,1663.52,332.2,0.4117,0.4038,0.09293,24.69,7.008,21.36,7.294
2023-02-04,23326.84,1666.38,330.4,0.4106,0.3994,0.09567,24.34,6.873,21.04,7.237
2023-02-05,22932.91,1629.02,327.8,0.3984,0.3923,0.09203,23.47,6.637,20.08,6.985
2023-02-06,22762.52,1614.29,324.3,0.392,0.3823,0.08955,22.66,6.494,19.58,6.832
2023-02-07,23240.46,1671.03,333.0,0.4036,0.3989,0.09253,23.82,6.941,20.83,7.197
2023-02-08,22963.0,1650.43,328.2,0.3975,0.3942,0.09018,23.22,6.757,20.11,7.136
2023-02-09,21796.35,1545.35,306.2,0.3819,0.3622,0.08144,20.48,6.235,17.9,6.984
2023-02-10,21625.19,1513.06,305.8,0.3817,0.3581,0.08089,20.11,6.186,17.79,6.89
2023-02-11,21862.55,1538.51,310.4,0.3833,0.3684,0.08225,20.81,6.278,18.01,7.003
2023-02-12,21783.54,1514.83,312.6,0.3747,0.3641,0.08215,21.49,6.181,17.78,6.808
2023-02-13,21773.97,1505.24,294.3,0.3703,0.3593,0.08209,20.77,6.143,17.63,6.669
2023-02-14,22199.84,1555.71,296.2,0.3819,0.3867,0.0836,21.84,6.227,18.14,6.808
2023-02-15,24324.05,1674.92,317.4,0.4011,0.419,0.08928,23.86,6.612,19.94,7.281
2023-02-16,23517.72,1637.84,304.4,0.3841,0.3874,0.08489,22.24,6.327,18.59,7.011
2023-02-17,24569.97,1693.87,313.0,0.395,0.4033,0.08771,23.14,7.284,19.45,7.65
2023-02-18,24631.95,1691.62,316.5,0.3943,0.406,0.08882,23.45,7.229,19.54,7.989
2023-02-19,24271.76,1679.75,311.5,0.3863,0.3995,0.08697,24.84,7.438,19.81,8.014
2023-02-20,24842.2,1703.27,315.4,0.3984,0.4038,0.08829,26.26,7.551,20.82,8.017
2023-02-21,24452.16,1659.76,311.5,0.3919,0.3925,0.08546,24.98,7.251,20.98,7.64
2023-02-22,24182.21,1643.14,312.4,0.3953,0.3888,0.0855,24.16,7.186,20.32,7.717
2023-02-23,23940.2,1650.53,308.3,0.3882,0.3824,0.08425,23.91,7.093,19.71,7.935
2023-02-24,23185.29,1607.8,302.3,0.3783,0.3658,0.08092,23.07,6.614,18.39,7.466
2023-02-25,23157.07,1594.58,302.4,0.3778,0.362,0.08075,22.37,6.544,17.94,7.373
2023-02-26,23554.85,1641.36,308.7,0.3779,0.3691,0.08216,23.25,6.691,18.43,7.497
2023-02-27,23492.09,1633.45,304.6,0.3785,0.3647,0.08136,22.68,6.579,17.93,7.274
2023-02-28,23141.57,1605.23,301.4,0.3762,0.3517,0.08085,21.89,6.347,17.09,7.195
2023-03-01,23628.97,1665.22,302.7,0.3835,0.3601,0.08193,22.51,6.535,17.77,7.536
2023-03-02,23465.32,1647.86,299.8,0.3772,0.3504,0.08056,22.0,6.335,17.47,7.275
2023-03-03,22354.34,1569.45,290.4,0.3774,0.3431,0.07684,21.42,6.037,16.66,6.958
2023-03-04,22346.57,1566.73,289.6,0.3735,0.3366,0.07462,20.98,5.917,16.14,6.857
2023-03-05,22430.24,1564.58,288.7,0.3668,0.337,0.07474,20.97,5.978,16.14,6.945
2023-03-06,22410.0,1565.84,287.8,0.3695,0.3305,0.07479,20.63,5.92,16.52,6.854
2023-03-07,22197.96,1561.96,289.3,0.3801,0.3306,0.07407,20.25,5.847,16.17,6.881
2023-03-08,21705.44,1532.38,287.1,0.3889,0.3175,0.07112,18.41,5.601,15.12,6.577
2023-03-09,20362.22,1437.32,277.1,0.3706,0.3101,0.06595,17.33,5.385,14.41,6.16
2023-03-10,20150.69,1426.44,277.4,0.37,0.3149,0.06572,18.17,5.549,14.8,6.215
2023-03-11,20455.73,1471.97,276.0,0.3638,0.3051,0.06604,18.07,5.463,14.51,6.162
2023-03-12,21997.11,1580.33,288.1,0.3714,0.3298,0.07051,20.2,5.895,16.18,6.551
2023-03-13,24113.48,1673.45,307.9,0.3724,0.3433,0.07279,20.4,6.1,16.47,6.761
2023-03-14,24670.41,1699.4,308.4,0.3724,0.3429,0.07456,20.86,6.223,17.15,6.96
2023-03-15,24285.66,1649.96,306.3,0.3589,0.3241,0.06963,19.24,5.874,15.55,6.546
2023-03-16,24998.78,1673.73,329.4,0.3647,0.3249,0.07256,19.67,6.088,15.83,6.656
2023-03-17,27395.13,1789.27,338.9,0.3798,0.3494,0.07642,21.6,6.618,17.64,7.207
2023-03-18,26907.49,1758.84,331.0,0.3739,0.3371,0.07295,21.2,6.313,16.98,6.922
2023-03-19,27972.87,1780.68,336.7,0.3857,0.3448,0.0745,21.86,6.451,17.53,7.081
2023-03-20,27717.01,1732.78,332.5,0.3734,0.3321,0.07137,22.13,6.092,16.64,7.05
2023-03-21,28105.47,1801.23,334.4,0.4696,0.3696,0.0766,22.53,6.363,17.44,7.375
2023-03-22,27250.97,1734.33,321.1,0.4213,0.3596,0.07385,21.42,6.053,16.74,7.173
2023-03-23,28295.41,1813.79,329.4,0.4438,0.3715,0.07736,22.16,6.321,17.54,7.61
2023-03-24,27454.47,1749.57,322.1,0.4259,0.3596,0.07453,20.66,6.021,16.95,7.191
2023-03-25,27462.95,1741.88,322.4,0.4429,0.3514,0.07402,20.41,5.905,16.89,7.075
2023-03-26,27968.05,1773.88,328.6,0.4479,0.3557,0.07436,20.94,6.042,17.12,7.261
2023-03-27,27124.91,1715.22,310.6,0.479,0.3455,0.07287,19.91,5.867,16.49,6.87
2023-03-28,27261.07,1772.99,313.2,0.5144,0.3681,0.07381,20.45,6.056,16.71,6.947
2023-03-29,28348.6,1793.07,313.7,0.5425,0.3811,0.07557,21.1,6.183,17.31,7.382
2023-03-30,28028.53,1793.61,316.4,0.5319,0.3761,0.07422,20.55,6.122,17.23,7.233
2023-03-31,28465.36,1821.52,316.9,0.5374,0.3989,0.07695,21.16,6.343,17.7,7.588
2023-04-01,28452.73,1820.79,314.9,0.5095,0.3919,0.08181,21.08,6.344,17.8,7.548
2023-04-02,28171.87,1794.51,313.7,0.518,0.3815,0.07903,20.52,6.263,17.25,7.255
2023-04-03,27800.0,1810.51,308.8,0.4959,0.3872,0.096,20.45,6.419,17.11,7.245
2023-04-04,28165.47,1870.37,310.8,0.5026,0.3894,0.09512,20.92,6.439,17.65,7.37
2023-04-05,28170.01,1908.69,313.9,0.5055,0.3923,0.09267,20.97,6.406,18.0,7.321
2023-04-06,28033.82,1872.41,312.3,0.5028,0.3829,0.08541,20.62,6.281,17.97,7.201
2023-04-07,27906.33,1863.72,310.3,0.5126,0.3835,0.08222,20.44,6.178,17.6,7.267
2023-04-08,27938.38,1848.82,310.5,0.5048,0.3853,0.08134,20.04,6.13,17.45,7.13
2023-04-09,28323.76,1858.92,312.8,0.5054,0.3894,0.08318,20.28,6.211,17.54,7.203
2023-04-10,29637.34,1910.2,318.5,0.5176,0.3971,0.08473,20.89,6.291,17.94,7.343
2023-04-11,30200.42,1889.86,322.3,0.5167,0.4014,0.08408,22.98,6.415,18.14,7.301
2023-04-12,29888.07,1917.39,319.9,0.5049,0.4047,0.08346,23.8,6.403,18.26,7.23
2023-04-13,30373.84,2012.01,324.7,0.5125,0.4251,0.08729,24.43,6.634,18.84,7.458
2023-04-14,30466.93,2099.99,328.9,0.5227,0.4381,0.08866,24.71,6.731,19.22,7.743
2023-04-15,30295.09,2090.6,333.0,0.5192,0.4522,0.08888,24.05,6.804,19.07,8.005
2023-04-16,30304.65,2118.67,347.7,0.5209,0.4513,0.09043,25.34,6.824,20.17,8.14
2023-04-17,29430.27,2074.0,340.0,0.5109,0.4341,0.09137,24.58,6.696,20.51,8.16
2023-04-18,30380.01,2103.5,343.1,0.5324,0.4435,0.09411,24.82,6.914,21.2,8.578
2023-04-19,28797.1,1933.73,322.4,0.4911,0.4163,0.08788,22.66,6.309,18.98,7.752
2023-04-20,28243.65,1942.98,318.1,0.4752,0.4007,0.08389,22.2,6.111,18.3,7.512
2023-04-21,27262.84,1848.78,321.2,0.4491,0.3824,0.07842,21.25,5.849,16.94,7.113
2023-04-22,27816.85,1874.16,332.2,0.4719,0.3956,0.08028,21.79,5.949,17.21,7.175
2023-04-23,27590.6,1862.0,330.7,0.4647,0.3886,0.07878,21.47,5.906,16.84,7.082
2023-04-24,27510.93,1841.84,331.2,0.4611,0.3835,0.07873,21.38,5.885,16.92,7.068
2023-04-25,28300.79,1866.1,338.4,0.4695,0.3945,0.07976,21.93,5.999,17.63,7.274
2023-04-26,28415.29,1866.01,330.6,0.4618,0.4014,0.07859,21.28,5.852,17.18,7.004
2023-04-27,29472.77,1908.68,330.9,0.4667,0.4101,0.08014,22.33,5.97,17.72,7.17
2023-04-28,29311.7,1890.94,324.1,0.4796,0.4043,0.08033,23.34,5.947,17.55,7.04
2023-04-29,29230.45,1907.8,321.9,0.478,0.4024,0.08157,23.19,6.041,17.49,7.185
2023-04-30,29233.21,1870.09,337.5,0.4705,0.3956,0.07951,22.74,5.877,17.1,7.025
2023-05-01,28068.26,1830.73,328.5,0.4649,0.3868,0.07882,21.96,5.666,16.65,6.898
2023-05-02,28669.86,1870.08,321.5,0.4645,0.3916,0.07876,22.25,5.713,16.84,6.987
2023-05-03,29026.16,1905.12,325.9,0.4632,0.394,0.07962,22.24,5.778,17.21,7.129
2023-05-04,28838.16,1877.07,323.8,0.4608,0.3873,0.07838,21.74,5.671,16.93,6.998
2023-05-05,29505.61,1993.3,326.5,0.4671,0.3942,0.08017,22.82,5.847,17.38,7.226
2023-05-06,28848.2,1896.33,321.9,0.4582,0.3787,0.07672,21.91,5.633,16.58,6.92
2023-05-07,28430.1,1870.4,321.0,0.449,0.376,0.07652,21.66,5.632,16.41,6.911
2023-05-08,27668.79,1847.56,313.8,0.4283,0.3653,0.07239,20.62,5.369,15.42,6.582
2023-05-09,27628.27,1846.52,312.1,0.4289,0.3633,0.0731,20.65,5.323,15.31,6.522
2023-05-10,27598.75,1840.84,314.3,0.4303,0.3693,0.07312,20.91,5.463,15.52,6.588
2023-05-11,26968.62,1794.3,307.5,0.4207,0.3598,0.07193,20.17,5.278,14.95,6.36
2023-05-12,26795.01,1807.45,308.5,0.4305,0.3705,0.07235,20.9,5.342,15.19,6.623
2023-05-13,26775.28,1795.11,310.7,0.424,0.3646,0.07167,20.84,5.346,14.91,6.491
2023-05-14,26917.62,1799.21,312.1,0.4253,0.3711,0.07196,20.93,5.347,15.03,6.547
2023-05-15,27162.14,1816.2,313.4,0.4273,0.3669,0.07191,20.99,5.313,15.08,6.635
2023-05-16,27033.84,1824.21,311.4,0.4425,0.3682,0.07275,20.67,5.296,14.9,6.659
2023-05-17,27405.61,1822.12,314.3,0.4484,0.3755,0.07483,21.06,5.422,15.17,6.758
2023-05-18,26821.28,1800.56,309.3,0.4596,0.3714,0.07344,20.34,5.338,14.68,6.531
2023-05-19,26880.26,1812.32,308.9,0.4675,0.3681,0.0735,20.36,5.372,14.68,6.51
2023-05-20,27102.43,1819.42,310.6,0.4685,0.3662,0.07361,20.28,5.409,14.63,6.503
2023-05-21,26747.78,1804.91,306.4,0.4575,0.3602,0.07212,19.61,5.273,14.31,6.43
2023-05-22,26849.27,1817.35,309.0,0.4618,0.3679,0.07291,19.53,5.311,14.68,6.533
2023-05-23,27219.61,1854.05,313.5,0.4651,0.3704,0.07289,20.02,5.401,14.71,6.504
2023-05-24,26329.01,1799.89,306.0,0.453,0.3638,0.07064,19.22,5.252,14.14,6.32
2023-05-25,26473.79,1805.6,304.5,0.4538,0.3581,0.07088,19.25,5.245,14.08,6.278
2023-05-26,26705.92,1827.79,306.8,0.4684,0.3626,0.07097,19.35,5.245,14.33,6.344
2023-05-27,26854.27,1829.89,307.4,0.4714,0.3667,0.07255,20.43,5.337,14.56,6.438
2023-05-28,28065.0,1908.64,314.1,0.482,0.3828,0.07352,20.81,5.502,14.89,6.631
2023-05-29,27736.4,1892.6,311.6,0.4946,0.3786,0.07313,20.57,5.459,14.48,6.637
2023-05-30,27694.4,1900.59,311.5,0.5205,0.3779,0.07231,21.25,5.442,14.45,6.613
2023-05-31,27210.35,1873.63,306.8,0.5166,0.3744,0.07165,20.81,5.315,14.11,6.478
2023-06-01,26817.93,1861.78,304.9,0.5065,0.3644,0.07142,20.49,5.206,14.09,6.344
2023-06-02,27242.59,1906.68,307.2,0.5244,0.3782,0.07256,21.26,5.278,14.49,6.45
2023-06-03,27069.22,1892.06,306.6,0.5188,0.3759,0.0727,21.19,5.341,14.58,6.421
2023-06-04,27115.21,1890.01,305.0,0.5359,0.3773,0.07249,21.82,5.314,14.79,6.452
2023-06-05,25728.2,1810.5,276.9,0.509,0.3514,0.0664,20.0,5.065,13.87,6.054
2023-06-06,27230.08,1884.64,281.2,0.53,0.3531,0.07025,20.38,5.202,14.62,6.261
2023-06-07,26339.34,1832.13,259.3,0.5183,0.3223,0.06728,18.64,5.024,14.02,5.917
2023-06-08,26498.61,1845.64,262.0,0.5236,0.3228,0.06796,18.89,5.023,13.93,5.995
2023-06-09,26477.81,1840.37,260.5,0.538,0.2951,0.06947,17.4,4.982,13.75,5.993
2023-06-10,25841.21,1751.53,238.7,0.5067,0.2747,0.06175,15.61,4.517,11.65,5.233
2023-06-11,25925.55,1752.76,235.4,0.5208,0.272,0.06151,15.55,4.523,11.58,5.175
2023-06-12,25905.19,1742.57,231.3,0.5251,0.2748,0.06143,15.19,4.535,11.52,5.16
2023-06-13,25934.25,1740.12,244.2,0.5192,0.2752,0.06175,15.04,4.627,11.8,5.3
2023-06-14,25128.6,1650.95,237.9,0.4801,0.2633,0.06038,14.48,4.569,11.38,5.25
2023-06-15,25598.49,1666.96,236.4,0.4801,0.262,0.06153,14.77,4.374,11.41,5.312
2023-06-16,26345.0,1717.92,239.3,0.4759,0.2632,0.06219,15.31,4.422,11.55,5.324
2023-06-17,26516.99,1727.76,244.5,0.4794,0.2667,0.0622,15.64,4.53,11.62,5.279
2023-06-18,26339.97,1720.95,244.1,0.4868,0.261,0.06212,15.45,4.536,11.34,5.156
2023-06-19,26844.35,1737.11,243.1,0.4936,0.2634,0.06245,16.1,4.53,11.47,5.133
2023-06-20,28307.99,1791.99,247.7,0.4929,0.2705,0.06313,16.64,4.662,12.12,5.267
2023-06-21,29993.89,1889.11,248.8,0.4999,0.2862,0.06561,17.23,4.821,12.9,5.556
2023-06-22,29884.92,1872.01,240.8,0.4938,0.2899,0.06555,16.62,4.825,12.65,5.558
2023-06-23,30688.5,1892.63,244.3,0.4961,0.2966,0.06823,17.13,5.098,13.29,6.07
2023-06-24,30527.43,1874.96,236.4,0.4865,0.2892,0.06669,16.64,5.008,13.01,6.133
2023-06-25,30462.66,1898.8,238.8,0.4903,0.2921,0.06672,16.96,5.194,13.44,6.157
2023-06-26,30267.99,1858.97,236.1,0.479,0.2805,0.06474,16.27,5.024,13.15,6.057
2023-06-27,30692.44,1889.58,237.5,0.4838,0.2867,0.06556,16.63,5.096,13.2,6.198
2023-06-28,30077.41,1828.02,230.6,0.4647,0.2669,0.06257,15.97,4.879,12.34,5.815
2023-06-29,30447.31,1851.99,233.1,0.4747,0.2752,0.06342,17.99,4.985,12.67,5.891
2023-06-30,30472.0,1933.79,240.3,0.4729,0.2869,0.06646,18.86,5.18,13.03,6.313
2023-07-01,30585.9,1924.5,247.9,0.4732,0.2924,0.06851,18.7,5.351,12.99,6.503
2023-07-02,30617.03,1937.48,246.5,0.4845,0.2916,0.06801,19.45,5.496,13.13,6.54
2023-07-03,31156.2,1955.54,246.5,0.489,0.2967,0.06845,19.26,5.431,13.25,6.628
2023-07-04,30766.51,1936.2,242.5,0.4872,0.2924,0.0689,19.13,5.348,13.04,6.521
2023-07-05,30504.81,1910.36,238.9,0.4777,0.2839,0.06701,19.0,5.208,12.67,6.299
2023-07-06,29895.43,1846.17,232.2,0.4622,0.2784,0.06485,19.61,5.014,12.37,6.08
2023-07-07,30344.7,1870.91,235.6,0.4687,0.2844,0.0654,21.5,5.119,12.74,6.156
2023-07-08,30284.63,1865.24,236.3,0.4704,0.2907,0.06573,21.81,5.128,13.64,6.196
2023-07-09,30160.71,1862.8,234.1,0.468,0.2844,0.06536,21.32,5.081,13.58,6.15
2023-07-10,30411.57,1880.4,246.2,0.478,0.2878,0.06523,21.3,5.131,13.39,6.167
2023-07-11,30622.1,1878.3,248.6,0.4753,0.2927,0.06528,22.07,5.214,13.27,6.206
2023-07-12,30380.0,1871.82,243.9,0.471,0.289,0.06503,21.94,5.147,13.01,6.252
2023-07-13,31454.23,2004.49,256.1,0.8153,0.3567,0.07042,26.01,5.545,14.11,7.124
2023-07-14,30312.01,1937.83,248.1,0.7179,0.3277,0.06849,26.67,5.451,14.64,6.958
2023-07-15,30289.52,1931.41,251.1,0.7145,0.326,0.07197,27.46,5.432,14.84,6.918
2023-07-16,30231.99,1922.11,242.3,0.7468,0.3146,0.06952,27.42,5.311,14.29,6.607
2023-07-17,30138.0,1911.2,244.1,0.7374,0.3118,0.06982,26.8,5.304,14.4,7.186
2023-07-18,29859.13,1897.21,240.2,0.7779,0.3095,0.06866,25.54,5.181,13.8,6.911
2023-07-19,29909.21,1888.63,240.8,0.8199,0.3226,0.07003,26.31,5.193,13.99,6.915
2023-07-20,29800.0,1891.59,242.8,0.7942,0.3161,0.07062,25.38,5.355,13.88,8.361
2023-07-21,29901.72,1891.73,243.7,0.7713,0.3127,0.07322,25.5,5.485,13.98,8.133
2023-07-22,29794.0,1866.52,241.1,0.7331,0.31,0.07047,24.52,5.314,13.53,7.881
2023-07-23,30083.75,1888.73,242.5,0.7384,0.3171,0.0718,24.76,5.391,13.54,7.89
2023-07-24,29176.5,1850.0,238.9,0.7021,0.3053,0.0742,23.37,5.209,13.11,7.586
2023-07-25,29228.91,1857.66,237.7,0.7089,0.3037,0.08185,23.27,5.175,13.33,7.392
2023-07-26,29351.96,1872.0,239.0,0.7161,0.3069,0.07793,25.17,5.235,13.27,7.742
2023-07-27,29222.78,1861.28,240.6,0.7139,0.3077,0.07761,25.1,5.239,13.15,7.989
2023-07-28,29314.14,1874.19,241.9,0.712,0.3099,0.07717,24.82,5.219,13.22,7.77
2023-07-29,29352.9,1880.46,242.4,0.7121,0.313,0.08023,25.17,5.248,13.23,7.842
2023-07-30,29281.09,1861.79,242.5,0.7046,0.3156,0.07802,24.25,5.184,13.12,7.555
2023-07-31,29232.25,1856.14,241.0,0.6976,0.307,0.07786,23.73,5.109,12.82,7.547
2023-08-01,29705.99,1873.47,247.7,0.7069,0.3103,0.07815,24.05,5.208,12.89,7.641
2023-08-02,29186.01,1839.9,240.7,0.685,0.2993,0.07422,23.15,5.061,12.55,7.351
2023-08-03,29193.64,1835.81,241.1,0.663,0.2922,0.07358,22.65,4.979,12.44,7.125
2023-08-04,29113.99,1830.23,241.7,0.6356,0.2935,0.07347,22.8,4.993,12.41,7.143
2023-08-05,29072.13,1836.48,243.2,0.6288,0.2938,0.07571,22.65,4.974,12.45,7.231
2023-08-06,29088.42,1830.28,243.2,0.624,0.2923,0.07427,23.2,5.005,12.59,7.102
2023-08-07,29211.06,1829.1,242.1,0.6236,0.291,0.07354,23.12,4.971,12.47,7.324
2023-08-08,29770.42,1856.3,245.2,0.6418,0.2974,0.07496,24.22,5.059,12.68,7.461
2023-08-09,29581.99,1855.35,243.8,0.6433,0.3013,0.07541,24.38,5.059,12.62,7.678
2023-08-10,29455.75,1852.47,241.5,0.6331,0.2965,0.07588,24.62,5.006,12.48,7.619
2023-08-11,29426.03,1848.84,239.7,0.6318,0.2933,0.07574,24.62,5.007,12.44,7.492
2023-08-12,29430.17,1849.93,240.3,0.6276,0.2919,0.0767,24.91,5.04,12.39,7.442
2023-08-13,29303.84,1840.73,240.2,0.6256,0.2894,0.07479,24.23,4.987,12.27,7.369
2023-08-14,29430.93,1845.5,240.4,0.6343,0.2906,0.07469,25.18,4.989,12.37,7.412
2023-08-15,29200.0,1828.98,236.7,0.6104,0.282,0.07093,23.9,4.818,11.83,7.043
2023-08-16,28730.51,1807.81,232.0,0.5889,0.2747,0.06717,22.82,4.672,11.38,6.762
2023-08-17,26623.41,1681.49,218.1,0.5064,0.2553,0.06102,21.66,4.429,10.57,6.189
2023-08-18,26054.0,1661.59,216.1,0.5062,0.264,0.06326,21.34,4.51,10.81,6.176
2023-08-19,26100.01,1669.67,216.8,0.5199,0.2688,0.06379,21.9,4.517,10.81,6.181
2023-08-20,26189.99,1685.24,216.5,0.5384,0.2703,0.06384,21.77,4.519,10.86,6.22
2023-08-21,26126.92,1667.55,210.4,0.5245,0.2628,0.06252,21.2,4.427,10.36,6.174
2023-08-22,26056.0,1634.99,210.9,0.521,0.2588,0.06259,20.59,4.423,10.15,6.112
2023-08-23,26432.72,1679.61,216.6,0.5301,0.2681,0.06379,21.74,4.489,10.33,6.352
2023-08-24,26180.05,1661.16,219.0,0.5187,0.2659,0.06308,21.06,4.424,10.12,6.084
2023-08-25,26060.01,1653.8,218.4,0.5258,0.2612,0.06312,20.42,4.49,10.04,6.014
2023-08-26,26017.37,1647.04,216.5,0.5231,0.261,0.06289,20.29,4.507,10.09,6.006
2023-08-27,26101.77,1658.33,218.4,0.5236,0.2634,0.06318,20.79,4.489,10.2,6.03
2023-08-28,26120.0,1653.08,218.8,0.5232,0.2676,0.06345,20.56,4.61,10.37,5.981
2023-08-29,27716.34,1729.42,226.9,0.5398,0.2726,0.0664,21.79,4.678,10.81,6.194
2023-08-30,27299.99,1705.23,223.8,0.5284,0.2654,0.06588,20.82,4.534,10.41,5.925
2023-08-31,25940.78,1645.76,216.7,0.511,0.2554,0.06376,19.74,4.271,9.98,5.879
2023-09-01,25805.05,1629.12,213.7,0.498,0.2551,0.06388,19.33,4.218,9.92,5.941
2023-09-02,25869.51,1637.03,214.4,0.4988,0.2562,0.06348,19.5,4.261,9.92,5.972
2023-09-03,25971.21,1635.84,214.4,0.5047,0.2559,0.06317,19.57,4.259,9.88,6.027
2023-09-04,25826.02,1630.51,215.2,0.5087,0.2561,0.06326,19.52,4.26,9.81,6.012
2023-09-05,25792.1,1634.45,214.6,0.5056,0.2578,0.06402,20.26,4.257,9.91,6.137
2023-09-06,25759.95,1633.15,215.2,0.5033,0.2577,0.06365,19.64,4.272,9.95,6.302
2023-09-07,26255.0,1648.11,217.1,0.505,0.2579,0.06365,19.92,4.294,10.1,6.387
2023-09-08,25910.5,1636.44,214.7,0.505,0.2544,0.06371,19.61,4.253,9.93,6.28
2023-09-09,25901.61,1635.54,214.1,0.5038,0.2533,0.06339,19.44,4.236,9.84,6.165
2023-09-10,25841.61,1617.42,212.4,0.4969,0.249,0.0613,18.24,4.149,9.47,6.015
2023-09-11,25162.52,1551.85,206.1,0.4744,0.2421,0.06049,17.72,3.989,9.23,5.829
2023-09-12,25840.1,1592.97,210.7,0.4804,0.2455,0.0609,17.92,3.986,9.22,5.957
2023-09-13,26222.0,1607.62,212.5,0.4832,0.2487,0.06126,18.4,3.998,9.29,6.02
2023-09-14,26522.73,1626.47,212.2,0.4892,0.2513,0.06208,18.85,4.058,9.4,6.151
2023-09-15,26600.0,1641.29,214.1,0.5005,0.2505,0.0625,19.14,4.139,9.43,6.367
2023-09-16,26559.67,1634.4,214.9,0.4998,0.2503,0.06214,19.12,4.185,9.38,6.281
2023-09-17,26527.51,1622.48,216.5,0.4925,0.2471,0.06147,18.81,4.07,9.1,6.146
2023-09-18,26762.51,1636.66,216.0,0.503,0.2516,0.06198,19.64,4.106,9.11,6.567
2023-09-19,27210.26,1643.12,217.2,0.514,0.2548,0.06268,20.03,4.152,9.21,6.846
2023-09-20,27125.0,1622.26,214.4,0.5212,0.2517,0.06262,20.29,4.138,9.05,6.905
2023-09-21,26568.08,1583.94,210.8,0.5071,0.2449,0.06131,19.46,4.012,8.83,6.664
2023-09-22,26580.14,1593.08,211.1,0.5122,0.2449,0.06152,19.43,4.019,8.87,6.958
2023-09-23,26575.96,1593.86,210.5,0.5076,0.2461,0.06152,19.49,4.033,8.9,7.189
2023-09-24,26248.38,1580.71,208.3,0.5021,0.2427,0.06069,19.36,3.993,8.78,6.972
2023-09-25,26304.81,1588.33,209.9,0.5056,0.2459,0.06094,19.39,4.068,8.95,7.494
2023-09-26,26221.67,1594.01,212.6,0.5019,0.2455,0.06062,19.03,4.013,9.04,7.356
2023-09-27,26372.99,1598.64,212.0,0.4993,0.2446,0.06053,19.14,3.993,8.92,7.645
2023-09-28,27021.39,1652.99,215.0,0.5098,0.2489,0.0615,19.96,4.073,9.27,7.807
2023-09-29,26906.96,1667.45,215.2,0.5215,0.2494,0.06213,20.28,4.074,9.17,7.946
2023-09-30,26962.56,1670.89,214.6,0.5149,0.254,0.06207,21.37,4.103,9.24,8.191
2023-10-01,27992.57,1733.79,218.2,0.5241,0.2659,0.06319,23.87,4.263,9.75,8.054
2023-10-02,27494.51,1662.4,214.6,0.5123,0.2591,0.062,23.37,4.12,9.31,7.47
2023-10-03,27426.46,1656.88,213.5,0.539,0.261,0.06137,23.6,4.077,9.42,7.409
2023-10-04,27778.57,1646.58,213.4,0.5326,0.2589,0.06147,23.13,4.042,10.1,7.674
2023-10-05,27410.39,1611.79,210.6,0.5227,0.2602,0.06086,22.7,4.024,10.14,7.465
2023-10-06,27931.09,1645.03,213.4,0.5255,0.2646,0.06137,23.41,4.068,10.66,7.639
2023-10-07,27956.67,1633.57,212.3,0.5216,0.2587,0.06143,23.3,4.051,10.35,7.524
2023-10-08,27917.05,1632.84,211.4,0.5174,0.2563,0.06096,23.22,4.012,10.09,7.673
2023-10-09,27590.12,1580.13,205.8,0.5027,0.2513,0.05873,22.1,3.881,9.54,7.276
2023-10-10,27390.12,1567.63,208.6,0.4965,0.249,0.05913,22.11,3.811,9.53,7.259
2023-10-11,26875.52,1566.87,206.6,0.4888,0.2481,0.05851,22.01,3.74,9.3,7.391
2023-10-12,26759.63,1539.61,205.1,0.483,0.246,0.05788,21.28,3.676,9.12,7.197
2023-10-13,26862.0,1552.16,206.1,0.4851,0.2458,0.05839,21.84,3.721,9.15,7.256
2023-10-14,26852.48,1554.94,206.5,0.4865,0.247,0.05984,22.0,3.735,9.15,7.331
2023-10-15,27154.15,1557.77,209.7,0.4874,0.2473,0.05931,21.93,3.753,9.17,7.423
2023-10-16,28500.78,1599.42,214.6,0.4978,0.2513,0.06,23.95,3.776,9.4,7.525
2023-10-17,28395.91,1565.01,211.4,0.4912,0.2463,0.05904,23.93,3.67,9.1,7.32
2023-10-18,28320.0,1563.44,210.2,0.4878,0.243,0.05858,23.42,3.654,8.91,7.356
2023-10-19,28713.71,1566.57,211.2,0.5197,0.2469,0.05887,24.93,3.649,9.06,7.304
2023-10-20,29669.04,1603.89,212.1,0.5149,0.2512,0.0599,27.03,3.718,9.22,7.57
2023-10-21,29909.8,1628.94,214.2,0.5208,0.2586,0.06119,29.32,3.909,9.63,8.914
2023-10-22,29992.46,1663.7,217.8,0.5226,0.2639,0.0617,29.05,3.967,10.09,10.19
2023-10-23,33069.99,1765.46,228.5,0.5475,0.2807,0.06742,31.88,4.357,10.58,10.577
2023-10-24,33922.73,1784.98,225.2,0.5588,0.2792,0.0666,30.17,4.19,10.32,10.372
2023-10-25,34496.05,1787.15,222.1,0.5552,0.2808,0.06832,32.44,4.291,10.52,11.058
2023-10-26,34151.66,1803.38,223.2,0.5533,0.2872,0.07185,32.77,4.234,11.05,10.928
2023-10-27,33892.02,1779.4,224.1,0.543,0.2893,0.06776,31.73,4.135,10.59,11.185
2023-10-28,34081.0,1776.2,225.7,0.5446,0.2909,0.069,31.63,4.181,10.97,10.923
2023-10-29,34525.89,1795.14,227.1,0.5561,0.2954,0.06935,32.83,4.315,11.37,11.081
2023-10-30,34474.73,1809.04,228.0,0.578,0.3031,0.06959,34.94,4.525,11.46,11.22
2023-10-31,34639.77,1814.67,226.2,0.5996,0.293,0.06827,38.4,4.449,11.33,11.353
2023-11-01,35421.43,1846.99,227.9,0.6085,0.3071,0.06894,41.15,4.727,12.23,11.638
2023-11-02,34941.59,1800.8,231.9,0.6054,0.323,0.0679,40.23,4.629,11.88,11.007
2023-11-03,34716.78,1832.71,230.2,0.6121,0.3292,0.06807,39.45,4.61,12.11,11.46
2023-11-04,35062.07,1855.54,237.1,0.6149,0.3278,0.06908,42.41,4.681,12.22,11.496
2023-11-05,35011.88,1891.71,244.0,0.6607,0.3419,0.07108,41.15,4.762,12.35,12.231
2023-11-06,35046.09,1900.95,255.1,0.7148,0.3624,0.07637,42.16,4.967,13.08,12.984
2023-11-07,35399.12,1885.27,246.2,0.685,0.3512,0.07338,42.93,4.927,12.81,13.04
2023-11-08,35624.72,1888.12,246.7,0.6869,0.3577,0.07534,43.13,5.033,12.99,14.919
2023-11-09,36701.09,2121.32,251.6,0.6665,0.3684,0.07357,45.29,5.09,12.96,14.603
2023-11-10,37301.63,2077.72,251.0,0.6595,0.3859,0.07539,56.67,5.3,14.74,15.493
2023-11-11,37130.0,2053.17,251.5,0.6626,0.3844,0.07849,56.34,5.557,16.79,16.477
2023-11-12,37064.13,2044.68,247.4,0.6613,0.3834,0.07795,56.28,5.709,18.98,16.025
2023-11-13,36462.93,2053.65,241.1,0.6702,0.3568,0.07456,51.6,5.348,16.12,14.358
2023-11-14,35551.19,1979.39,242.3,0.6296,0.3579,0.07244,56.81,5.197,17.05,13.945
2023-11-15,37858.2,2058.48,253.7,0.6481,0.3788,0.07623,65.43,5.564,20.7,15.027
2023-11-16,36163.51,1961.77,242.7,0.6119,0.3706,0.07947,57.8,5.352,21.71,13.866
2023-11-17,36613.92,1960.82,244.9,0.6133,0.3671,0.08641,58.51,5.244,21.94,13.702
2023-11-18,36568.1,1962.6,244.8,0.6106,0.3772,0.08028,58.56,5.289,21.99,13.75
2023-11-19,37359.86,2011.47,246.4,0.6258,0.384,0.08046,61.1,5.434,22.85,14.908
2023-11-20,37448.78,2021.4,253.1,0.6122,0.3804,0.07768,56.57,5.302,20.85,14.477
2023-11-21,35741.65,1933.01,225.5,0.5788,0.3566,0.07176,51.65,4.858,19.02,13.359
2023-11-22,37408.34,2063.21,236.1,0.6109,0.3805,0.07575,57.56,5.174,20.78,14.212
2023-11-23,37294.28,2062.2,233.8,0.6209,0.3873,0.0762,56.51,5.139,20.64,14.398
2023-11-24,37713.57,2080.84,232.7,0.6212,0.3862,0.07818,56.86,5.242,20.89,14.482
2023-11-25,37780.67,2083.09,234.4,0.6228,0.3941,0.07894,58.82,5.328,21.36,14.762
2023-11-26,37447.43,2062.33,231.7,0.6157,0.3873,0.07868,57.57,5.329,21.06,14.766
2023-11-27,37242.7,2027.5,227.2,0.6039,0.3777,0.07884,55.06,5.156,20.35,14.186
2023-11-28,37818.87,2048.14,229.6,0.6107,0.3858,0.08083,58.18,5.275,20.68,14.521
2023-11-29,37854.64,2028.81,227.3,0.6091,0.3816,0.08047,59.31,5.161,21.12,14.511
2023-11-30,37723.96,2051.96,227.6,0.6063,0.3759,0.08343,59.3,5.473,21.39,14.412
2023-12-01,38682.52,2087.24,228.5,0.6125,0.3844,0.08385,59.75,5.471,21.87,14.988
2023-12-02,39450.35,2164.74,229.0,0.6208,0.3976,0.08617,63.66,5.562,22.24,15.992
2023-12-03,39972.26,2192.95,228.1,0.6229,0.3949,0.08571,62.98,5.541,21.94,15.705
2023-12-04,41991.1,2243.37,233.5,0.6245,0.4068,0.09188,61.64,5.632,22.68,15.813
2023-12-05,44073.32,2293.33,231.2,0.621,0.4257,0.09435,61.03,5.907,24.54,15.729
2023-12-06,43762.69,2232.7,229.4,0.64,0.4429,0.09493,61.85,6.046,26.2,15.268
2023-12-07,43273.14,2355.73,232.6,0.6432,0.4555,0.09593,67.74,6.242,26.28,15.691
2023-12-08,44170.99,2358.72,238.9,0.6721,0.5454,0.10164,74.94,6.837,30.44,16.925
2023-12-09,43713.6,2340.49,237.7,0.6584,0.5791,0.09846,72.3,7.101,31.91,16.196
2023-12-10,43789.51,2352.39,239.8,0.6617,0.5948,0.10186,74.87,7.348,37.14,16.367
2023-12-11,41253.4,2225.12,246.4,0.6187,0.5507,0.09413,70.25,6.709,38.04,14.768
2023-12-12,41492.39,2203.46,254.6,0.6192,0.5784,0.09381,68.6,7.131,37.49,14.523
2023-12-13,42869.03,2260.16,252.0,0.6275,0.6675,0.09642,70.62,7.603,38.99,14.77
2023-12-14,43022.26,2315.32,253.3,0.6316,0.6433,0.0983,75.68,7.507,39.3,15.37
2023-12-15,41940.3,2220.5,244.9,0.6156,0.6004,0.09303,72.51,6.951,39.71,14.281
2023-12-16,42278.03,2228.96,244.4,0.6203,0.6078,0.09713,73.72,7.092,42.22,14.32
2023-12-17,41374.65,2196.52,238.8,0.6103,0.5804,0.09295,70.87,6.784,40.62,14.013
2023-12-18,42657.8,2219.43,241.7,0.6125,0.6021,0.09213,74.42,6.885,41.16,14.674
2023-12-19,42275.99,2177.91,252.9,0.6047,0.5761,0.09023,73.0,6.706,39.74,14.1
2023-12-20,43668.93,2202.17,260.3,0.6171,0.5894,0.0915,82.21,6.951,43.46,14.253
2023-12-21,43861.8,2239.61,272.1,0.6241,0.6351,0.09499,93.84,8.42,45.97,15.305
2023-12-22,43969.04,2324.54,271.1,0.6244,0.6226,0.09499,97.9,7.954,45.35,15.479
2023-12-23,43702.16,2308.2,271.0,0.6195,0.613,0.09346,107.88,8.326,48.05,15.682
2023-12-24,42991.5,2264.05,264.5,0.6121,0.5919,0.09171,112.45,8.611,47.68,15.262
2023-12-25,43576.13,2271.35,266.9,0.6462,0.6242,0.09435,120.91,9.191,48.18,15.585
2023-12-26,42508.93,2230.88,297.7,0.6219,0.6087,0.09135,112.49,8.819,44.41,15.092
2023-12-27,43428.85,2378.35,324.1,0.634,0.6334,0.09365,106.91,8.694,42.39,16.709
2023-12-28,42563.76,2344.15,322.6,0.6346,0.6158,0.09174,101.8,8.426,39.8,16.005
2023-12-29,42066.95,2299.2,313.7,0.623,0.6083,0.09097,106.17,8.291,40.18,15.54
2023-12-30,42140.28,2291.68,317.1,0.6207,0.6011,0.09,101.9,8.346,39.33,15.167
2023-12-31,42283.58,2281.87,311.8,0.6156,0.594,0.08955,101.72,8.202,38.55,14.941
2024-01-01,44179.55,2352.04,313.5,0.6294,0.6232,0.09199,109.91,8.595,41.94,15.548
2024-01-02,44946.91,2355.34,312.2,0.6246,0.605,0.0911,106.73,8.411,40.61,15.166
2024-01-03,42845.23,2209.72,315.8,0.5823,0.5569,0.08201,98.52,7.626,36.8,14.148
2024-01-04,44151.1,2267.11,323.7,0.5868,0.5699,0.08401,104.91,7.879,38.72,14.526
2024-01-05,44145.11,2268.78,317.5,0.5757,0.5414,0.08267,99.94,7.45,36.46,14.091
2024-01-06,43968.32,2240.78,307.5,0.5679,0.5227,0.08058,93.77,7.133,34.61,13.436
2024-01-07,43929.02,2221.42,302.4,0.5515,0.4945,0.07824,89.44,6.899,33.64,13.151
2024-01-08,46951.04,2330.44,303.7,0.5776,0.5412,0.0813,97.88,7.483,36.08,14.139
2024-01-09,46110.0,2344.29,301.1,0.5669,0.5124,0.07923,99.36,7.129,34.65,13.716
2024-01-10,46653.99,2584.38,305.8,0.6008,0.566,0.08307,102.0,7.991,38.53,15.072
2024-01-11,46339.16,2618.01,308.2,0.6019,0.582,0.08456,99.9,8.148,39.29,15.022
2024-01-12,42782.73,2522.54,296.6,0.5699,0.5476,0.08007,92.12,7.567,35.93,14.151
2024-01-13,42847.99,2578.19,302.2,0.5747,0.5491,0.08092,95.85,7.617,36.49,14.345
2024-01-14,41732.35,2472.87,299.5,0.5763,0.5251,0.08003,93.81,7.319,35.29,14.755
2024-01-15,42511.1,2511.78,317.5,0.5757,0.5276,0.08108,94.36,7.509,35.61,15.185
2024-01-16,43137.95,2587.4,315.2,0.5757,0.5356,0.08134,97.61,7.493,35.57,15.271
2024-01-17,42776.1,2530.19,309.4,0.5685,0.5282,0.08059,102.1,7.35,36.06,15.761
2024-01-18,41327.5,2470.81,313.0,0.552,0.5026,0.07808,94.4,7.017,33.59,14.658
2024-01-19,41659.03,2492.0,314.7,0.5443,0.5044,0.07857,93.62,6.894,32.73,16.118
2024-01-20,41696.04,2472.01,317.2,0.5534,0.516,0.08777,92.88,6.913,32.89,15.781
2024-01-21,41580.33,2457.05,318.6,0.5464,0.5032,0.08546,91.09,6.817,32.54,15.396
2024-01-22,39568.02,2314.2,305.9,0.5275,0.4786,0.08057,83.84,6.341,29.53,14.598
2024-01-23,39897.6,2242.6,298.8,0.5183,0.4773,0.07821,84.35,6.361,30.63,14.3
2024-01-24,40084.88,2235.02,293.1,0.5181,0.4765,0.07904,88.77,6.462,31.2,14.243
2024-01-25,39961.09,2218.64,292.1,0.5138,0.4666,0.07795,86.91,6.438,30.51,13.744
2024-01-26,41823.51,2267.68,302.2,0.5323,0.4849,0.07985,92.28,6.672,32.26,14.187
2024-01-27,42120.63,2267.94,305.6,0.5303,0.4862,0.08014,94.28,6.669,33.28,14.345
2024-01-28,42031.06,2256.9,305.3,0.5241,0.4903,0.07882,95.98,6.872,34.82,14.48
2024-01-29,43302.7,2317.6,310.7,0.5352,0.526,0.08135,101.68,7.032,36.06,15.004
2024-01-30,42941.1,2343.01,307.6,0.5107,0.5136,0.07972,101.4,6.836,35.22,15.475
2024-01-31,42580.0,2283.14,300.5,0.5033,0.4976,0.07875,96.96,6.654,33.17,15.429
2024-02-01,43082.94,2304.28,300.2,0.5058,0.5078,0.07937,97.81,6.791,33.85,17.19
2024-02-02,43200.0,2309.06,301.4,0.5105,0.5146,0.07928,100.58,6.947,36.76,17.828
2024-02-03,43011.09,2296.49,299.7,0.5186,0.5124,0.07874,97.96,6.825,35.95,17.658
2024-02-04,42582.88,2289.79,304.7,0.5032,0.4934,0.07831,95.49,6.666,34.87,18.153
2024-02-05,42708.7,2301.83,301.2,0.5069,0.4944,0.07835,95.66,6.737,34.55,19.164
2024-02-06,43098.95,2372.64,302.7,0.505,0.4983,0.07849,96.88,6.807,34.16,18.287
2024-02-07,44349.6,2425.1,307.3,0.5138,0.5022,0.08013,101.14,6.941,35.28,18.817
2024-02-08,45288.65,2419.55,319.2,0.5147,0.5304,0.07987,102.76,7.013,35.42,18.212
2024-02-09,47132.77,2486.56,324.0,0.5262,0.5407,0.08155,106.94,7.196,38.0,18.47
2024-02-10,47751.09,2500.24,323.0,0.5239,0.5515,0.08142,109.01,7.2,40.2,19.084
2024-02-11,48299.99,2507.21,320.7,0.5261,0.5414,0.08123,107.46,7.099,39.72,20.146
2024-02-12,49917.27,2659.99,327.8,0.5315,0.5592,0.08223,111.64,7.34,40.97,20.465
2024-02-13,49699.59,2639.99,324.7,0.5247,0.5449,0.08105,112.48,7.353,39.74,19.87
2024-02-14,51795.17,2774.81,333.9,0.5378,0.5768,0.0855,116.97,7.649,42.22,20.24
2024-02-15,51880.0,2822.59,354.2,0.5622,0.6087,0.08528,113.5,7.781,41.55,19.932
2024-02-16,52124.11,2801.8,360.4,0.5643,0.5986,0.08591,110.33,7.647,40.26,19.551
2024-02-17,51642.64,2785.93,352.9,0.5496,0.6096,0.08356,108.92,7.704,39.76,20.032
2024-02-18,52137.67,2881.2,349.8,0.5571,0.6193,0.08517,112.24,7.86,40.29,20.119
2024-02-19,51774.73,2944.8,351.6,0.5626,0.6308,0.08942,111.53,8.029,39.51,19.832
2024-02-20,52258.82,3014.81,354.6,0.5622,0.6216,0.08615,108.31,7.731,38.49,19.281
2024-02-21,51849.39,2967.9,379.2,0.5491,0.5988,0.08457,105.03,7.466,37.61,18.594
2024-02-22,51288.42,2971.4,382.6,0.541,0.5858,0.0841,101.76,7.48,36.78,18.121
2024-02-23,50744.15,2922.24,375.5,0.5342,0.5824,0.08451,99.9,7.563,35.92,17.935
2024-02-24,51568.22,2992.62,381.7,0.545,0.5969,0.08615,104.01,7.819,36.76,18.533
2024-02-25,51728.85,3112.59,388.5,0.5425,0.5914,0.08612,103.47,7.923,37.46,18.722
2024-02-26,54476.47,3175.94,401.6,0.5506,0.6191,0.08923,109.9,8.109,39.29,19.083
2024-02-27,57037.34,3242.36,394.6,0.5861,0.6239,0.09758,108.36,8.371,39.26,19.023
2024-02-28,62432.1,3383.1,414.6,0.575,0.6287,0.11585,119.03,8.342,40.33,19.43
2024-02-29,61130.98,3340.09,399.4,0.5867,0.6547,0.11732,125.68,8.261,40.97,19.274
2024-03-01,62387.9,3433.43,407.4,0.6013,0.7195,0.13934,129.43,8.661,42.67,20.051
2024-03-02,61987.28,3421.4,410.9,0.6442,0.7416,0.14196,130.02,9.463,44.35,21.398
2024-03-03,63113.97,3487.81,414.5,0.6271,0.7279,0.15347,130.16,9.781,42.58,20.507
2024-03-04,68245.71,3627.76,418.4,0.6477,0.7701,0.18196,133.27,9.862,43.08,20.416
2024-03-05,63724.01,3553.65,394.1,0.5912,0.6923,0.15304,125.31,9.32,39.43,18.973
2024-03-06,66074.04,3818.59,429.4,0.6121,0.7349,0.15784,130.79,10.544,41.56,20.085
2024-03-07,66823.17,3868.76,474.6,0.627,0.7427,0.15764,143.82,10.402,43.2,20.091
2024-03-08,68124.19,3883.36,485.8,0.62,0.7228,0.16457,144.79,10.637,42.61,19.699
2024-03-09,68313.27,3905.21,488.3,0.6197,0.7416,0.17875,144.29,10.493,42.92,19.972
2024-03-10,68955.88,3878.47,528.9,0.608,0.7166,0.16997,144.39,10.261,42.05,21.68
2024-03-11,72078.1,4064.8,523.0,0.723,0.7754,0.182,148.83,11.043,49.09,21.277
2024-03-12,71452.01,3979.96,537.5,0.688,0.7481,0.16816,151.05,10.736,55.48,20.704
2024-03-13,73072.41,4004.79,630.5,0.6891,0.7638,0.16897,163.9,11.374,54.79,20.751
2024-03-14,71388.94,3881.7,603.2,0.669,0.7509,0.17719,176.65,11.558,53.95,20.88
2024-03-15,69499.85,3742.19,632.7,0.6342,0.7274,0.16357,183.95,10.81,58.36,19.63
2024-03-16,65300.63,3523.09,576.4,0.6031,0.6591,0.14253,182.05,9.682,53.44,18.115
2024-03-17,68393.48,3644.71,571.7,0.6191,0.6814,0.15428,201.86,10.083,58.45,18.666
2024-03-18,67609.99,3520.46,555.4,0.6453,0.6603,0.14353,195.92,9.902,60.65,18.301
2024-03-19,61937.4,3158.64,507.7,0.5845,0.5864,0.12881,169.82,8.766,53.63,16.805
2024-03-20,67840.51,3516.53,556.8,0.6107,0.6396,0.15209,191.77,9.483,57.06,18.412
2024-03-21,65501.27,3492.85,553.8,0.6404,0.6318,0.15537,179.46,9.179,53.82,18.458
2024-03-22,63796.64,3336.35,553.8,0.6115,0.6147,0.15292,175.21,8.936,53.44,18.367
2024-03-23,63990.01,3329.53,551.9,0.6167,0.6232,0.1619,172.65,8.968,53.45,18.063
2024-03-24,67209.99,3454.98,567.7,0.6325,0.6468,0.17651,183.88,9.37,55.68,18.518
2024-03-25,69880.01,3590.42,587.0,0.6406,0.6567,0.17526,188.99,9.735,57.76,19.375
2024-03-26,69988.0,3587.33,580.4,0.6317,0.665,0.1823,190.46,9.689,55.78,20.007
2024-03-27,69469.99,3501.19,574.3,0.6118,0.6478,0.19047,186.33,9.445,54.1,19.289
2024-03-28,70780.6,3560.49,583.4,0.6244,0.6511,0.22001,189.63,9.522,54.63,19.148
2024-03-29,69850.54,3509.74,612.5,0.6301,0.6643,0.213,192.01,9.601,53.33,18.967
2024-03-30,69582.18,3505.64,600.7,0.6212,0.6436,0.19912,194.2,9.429,52.93,18.933
2024-03-31,71280.01,3645.29,606.7,0.6292,0.6501,0.22,202.45,9.647,54.06,19.171
2024-04-01,69649.8,3503.8,575.8,0.611,0.6212,0.20503,192.24,9.143,51.38,18.358
2024-04-02,65463.99,3278.96,551.4,0.5854,0.5807,0.18248,181.53,8.582,46.86,17.952
2024-04-03,65963.28,3310.83,561.5,0.5742,0.5693,0.17522,185.05,8.416,45.89,17.687
2024-04-04,68487.79,3327.4,585.5,0.5935,0.5831,0.17998,184.0,8.486,46.5,17.791
2024-04-05,67820.62,3317.85,577.8,0.5871,0.5741,0.1772,174.37,8.379,45.3,17.325
2024-04-06,68896.0,3351.59,585.4,0.593,0.5836,0.18577,178.68,8.494,48.19,17.559
2024-04-07,69360.39,3454.2,583.9,0.5944,0.5892,0.19887,179.52,8.704,49.32,17.913
2024-04-08,71620.0,3694.61,586.4,0.6147,0.6137,0.2026,180.68,9.043,49.86,18.101
2024-04-09,69146.0,3506.39,580.5,0.6141,0.5912,0.18912,172.42,8.659,46.47,17.362
2024-04-10,70631.08,3545.64,609.7,0.6172,0.5862,0.19971,173.31,8.408,47.3,17.417
2024-04-11,70006.23,3502.52,604.6,0.6086,0.5858,0.1938,172.37,8.384,46.01,17.555
2024-04-12,67116.52,3237.43,595.6,0.5468,0.5027,0.17403,153.16,7.24,39.34,15.156
2024-04-13,63924.51,3007.01,553.1,0.4788,0.4449,0.15254,138.47,6.388,33.89,13.288
2024-04-14,65661.84,3155.11,566.4,0.5033,0.4673,0.16212,151.25,6.855,37.27,14.098
2024-04-15,63419.99,3101.99,552.7,0.4977,0.461,0.16123,138.51,6.708,35.16,13.58
2024-04-16,63793.39,3084.22,537.6,0.4965,0.4583,0.156,136.22,6.702,34.76,13.46
2024-04-17,61277.37,2985.41,534.1,0.4951,0.444,0.14756,131.84,6.583,33.58,13.133
2024-04-18,63470.08,3064.4,552.1,0.5025,0.458,0.15221,142.07,6.784,34.85,13.887
2024-04-19,63818.01,3056.46,554.0,0.503,0.4682,0.15633,142.5,6.682,34.67,13.946
2024-04-20,64940.59,3155.79,570.9,0.5288,0.5072,0.1626,151.22,7.241,38.31,14.959
2024-04-21,64941.15,3147.67,579.6,0.5246,0.4993,0.15825,148.8,7.14,37.15,15.105
2024-04-22,66819.32,3200.2,604.5,0.556,0.5167,0.1612,156.95,7.466,39.19,15.445
2024-04-23,66414.0,3219.46,606.2,0.5445,0.5,0.15979,154.75,7.242,38.3,15.178
2024-04-24,64289.59,3140.8,608.8,0.5275,0.4746,0.15139,147.78,6.931,36.37,14.536
2024-04-25,64498.34,3155.8,613.2,0.5254,0.4705,0.15127,144.84,6.862,35.59,14.593
2024-04-26,63770.01,3131.3,598.0,0.5261,0.4631,0.148,139.23,6.764,34.42,14.49
2024-04-27,63461.98,3255.56,596.2,0.5179,0.4675,0.14776,141.31,6.807,34.47,14.267
2024-04-28,63118.62,3263.45,600.2,0.5103,0.4603,0.1467,137.99,6.728,33.95,13.809
2024-04-29,63866.0,3216.73,592.8,0.5151,0.4571,0.14342,137.77,6.587,35.28,14.074
2024-04-30,60672.0,3014.05,578.4,0.5006,0.4412,0.13339,126.77,6.425,32.71,13.129
2024-05-01,58364.97,2972.46,561.8,0.5175,0.4501,0.13021,134.64,6.899,33.33,13.347
2024-05-02,59060.61,2986.19,560.5,0.518,0.4578,0.13189,137.58,7.273,33.58,13.59
2024-05-03,62882.01,3102.61,587.0,0.5317,0.4673,0.14604,143.69,7.245,35.54,14.093
2024-05-04,63892.04,3117.23,585.7,0.5302,0.4633,0.16012,146.05,7.122,37.36,14.316
2024-05-05,64012.0,3136.41,592.0,0.5296,0.458,0.16098,145.73,7.302,37.35,14.371
2024-05-06,63165.19,3062.6,588.2,0.5402,0.4541,0.15648,152.82,7.121,37.11,14.484
2024-05-07,62312.08,3005.69,576.5,0.5245,0.4414,0.14999,148.03,6.993,35.31,13.997
2024-05-08,61193.03,2974.21,588.6,0.5171,0.4518,0.14324,142.18,6.983,34.02,13.9
2024-05-09,63074.01,3036.23,596.8,0.5209,0.4635,0.1522,152.57,7.05,35.07,14.237
2024-05-10,60799.99,2909.99,585.6,0.5022,0.4479,0.14389,146.01,6.746,33.71,13.564
2024-05-11,60825.99,2912.45,592.2,0.5059,0.439,0.14306,145.42,6.659,33.49,13.306
2024-05-12,61483.99,2929.29,594.8,0.4993,0.4377,0.14123,143.43,6.617,33.14,13.559
2024-05-13,62940.08,2950.99,591.7,0.5053,0.4368,0.14864,147.54,6.669,32.46,13.393
2024-05-14,61577.49,2881.93,567.1,0.5002,0.4285,0.14552,142.03,6.485,31.58,12.98
2024-05-15,66206.5,3032.55,581.0,0.5188,0.4524,0.15534,158.52,6.961,34.66,13.865
2024-05-16,65235.21,2944.7,569.2,0.5157,0.4597,0.14972,159.37,7.025,34.46,15.516
2024-05-17,67024.0,3092.01,580.9,0.5234,0.4824,0.15555,169.44,7.199,36.43,16.231
2024-05-18,66915.2,3122.94,580.3,0.5213,0.482,0.15302,172.4,7.157,37.24,16.329
2024-05-19,66274.01,3071.19,574.5,0.5096,0.4672,0.14908,169.93,6.931,35.6,16.56
2024-05-20,71446.62,3661.78,599.6,0.5377,0.502,0.16573,186.7,7.575,40.13,17.262
2024-05-21,70148.34,3789.6,618.5,0.537,0.4946,0.17024,178.15,7.61,41.2,16.739
2024-05-22,69166.62,3737.73,614.8,0.5268,0.4835,0.16628,176.95,7.467,40.0,16.354
2024-05-23,67969.65,3783.61,599.3,0.5289,0.4656,0.15973,176.16,7.2,38.52,16.596
2024-05-24,68549.99,3728.28,600.3,0.536,0.4601,0.16386,167.7,7.244,38.01,17.25
2024-05-25,69290.57,3749.26,602.4,0.5416,0.4623,0.17402,168.35,7.425,38.28,17.443
2024-05-26,68507.67,3826.47,600.2,0.5283,0.4581,0.16621,163.41,7.557,36.76,17.042
2024-05-27,69436.43,3894.22,603.9,0.534,0.4683,0.16908,170.15,7.64,38.26,18.786
2024-05-28,68398.39,3844.69,601.7,0.5287,0.4576,0.16497,168.68,7.37,37.02,18.528
2024-05-29,67652.42,3767.43,595.7,0.5238,0.4512,0.16386,168.32,7.178,36.2,18.453
2024-05-30,68352.17,3747.91,595.1,0.5186,0.4465,0.15946,166.88,6.998,35.98,17.944
2024-05-31,67540.01,3762.29,593.7,0.5176,0.447,0.15898,165.65,6.984,36.02,18.414
2024-06-01,67766.85,3815.82,601.9,0.5187,0.4499,0.16031,166.14,7.062,35.76,18.443
2024-06-02,67765.63,3780.91,602.9,0.5135,0.4465,0.1571,163.15,6.988,34.91,18.143
2024-06-03,68809.9,3767.06,626.4,0.5199,0.4573,0.15835,164.89,7.009,35.03,17.629
2024-06-04,70537.84,3810.23,685.7,0.5257,0.4615,0.16136,171.78,7.177,36.06,17.716
2024-06-05,71108.0,3865.99,698.8,0.5258,0.4613,0.16326,173.54,7.251,36.57,17.741
2024-06-06,70799.06,3813.46,711.2,0.5215,0.4582,0.16016,170.15,7.144,35.89,17.248
2024-06-07,69355.6,3678.32,684.0,0.4991,0.4492,0.1482,162.5,6.659,33.51,16.318
2024-06-08,69310.46,3681.57,682.7,0.4926,0.4368,0.14588,157.83,6.384,32.27,15.928
2024-06-09,69648.14,3706.4,673.0,0.4986,0.4442,0.14679,162.12,6.527,32.98,16.372
2024-06-10,69540.0,3667.85,625.1,0.4969,0.4406,0.14478,159.05,6.506,32.28,15.905
2024-06-11,67314.24,3497.33,602.5,0.4802,0.422,0.13806,149.31,6.378,31.55,14.988
2024-06-12,68263.99,3560.12,619.4,0.4916,0.4378,0.14621,155.22,6.738,33.27,16.006
2024-06-13,66773.01,3469.4,599.8,0.4769,0.421,0.1411,147.29,6.359,30.99,15.141
2024-06-14,66043.99,3481.8,603.3,0.4746,0.412,0.13499,143.05,6.163,30.29,14.744
2024-06-15,66228.25,3568.74,608.2,0.4908,0.414,0.13677,145.52,6.223,30.01,14.857
2024-06-16,66676.87,3624.41,610.8,0.4891,0.4168,0.13713,151.3,6.396,30.08,15.144
2024-06-17,66504.33,3511.46,604.3,0.5047,0.4013,0.12879,143.27,6.069,28.47,14.523
2024-06-18,65175.32,3483.42,588.6,0.491,0.3837,0.12225,137.41,5.771,26.6,13.986
2024-06-19,64974.37,3560.51,599.3,0.4933,0.3844,0.12247,135.62,5.799,26.94,14.345
2024-06-20,64869.99,3513.08,587.7,0.4888,0.3844,0.12455,133.55,5.642,27.58,14.255
2024-06-21,64143.56,3518.5,586.1,0.4889,0.376,0.12418,134.6,5.611,27.48,13.848
2024-06-22,64262.01,3495.75,591.1,0.4866,0.3846,0.12375,133.69,5.751,25.61,13.482
2024-06-23,63210.01,3420.91,577.5,0.4797,0.38,0.12222,128.69,5.652,25.09,13.194
2024-06-24,60293.3,3352.73,568.1,0.474,0.3777,0.11902,132.33,5.729,24.8,13.617
2024-06-25,61806.01,3394.91,578.2,0.4757,0.3918,0.12615,136.58,5.842,25.4,14.198
2024-06-26,60864.99,3371.44,573.0,0.4698,0.385,0.12276,136.81,5.799,25.82,13.915
2024-06-27,61706.47,3450.44,581.7,0.4753,0.3913,0.12711,149.71,6.287,27.91,14.433
2024-06-28,60427.84,3380.15,567.4,0.4716,0.3858,0.12306,140.03,6.19,27.96,13.778
2024-06-29,60986.68,3378.8,570.0,0.4727,0.3841,0.1219,140.28,6.08,27.76,13.543
2024-06-30,62772.01,3438.16,582.2,0.4761,0.3924,0.12448,146.61,6.215,29.36,14.281
2024-07-01,62899.99,3442.2,576.9,0.477,0.4032,0.12352,146.67,6.329,28.83,14.338
2024-07-02,62135.47,3421.35,580.1,0.4853,0.4184,0.1253,154.03,6.531,28.71,14.415
2024-07-03,60208.58,3295.48,556.7,0.4672,0.4069,0.11849,140.84,6.081,26.51,13.589
2024-07-04,57050.01,3059.7,513.6,0.4329,0.3623,0.10502,127.86,5.556,24.44,12.538
2024-07-05,56628.79,2981.78,497.7,0.4251,0.3501,0.10547,134.32,5.687,25.13,12.311
2024-07-06,58230.13,3066.83,526.0,0.4488,0.3707,0.11343,143.05,6.24,27.41,13.18
2024-07-07,55857.81,2931.0,490.7,0.4195,0.3466,0.10415,131.64,5.911,25.75,12.352
2024-07-08,56714.62,3019.01,510.6,0.4316,0.3691,0.10758,139.81,5.944,25.21,13.121
2024-07-09,58050.0,3066.65,516.9,0.4356,0.3754,0.10756,141.42,6.117,26.43,12.841
2024-07-10,57725.85,3101.05,524.7,0.4388,0.3885,0.108,141.98,6.097,25.75,12.79
2024-07-11,57339.89,3099.57,524.8,0.4491,0.3959,0.10664,135.73,5.903,25.21,12.347
2024-07-12,57889.1,3133.88,533.8,0.4745,0.4165,0.10769,139.46,6.103,25.96,12.74
2024-07-13,59204.02,3175.93,532.4,0.5257,0.4416,0.11231,141.9,6.232,25.86,13.021
2024-07-14,60797.91,3245.08,544.8,0.5205,0.4317,0.11535,147.66,6.32,26.35,13.448
2024-07-15,64724.14,3483.39,585.3,0.5372,0.4449,0.1249,159.38,6.484,27.82,14.394
2024-07-16,65043.99,3444.13,576.2,0.5793,0.4381,0.12478,160.62,6.337,28.01,14.206
2024-07-17,64087.99,3387.05,568.9,0.626,0.4359,0.12178,155.5,6.255,27.24,13.737
2024-07-18,63987.92,3426.5,571.9,0.5697,0.4234,0.11956,159.22,6.093,27.14,13.593
2024-07-19,66660.0,3503.53,593.4,0.5733,0.439,0.12543,169.13,6.338,28.16,14.076
2024-07-20,67139.96,3517.5,593.1,0.5937,0.4373,0.13424,173.6,6.333,29.11,14.247
2024-07-21,68165.34,3535.92,602.5,0.5984,0.4469,0.14026,184.49,6.43,32.64,14.816
2024-07-22,67532.01,3439.6,587.2,0.608,0.4262,0.13776,178.9,6.096,31.87,13.93
2024-07-23,65936.01,3482.51,581.9,0.5975,0.41,0.13031,173.03,5.917,29.82,13.91
2024-07-24,65376.0,3335.81,574.9,0.6179,0.4063,0.12795,178.06,5.748,28.38,13.4
2024-07-25,65799.95,3175.48,570.6,0.5996,0.3948,0.12526,171.85,5.755,27.24,12.94
2024-07-26,67907.99,3274.61,580.9,0.6034,0.4172,0.13419,183.06,5.867,28.72,13.53
2024-07-27,67896.5,3249.01,581.6,0.5956,0.4176,0.13144,183.92,5.825,28.04,13.54
2024-07-28,68249.88,3270.16,583.9,0.6012,0.4073,0.13004,184.9,5.718,27.4,13.3
2024-07-29,66784.69,3317.66,574.3,0.6019,0.4031,0.12843,182.57,5.649,27.01,13.53
2024-07-30,66188.0,3279.21,588.2,0.6277,0.4015,0.12551,179.16,5.519,26.33,13.14
2024-07-31,64628.0,3232.74,576.5,0.623,0.3882,0.12192,171.71,5.389,25.7,12.83
2024-08-01,65354.02,3203.4,575.1,0.5964,0.3925,0.11899,167.37,5.34,25.71,12.88
2024-08-02,61498.33,2989.61,542.9,0.5607,0.3636,0.11154,152.77,5.122,23.6,11.93
2024-08-03,60697.99,2903.64,529.6,0.5558,0.3646,0.10811,142.52,5.045,22.67,11.68
2024-08-04,58161.0,2688.92,496.9,0.5228,0.3442,0.10375,138.33,4.688,21.25,10.88
2024-08-05,54018.81,2419.59,464.2,0.4889,0.3119,0.09436,129.78,4.2,19.54,9.49
2024-08-06,56022.01,2461.33,484.8,0.5062,0.331,0.09645,144.4,4.509,20.89,10.07
2024-08-07,55134.16,2342.8,475.0,0.6002,0.3241,0.09558,144.77,4.579,19.85,9.48
2024-08-08,61685.99,2682.5,517.1,0.6166,0.3516,0.10748,163.13,4.879,22.73,10.75
2024-08-09,60837.99,2598.78,508.7,0.5805,0.3483,0.10386,156.28,4.783,21.74,10.53
2024-08-10,60923.51,2609.92,523.1,0.5841,0.3457,0.10518,154.01,4.754,21.59,10.55
2024-08-11,58712.59,2555.38,503.4,0.5528,0.3276,0.10059,141.57,4.495,20.4,10.0
2024-08-12,59346.64,2722.3,518.2,0.5684,0.339,0.10791,146.29,4.588,21.26,10.56
2024-08-13,60587.15,2702.44,524.2,0.577,0.34,0.10636,146.65,4.547,21.37,10.58
2024-08-14,58683.39,2661.45,523.4,0.5687,0.3352,0.1024,143.71,4.383,20.95,10.39
2024-08-15,57541.06,2569.89,519.2,0.5607,0.3248,0.10021,142.58,4.277,20.14,10.17
2024-08-16,58874.6,2592.73,519.7,0.5638,0.3301,0.10035,139.04,4.292,20.36,10.12
2024-08-17,59491.99,2614.51,541.6,0.5665,0.3373,0.10275,141.93,4.369,20.7,10.16
2024-08-18,58427.35,2612.15,531.2,0.5631,0.3342,0.10004,142.42,4.39,20.82,10.09
2024-08-19,59438.5,2636.36,558.4,0.5985,0.3367,0.10133,144.29,4.481,21.21,10.19
2024-08-20,59013.8,2572.82,569.4,0.5937,0.3434,0.10289,142.27,4.524,22.26,10.23
2024-08-21,61156.03,2630.71,570.1,0.5999,0.3689,0.10615,142.79,4.663,23.53,11.22
2024-08-22,60375.84,2622.88,582.9,0.5976,0.3763,0.10525,143.22,4.689,25.22,11.48
2024-08-23,64037.24,2762.48,591.7,0.6109,0.3912,0.11293,153.26,4.891,26.49,12.05
2024-08-24,64157.01,2768.0,580.5,0.6127,0.3935,0.11258,160.67,4.981,27.11,12.35
2024-08-25,64220.0,2746.13,573.9,0.6,0.3849,0.10959,158.92,4.819,26.92,12.1
2024-08-26,62834.0,2680.49,548.2,0.5874,0.3661,0.1052,157.12,4.558,25.94,11.83
2024-08-27,59415.0,2457.33,533.3,0.5666,0.3503,0.09891,146.79,4.378,24.09,11.16
2024-08-28,59034.9,2528.33,537.0,0.5693,0.3502,0.09964,143.95,4.254,23.45,11.17
2024-08-29,59359.01,2527.61,536.4,0.5619,0.3578,0.10037,140.0,4.252,22.89,10.94
2024-08-30,59123.99,2526.0,535.2,0.5667,0.3469,0.10177,137.99,4.277,23.29,11.11
2024-08-31,58973.99,2513.01,532.9,0.5662,0.345,0.10128,135.35,4.258,22.81,11.02
2024-09-01,57301.86,2425.72,512.4,0.5472,0.3311,0.09509,128.5,4.068,21.42,10.37
2024-09-02,59132.13,2538.01,526.3,0.5677,0.3362,0.09912,134.94,4.208,22.37,10.77
2024-09-03,57487.73,2425.29,518.7,0.5572,0.3185,0.09677,127.54,4.062,21.38,10.31
2024-09-04,57970.9,2450.71,507.6,0.5579,0.3231,0.098,133.64,4.111,21.9,10.34
2024-09-05,56180.0,2368.81,502.4,0.5444,0.3251,0.09842,129.41,4.021,21.38,10.03
2024-09-06,53962.97,2225.23,487.2,0.5211,0.3148,0.09254,125.05,3.959,21.17,9.57
2024-09-07,54160.86,2273.58,493.5,0.5248,0.3253,0.09539,127.71,4.079,21.8,10.03
2024-09-08,54869.95,2297.3,503.1,0.5295,0.339,0.09616,130.15,4.161,23.25,10.35
2024-09-09,57042.0,2359.5,518.7,0.5395,0.3435,0.10376,135.08,4.286,23.84,10.53
2024-09-10,57635.99,2388.52,517.0,0.5408,0.3431,0.1028,135.63,4.251,24.36,10.58
2024-09-11,57338.0,2340.55,530.1,0.5348,0.3532,0.10131,132.42,4.191,23.28,10.4
2024-09-12,58132.32,2361.76,544.5,0.5626,0.3564,0.10269,136.05,4.294,24.02,10.78
2024-09-13,60498.0,2439.19,556.4,0.5728,0.3606,0.10696,139.02,4.42,24.91,11.45
2024-09-14,59993.03,2417.79,553.3,0.5956,0.3539,0.1054,137.14,4.437,25.32,11.29
2024-09-15,59132.0,2316.1,553.4,0.5706,0.3385,0.10281,131.37,4.393,23.8,10.81
2024-09-16,58213.99,2295.68,533.7,0.5866,0.3303,0.09964,131.47,4.196,23.52,10.54
2024-09-17,60313.99,2341.8,546.2,0.5839,0.3338,0.10112,131.54,4.157,23.77,10.63
2024-09-18,61759.99,2374.75,559.5,0.5852,0.3441,0.10385,134.34,4.176,24.68,10.89
2024-09-19,62947.99,2465.21,567.0,0.5868,0.351,0.10499,142.89,4.255,26.66,11.21
2024-09-20,63201.05,2561.4,569.0,0.5851,0.3522,0.10555,146.66,4.34,27.67,11.44
2024-09-21,63348.96,2612.4,588.6,0.5976,0.3584,0.10993,149.41,4.462,27.79,11.5
2024-09-22,63578.76,2581.0,588.7,0.5871,0.3517,0.10633,144.63,4.311,27.29,11.13
2024-09-23,63339.99,2646.97,604.5,0.5847,0.3637,0.10807,144.79,4.458,27.39,11.39
2024-09-24,64262.7,2653.2,605.9,0.5911,0.3878,0.10979,152.73,4.635,28.46,12.15
2024-09-25,63152.01,2579.95,587.4,0.5831,0.3809,0.10849,147.98,4.637,27.28,12.11
2024-09-26,65173.99,2632.26,596.3,0.5905,0.4014,0.11818,155.55,4.814,29.16,12.56
2024-09-27,65769.95,2694.43,606.8,0.5888,0.4017,0.12351,157.64,4.882,30.43,12.67
2024-09-28,65858.0,2675.21,601.1,0.6138,0.4006,0.12806,156.75,4.794,29.28,12.95
2024-09-29,65602.01,2657.62,595.6,0.6412,0.3975,0.12438,158.46,4.767,29.04,12.46
2024-09-30,63327.59,2602.23,567.4,0.6114,0.3733,0.11421,152.49,4.432,27.71,11.85
2024-10-01,60805.78,2447.79,547.3,0.5967,0.352,0.10685,145.13,4.154,25.82,11.01
2024-10-02,60649.28,2364.1,542.5,0.5383,0.3432,0.10462,140.18,4.102,25.33,10.66
2024-10-03,60752.71,2349.8,544.8,0.5217,0.3453,0.10507,136.82,4.129,24.66,10.66
2024-10-04,62086.0,2414.41,555.3,0.534,0.3517,0.10924,143.24,4.194,26.27,11.08
2024-10-05,62058.0,2414.66,563.0,0.5294,0.351,0.1094,142.59,4.139,25.67,11.27
2024-10-06,62819.91,2440.03,570.3,0.5336,0.3575,0.11159,146.48,4.191,26.94,11.27
2024-10-07,62224.0,2422.71,564.3,0.5286,0.3512,0.10841,143.96,4.131,26.56,11.16
2024-10-08,62160.49,2440.89,580.8,0.531,0.3448,0.10709,143.49,4.104,26.34,10.82
2024-10-09,60636.02,2370.47,570.7,0.5245,0.3396,0.10794,139.33,4.024,25.76,10.53
2024-10-10,60326.39,2386.49,563.9,0.5305,0.3396,0.10603,139.03,4.073,25.86,10.56
2024-10-11,62540.0,2439.5,573.6,0.5388,0.3517,0.11077,145.53,4.171,27.45,10.91
2024-10-12,63206.22,2476.4,576.6,0.5393,0.3532,0.11138,146.4,4.205,28.64,11.01
2024-10-13,62870.02,2468.91,572.2,0.5321,0.3486,0.1114,147.74,4.162,29.06,10.75
2024-10-14,66083.99,2629.79,589.1,0.5483,0.3643,0.11669,157.59,4.378,29.07,11.28
2024-10-15,67074.14,2607.41,594.5,0.5417,0.3591,0.11748,154.76,4.406,28.21,11.45
2024-10-16,67620.01,2611.1,600.9,0.5482,0.3521,0.12573,154.28,4.314,28.02,11.24
2024-10-17,67421.78,2605.8,592.9,0.5441,0.3432,0.12967,150.5,4.193,27.31,11.03
2024-10-18,68428.0,2642.17,599.2,0.5465,0.3507,0.13716,154.94,4.31,28.1,11.48
2024-10-19,68378.0,2648.2,597.7,0.544,0.3513,0.14407,159.79,4.432,28.1,11.42
2024-10-20,69031.99,2746.91,605.9,0.5482,0.3649,0.14214,167.4,4.579,28.96,11.98
2024-10-21,67377.5,2666.7,598.8,0.5449,0.3609,0.14367,166.17,4.377,27.75,11.71
2024-10-22,67426.0,2622.81,593.8,0.5339,0.3645,0.1397,167.59,4.322,27.64,11.97
2024-10-23,66668.65,2524.61,584.9,0.5258,0.3497,0.13997,170.85,4.21,26.75,11.32
2024-10-24,68198.28,2535.82,594.5,0.532,0.3465,0.14188,177.19,4.206,26.83,11.62
2024-10-25,66698.33,2440.62,575.3,0.5022,0.3261,0.13161,164.9,3.996,24.93,11.13
2024-10-26,67092.76,2482.51,583.4,0.5134,0.3337,0.13747,170.88,4.035,25.41,11.01
2024-10-27,68021.7,2507.8,589.2,0.5168,0.3399,0.14426,176.63,4.128,25.77,10.99
2024-10-28,69962.21,2567.48,601.1,0.5195,0.3437,0.16146,178.29,4.132,26.25,11.18
2024-10-29,72736.42,2638.8,606.3,0.5284,0.3561,0.17586,179.42,4.193,26.88,11.8
2024-10-30,72344.74,2659.19,595.6,0.5229,0.355,0.16828,174.87,4.191,26.18,12.39
2024-10-31,70292.01,2518.61,576.6,0.5095,0.3418,0.16164,168.69,3.959,25.03,11.41
2024-11-01,69496.01,2511.49,573.1,0.5131,0.3575,0.15916,166.1,3.908,24.78,11.25
2024-11-02,69374.74,2494.23,568.6,0.5103,0.3482,0.15955,166.17,3.908,24.12,11.19
2024-11-03,68775.99,2457.73,557.7,0.503,0.3341,0.15139,162.53,3.784,23.54,10.76
2024-11-04,67850.01,2398.21,552.5,0.5035,0.3263,0.15822,157.95,3.752,22.72,10.26
2024-11-05,69372.01,2422.55,563.21,0.514,0.3336,0.16999,166.62,3.855,23.99,10.83
2024-11-06,75571.99,2721.87,592.22,0.5418,0.363,0.19646,186.59,4.111,27.01,12.17
2024-11-07,75857.89,2895.47,598.26,0.5556,0.4065,0.19324,196.35,4.163,27.38,12.59
2024-11-08,76509.78,2961.75,597.82,0.5537,0.4447,0.20197,199.85,4.325,28.78,13.69
2024-11-09,76677.46,3126.21,624.66,0.5593,0.4967,0.2189,199.89,4.63,30.36,13.78
2024-11-10,80370.01,3183.21,627.33,0.5884,0.5901,0.27778,210.07,5.241,31.89,14.25
2024-11-11,88647.99,3371.59,659.63,0.6207,0.6132,0.35136,222.13,5.71,35.71,14.91
2024-11-12,87952.01,3243.8,625.33,0.704,0.5709,0.37985,211.64,5.308,33.96,13.95
2024-11-13,90375.2,3187.16,620.68,0.6898,0.5783,0.39903,215.13,5.073,33.12,13.48
2024-11-14,87325.59,3058.82,622.3,0.7736,0.5792,0.36254,209.57,4.775,31.21,13.0
2024-11-15,91032.07,3090.01,619.37,0.8922,0.7071,0.3815,218.45,5.161,33.13,13.84
2024-11-16,90586.92,3132.87,622.69,1.1209,0.7416,0.36421,215.71,5.787,35.14,14.52
2024-11-17,89855.99,3076.0,618.9,1.0543,0.7026,0.36704,237.47,5.424,34.71,13.78
2024-11-18,90464.08,3207.8,618.93,1.1137,0.7325,0.37113,239.79,6.008,35.48,15.26
2024-11-19,92310.79,3107.44,615.5,1.1003,0.7387,0.39067,237.63,5.805,34.2,14.62
2024-11-20,94286.56,3069.97,605.39,1.1041,0.8003,0.37778,235.48,5.724,33.59,14.24
2024-11-21,98317.12,3355.81,621.86,1.247,0.8218,0.38664,256.37,5.93,35.84,14.89
2024-11-22,98892.0,3327.78,633.0,1.4726,1.0175,0.41277,256.9,6.63,43.17,16.57
2024-11-23,97672.4,3393.91,650.42,1.4685,1.0658,0.43015,254.89,8.515,41.44,17.38
2024-11-24,97900.04,3361.2,659.65,1.4331,1.0226,0.43023,252.73,8.825,42.06,17.91
2024-11-25,93010.01,3414.49,636.2,1.4142,0.9435,0.39264,234.18,8.232,41.31,17.34
2024-11-26,91965.16,3324.73,613.51,1.3984,0.9603,0.38705,230.69,8.065,42.72,17.34
2024-11-27,95863.11,3653.28,644.14,1.4696,1.0116,0.40093,241.96,8.456,43.78,18.66
2024-11-28,95643.98,3578.79,653.83,1.5421,1.0321,0.4016,237.59,8.615,42.77,17.93
2024-11-29,97460.0,3592.21,654.67,1.8006,1.0755,0.42636,243.33,9.026,44.86,18.24
2024-11-30,96407.99,3703.6,653.43,1.9513,1.079,0.4216,237.6,8.945,44.81,19.0
2024-12-01,97185.18,3707.61,655.99,2.2937,1.1496,0.44045,236.8,9.289,45.09,18.92
2024-12-02,95840.62,3643.42,647.82,2.7245,1.2022,0.42457,225.72,10.011,52.27,25.23
2024-12-03,95849.69,3614.51,734.64,2.5102,1.1914,0.40632,233.92,9.78,50.9,24.09
2024-12-04,98587.32,3837.8,739.53,2.3574,1.1871,0.43274,229.15,10.512,52.76,24.07
2024-12-05,96945.63,3785.2,717.1,2.2446,1.1597,0.42682,235.84,10.369,50.3,23.15
2024-12-06,99740.84,3998.87,730.22,2.4257,1.2278,0.43467,236.87,10.673,52.47,25.87
2024-12-07,99831.99,3996.22,749.72,2.6099,1.2103,0.45281,238.14,10.592,51.6,24.79
2024-12-08,101109.59,4004.15,742.0,2.6013,1.1936,0.46635,237.02,10.392,53.98,26.09
2024-12-09,97276.47,3712.0,689.19,2.2124,1.0034,0.41403,216.63,8.468,45.02,22.25
2024-12-10,96593.0,3628.25,676.8,2.3709,1.0215,0.39392,213.6,8.395,44.6,22.12
2024-12-11,101125.0,3831.81,711.21,2.3941,1.0868,0.41402,227.29,8.993,48.47,24.07
2024-12-12,100004.29,3881.61,705.77,2.3384,1.1231,0.40611,226.96,9.061,53.14,29.13
2024-12-13,101424.25,3906.8,725.72,2.4217,1.1213,0.40901,224.79,9.089,52.78,28.99
2024-12-14,101420.0,3870.29,715.79,2.4005,1.061,0.39828,219.93,8.551,49.85,29.12
2024-12-15,104463.99,3959.09,718.87,2.4469,1.0996,0.40659,224.27,9.028,50.76,29.26
2024-12-16,106058.66,3986.24,720.58,2.4841,1.0775,0.40195,216.19,8.756,48.98,28.73
2024-12-17,106133.74,3893.01,717.69,2.5673,1.0522,0.39415,223.15,8.487,47.92,27.86
2024-12-18,100204.01,3626.8,686.38,2.3103,0.9681,0.35824,206.53,7.679,42.78,24.86
2024-12-19,97461.86,3417.01,665.62,2.239,0.8806,0.31431,193.81,6.941,38.83,22.81
2024-12-20,97805.44,3472.21,678.6,2.2793,0.9501,0.31793,194.48,7.29,39.86,23.39
2024-12-21,97291.99,3338.92,663.49,2.238,0.9052,0.32042,181.45,6.973,37.42,22.13
2024-12-22,95186.27,3281.83,649.77,2.2031,0.8834,0.31262,180.52,6.842,36.57,22.08
2024-12-23,94881.47,3422.53,694.16,2.2617,0.9264,0.32497,190.11,7.385,39.11,24.55
2024-12-24,98663.58,3493.18,696.9,2.3238,0.9358,0.3371,197.09,7.552,41.25,25.42
2024-12-25,99429.6,3497.0,702.72,2.2973,0.9176,0.33433,197.44,7.502,40.25,24.44
2024-12-26,95791.6,3335.05,689.4,2.1559,0.8611,0.31274,188.46,6.932,37.33,22.68
2024-12-27,94299.03,3333.51,691.85,2.1466,0.8771,0.31186,184.22,6.91,36.56,21.57
2024-12-28,95300.0,3404.0,722.13,2.1843,0.8895,0.32439,195.5,7.113,37.74,21.99
2024-12-29,93738.2,3356.48,694.71,2.0942,0.859,0.31435,189.94,6.865,35.84,20.96
2024-12-30,92792.05,3361.84,705.36,2.0587,0.8615,0.31396,191.38,6.704,35.97,20.58
2024-12-31,93576.0,3337.78,702.3,2.0836,0.8451,0.316,189.31,6.643,35.71,20.01
