date,BTC,ETH,BNB,XRP,ADA,DOGE,SOL,DOT,AVAX,LINK
2020-01-01,16792.388165,144770.52197,940625.04,29773022.6,29827408.5,31462868.0,,,,1158748.32
2020-01-02,31951.483932,213757.05806,971190.67,47912105.6,42826456.1,191887309.0,,,,1422992.29
2020-01-03,68428.500451,413055.18895,1458450.49,70390779.3,102581046.7,109005714.0,,,,1789613.99
2020-01-04,29987.974977,184276.17102,1231281.06,34239655.4,55528746.4,123468609.0,,,,1241322.81
2020-01-05,38331.085604,254120.45343,1458003.02,54356477.7,71815282.1,66437147.0,,,,1524717.4
2020-01-06,54635.695316,408020.27375,1633712.04,234157239.2,131688800.5,108507039.0,,,,3301261.66
2020-01-07,91171.684661,447762.17281,1458769.7,206449580.6,210380672.5,121470207.0,,,,6873503.39
2020-01-08,112622.64264,570465.57764,1497529.49,148861801.3,228408557.2,205791636.0,,,,12147661.7
2020-01-09,64239.51983,366076.06569,1075088.98,75492140.5,86372611.3,80515080.0,,,,5099844.97
2020-01-10,82406.777448,409403.59507,1572086.31,145223181.5,160265699.1,222205607.0,,,,4235526.03
2020-01-11,54810.032667,368350.57939,1397398.3,119237732.2,82682827.3,94223943.0,,,,4347105.06
2020-01-12,38131.494336,229541.86137,2042903.51,70711714.4,74412951.5,49775170.0,,,,2502624.23
2020-01-13,31159.755683,207996.61865,1522093.0,50959156.8,48213285.1,66668055.0,,,,1977335.23
2020-01-14,120399.126742,1108476.31186,2711583.22,301142541.5,436406174.4,297610208.0,,,,7062307.44
2020-01-15,84816.297606,721687.80381,3041574.63,237606461.8,317415252.7,262905054.0,,,,6414464.86
2020-01-16,51991.074284,456170.86719,1842017.29,140095581.9,167386728.8,98583989.0,,,,4944704.42
2020-01-17,70897.737377,767180.67853,2734829.93,214368960.7,352746229.4,280388650.0,,,,12221911.1
2020-01-18,38294.746545,688783.17982,1903293.0,206939203.8,235080675.3,191378707.0,,,,4502826.05
2020-01-19,70676.889259,624681.28604,2128210.74,180887717.9,255673670.8,161012185.0,,,,6650884.78
2020-01-20,38896.639746,358092.8841,1576499.08,115112776.4,168161777.9,95126694.0,,,,4142689.53
2020-01-21,36494.687659,308007.6353,1923914.5,111913129.9,276447719.3,130661575.0,,,,3244654.09
2020-01-22,29080.557138,272240.90286,1607749.78,84725853.4,130329910.9,72204081.0,,,,1637205.02
2020-01-23,48165.944597,373414.34985,1363632.79,105762250.0,196962912.5,120187526.0,,,,4806803.21
2020-01-24,41687.529529,430013.19902,1411501.98,121855078.5,208401165.6,72913429.0,,,,4161651.97
2020-01-25,25521.157932,219921.65197,1211416.32,56806347.0,121509453.8,74227952.0,,,,1881931.46
2020-01-26,31130.485164,251582.55758,1619344.75,79796120.0,146166010.5,62787676.0,,,,1936836.47
2020-01-27,53973.542996,365894.81917,1562998.84,102966534.5,301036037.1,189983953.0,,,,3426087.65
2020-01-28,74584.853765,473433.89609,1916526.07,157599522.5,720874424.0,132996335.0,,,,3113588.17
2020-01-29,53864.065122,317382.90161,1452764.7,114643264.7,549284133.2,113185519.0,,,,5269667.72
2020-01-30,60626.744259,477721.6609,1787521.22,162144624.0,440823391.8,78294104.0,,,,5780750.02
2020-01-31,45552.022352,385596.53365,1647399.08,122494224.8,433767507.0,106455643.0,,,,3910431.21
2020-02-01,28578.067354,259370.12902,1511588.86,78963550.6,316991127.7,69780779.0,,,,2737541.77
2020-02-02,45690.91254,552621.13619,1558716.52,220101966.8,534062511.4,140214787.0,,,,3442889.59
2020-02-03,50892.133451,417175.95781,1314693.12,168166882.1,293324470.9,147181393.0,,,,3106758.86
2020-02-04,53308.175266,366389.69686,1215609.2,273001224.9,290866580.7,243323349.0,,,,4494415.89
2020-02-05,64870.415615,550942.11417,2068915.04,309852829.8,340602221.6,456737744.0,,,,4267689.22
2020-02-06,64949.706588,608240.2233,2794537.34,274932947.3,349428025.2,245310854.0,,,,4383200.46
2020-02-07,43966.114632,629361.15466,3187751.23,158743853.5,291231933.0,266969073.0,,,,14840163.74
2020-02-08,43600.843666,548551.87465,2208642.4,164832911.1,244212016.2,1122954168.0,,,,10059760.55
2020-02-09,43408.475616,350336.24399,2853749.06,151863434.1,200981732.1,1307461248.0,,,,6151025.56
2020-02-10,59573.084619,510415.49949,4794544.72,142780388.9,261446204.6,810781064.0,,,,6758374.35
2020-02-11,62422.395224,595576.90276,3512538.38,150202084.8,272124502.2,584824864.0,,,,11780106.07
2020-02-12,61008.06393,1038073.74782,2954235.48,358543825.1,457749344.8,621222834.0,,,,13673147.31
2020-02-13,79344.358759,1089679.1537,3638084.35,684720941.9,517671388.6,570152846.0,,,,8232595.29
2020-02-14,47038.480173,734944.32266,3252594.32,348251076.6,299318987.9,305515579.0,,,,10369344.95
2020-02-15,57657.202947,860813.14274,3355196.37,397053085.5,397183062.7,320372009.0,,,,15608978.06
2020-02-16,60023.999537,1110118.46395,3752723.69,381819181.7,475885586.6,417846263.0,,,,22171359.69
2020-02-17,70261.011901,1110371.39094,3208991.96,354803561.0,444539698.1,273787797.0,,,,19343142.25
2020-02-18,70604.124019,1115523.43992,3010749.17,296854594.3,397628983.7,344021674.0,,,,11931206.57
2020-02-19,55162.586895,705973.72988,2160221.91,219950638.9,243037174.1,156007562.0,,,,10109760.48
2020-02-20,60152.342914,972969.71691,2367513.62,270623144.6,307618869.9,268076623.0,,,,11478760.65
2020-02-21,42181.554524,525827.8734,2989205.36,175945123.9,207696100.5,153113913.0,,,,7730080.2
2020-02-22,24636.757623,313062.52133,2139282.22,107040364.2,137773571.5,107733066.0,,,,6716454.02
2020-02-23,37702.089843,444740.82883,3052036.96,134020545.9,182144312.0,85158189.0,,,,5652318.24
2020-02-24,55796.59612,696591.72983,2294898.35,184354129.7,239584286.3,123771852.0,,,,8591286.07
2020-02-25,54379.344552,774791.01027,2335580.11,209531989.3,252035011.9,256619298.0,,,,12394531.52
2020-02-26,92130.345482,1395879.41507,3772185.04,366105232.9,628740635.6,305716693.0,,,,22248039.55
2020-02-27,72483.578762,1273793.11658,3018934.76,250168249.9,396151349.9,164177168.0,,,,19252934.55
2020-02-28,71155.208977,1054994.92397,3099999.93,190843431.7,341622382.6,99076087.0,,,,18277736.2
2020-02-29,36748.183035,546866.6851,3569383.92,104602134.2,219715834.0,84399218.0,,,,12512141.06
2020-03-01,43892.201779,715016.01941,2382184.78,125219316.2,289344971.6,116810334.0,,,,14748523.07
2020-03-02,60401.31773,810051.4833,3267729.0,138299654.6,245027392.9,96449244.0,,,,12656156.05
2020-03-03,55154.997282,741498.54825,2545825.0,130633902.5,210562458.0,276081118.0,,,,17189323.0
2020-03-04,38696.482578,443780.33772,2408511.94,92570643.5,212432446.7,201587827.0,,,,18623299.51
2020-03-05,58201.866355,601479.87587,3090423.11,130944711.9,239400269.0,122219349.0,,,,11867449.08
2020-03-06,43782.948044,628147.3257,3229858.82,116563269.6,166677789.3,63303104.0,,,,7667605.13
2020-03-07,45422.204525,633748.89662,2378944.85,95845464.2,159048525.4,112331024.0,,,,8209506.85
2020-03-08,77537.315166,1278973.53741,3465550.25,271417418.6,338062171.8,181080658.0,,,,18324667.26
2020-03-09,116968.863268,1661331.83553,4046754.14,288610509.4,453024388.7,229780847.0,,,,29055644.52
2020-03-10,86783.443875,1020260.107,3449744.57,182259714.8,362267320.9,225779527.0,,,,18071323.59
2020-03-11,79942.411172,1079824.90167,2581538.77,178652631.5,370400639.3,128060172.0,,,,19593491.56
2020-03-12,261505.608653,3814533.14046,8801238.37,771225355.4,1182129732.4,770809996.0,,,,72676626.17
2020-03-13,402201.673764,4663239.92861,11661947.1,1234550066.8,1313130187.5,372647948.0,,,,73634341.0
2020-03-14,136910.135974,1237674.88642,5350550.68,317354167.4,381841598.4,224230347.0,,,,21644199.58
2020-03-15,139916.146534,1312950.90137,6424065.36,292888161.2,364886224.3,183272920.0,,,,24056586.5
2020-03-16,227276.92276,2442064.14448,5814301.17,534401535.9,695930389.6,232810549.0,,,,47175196.27
2020-03-17,150089.926318,1295108.4848,5102840.45,317550005.4,389737125.2,120269653.0,,,,32839078.68
2020-03-18,137127.634894,1201850.31275,4453108.43,233087384.9,302852175.1,153194705.0,,,,22313474.3
2020-03-19,199020.873439,1801071.18816,5850057.14,357277613.5,509780641.3,315677300.0,,,,33408982.34
2020-03-20,219298.329514,2504057.63799,6965457.92,511513197.8,685475524.7,301406598.0,,,,39390658.87
2020-03-21,128913.668363,1231842.11121,5811696.5,270014080.0,373674370.3,120948576.0,,,,19488573.19
2020-03-22,119115.990527,1055699.86532,4562736.86,221088260.9,320971901.9,156027627.0,,,,21634031.69
2020-03-23,164674.215785,1436796.12449,5299899.45,282036084.3,352778439.1,180308460.0,,,,23688851.36
2020-03-24,151138.009878,1244377.16334,4627182.29,250519379.8,283748059.1,283137113.0,,,,18400021.32
2020-03-25,132155.734989,1034248.74369,3607793.89,200584719.2,251249333.7,170824524.0,,,,11321064.3
2020-03-26,83026.555211,751060.63102,3439169.72,206023274.9,211454985.4,151160373.0,,,,6818801.71
2020-03-27,82914.968354,706948.54559,2778050.91,316147728.4,255624968.4,195811269.0,,,,8151561.2
2020-03-28,93159.693429,896032.10594,2478685.11,308477933.9,289141133.0,314932329.0,,,,11038170.15
2020-03-29,63311.627714,543997.0,2305768.52,187119450.1,189145475.1,156054263.0,,,,6879303.84
2020-03-30,118889.549992,764831.92747,4237647.48,181804091.3,224863601.5,116199882.0,,,,8453846.9
2020-03-31,72337.595259,547669.27789,5120471.15,158613778.6,166957955.0,67786701.0,,,,8612405.93
2020-04-01,97500.7524,680922.24747,4359956.32,184017110.9,245444045.6,152034474.0,,,,13433598.33
2020-04-02,149299.906871,1138977.66114,5332604.53,223398206.0,297957908.5,146749302.0,,,,13266669.39
2020-04-03,104080.276939,797546.11446,5030322.03,170663444.5,212823616.2,97617758.0,,,,8452189.45
2020-04-04,72990.861139,573508.14086,4840528.53,117148787.3,185229786.8,92364705.0,,,,6143193.28
2020-04-05,49685.356983,414987.45246,4275639.25,83641306.3,103731278.3,55344996.0,,,,3228659.23
2020-04-06,118052.000832,1636338.7311,5583296.76,225433233.4,350807966.8,210552139.0,,,,12222925.81
2020-04-07,103585.168918,1717962.82538,4718920.67,271460619.0,338110789.5,202961221.0,,,,30449781.01
2020-04-08,76059.145838,1023575.92076,4614905.63,154841655.0,220316016.7,90384907.0,,,,27092993.24
2020-04-09,61094.872417,719837.24423,4638418.39,104421253.8,158350204.8,89094012.0,,,,37011877.66
2020-04-10,104674.623375,1314841.362,3999879.14,160752187.0,297588582.1,212989247.0,,,,43621490.6
2020-04-11,45470.293206,621599.61289,3692817.92,100598265.9,169064114.5,76732837.0,,,,30487430.82
2020-04-12,73868.666501,809100.24594,4070517.82,129786730.4,160185105.5,114627907.0,,,,32589266.79
2020-04-13,96415.476573,1042091.03622,4313190.93,158956441.4,235859753.6,185252284.0,,,,29488744.48
2020-04-14,69068.623285,698030.65089,4523071.2,93684121.1,133269260.5,67401911.0,,,,17078827.01
2020-04-15,61571.384994,729119.66505,3795966.9,121466630.1,132455165.6,143735234.0,,,,15635873.11
2020-04-16,125009.857539,1647207.59991,4068049.48,220290862.9,322667204.9,151063706.0,,,,24817961.65
2020-04-17,54126.509763,723537.75591,3150559.17,91976842.0,127554039.6,55401970.0,,,,12689070.26
2020-04-18,49488.542819,1127296.36979,3968019.07,113765553.3,171038904.3,92775767.0,,,,16406819.22
2020-04-19,45664.86393,995759.5775,2962072.6,89989794.3,207612256.7,70450538.0,,,,16350496.02
2020-04-20,90149.49137,1547821.52737,3219905.9,174028243.0,276214656.0,180876115.0,,,,20566086.81
2020-04-21,60109.710808,906381.65398,3137524.29,111773322.9,167833883.3,85730979.0,,,,13887634.41
2020-04-22,61486.377334,988698.39076,3296897.61,93916879.3,130950861.4,72581197.0,,,,11953381.82
2020-04-23,102773.569561,1457867.08713,3457409.45,179113808.3,531657372.7,243115927.0,,,,14233201.39
2020-04-24,60182.119939,780904.21257,3008320.26,113830925.1,503750365.0,75266362.0,,,,7951365.77
2020-04-25,43874.427726,866478.04928,2946839.79,78779257.1,205580959.0,173120551.0,,,,6095069.38
2020-04-26,50522.616209,758525.81533,3314818.91,93225699.4,409361864.3,804586311.0,,,,8246658.13
2020-04-27,65441.339576,896627.37271,2937287.36,104536714.3,477381231.7,475335023.0,,,,11371929.86
2020-04-28,46302.752638,636829.89397,2838511.43,244843302.1,323250547.9,168260399.0,,,,7379317.23
2020-04-29,183546.887514,1620422.72431,3817656.7,292096742.3,514603520.0,354821868.0,,,,15125283.54
2020-04-30,206277.214124,1749691.00151,4127322.51,314088335.1,776031320.1,551825570.0,,,,13545136.02
2020-05-01,91468.815059,794913.95828,3805293.67,160339801.0,348040876.5,220229951.0,,,,8084328.36
2020-05-02,59002.08755,443494.67248,3009939.67,119932182.7,241926532.4,148558121.0,,,,4467234.01
2020-05-03,90126.065643,748383.91311,2616299.53,111226961.6,302715186.4,167590125.0,,,,5570724.79
2020-05-04,84418.512331,1114249.32658,2755883.63,166756745.3,485261752.5,151515338.0,,,,10973722.27
2020-05-05,76480.765342,640644.66268,2613361.65,106925948.7,277355071.7,83336304.0,,,,4730504.58
2020-05-06,105925.30242,862700.67849,2716280.37,131362572.4,263316401.3,180927494.0,,,,5299802.59
2020-05-07,147154.611378,1305778.73764,3030451.51,175859218.0,301296887.8,366483103.0,,,,8481271.59
2020-05-08,100683.7964,917908.1944,2621559.87,133922204.4,338982968.3,259386572.0,,,,7383724.48
2020-05-09,81950.679567,587871.98073,2243643.83,159019230.1,229723152.6,216543474.0,,,,15240721.63
2020-05-10,183865.182028,1473226.05475,2900497.8,310627388.1,632824777.9,321215093.0,,,,19818388.73
2020-05-11,168807.251832,1093299.81927,2726253.27,188926069.2,535212969.0,192928752.0,,,,13273873.62
2020-05-12,86522.780066,669755.79567,3026813.09,120759033.7,371485429.0,107312600.0,,,,7797486.43
2020-05-13,92466.274018,806143.00704,2813530.97,95212470.1,277659878.4,168041623.0,,,,5989489.14
2020-05-14,129565.37747,1114700.24937,2801822.6,123608208.0,275887080.3,315454837.0,,,,7333655.81
2020-05-15,115890.761516,904749.6357,2314685.06,142260472.9,254093483.6,126538135.0,,,,5572562.89
2020-05-16,59587.627862,669900.03754,2730367.35,94327453.0,161901812.7,82487862.0,,,,4045380.2
2020-05-17,68647.764323,708711.89315,2894016.23,85924995.0,132874193.6,103697263.0,,,,3636901.86
2020-05-18,82006.603583,1064139.2485,3116537.96,129797461.7,359909268.8,93527053.0,,,,5744922.71
2020-05-19,78539.760454,643702.98849,3245275.75,99600289.0,294210864.5,90146889.0,,,,3771880.28
2020-05-20,74923.73809,679532.61037,2395316.09,106603358.1,327189992.8,152417725.0,,,,9821300.61
2020-05-21,108928.780969,1003923.4342,2163570.98,119870681.6,410702686.8,205051270.0,,,,10446021.86
2020-05-22,58943.131024,787672.36081,2520655.47,134747810.6,358164957.6,107093984.0,,,,7194944.89
2020-05-23,43526.296966,478559.92006,2303001.13,88342183.6,204914013.2,160030526.0,,,,5867357.07
2020-05-24,70379.86645,673535.05784,2280998.65,88708243.7,246978557.4,160499199.0,,,,6236647.02
2020-05-25,62833.910949,469931.62492,2348512.91,96947010.8,282415963.3,280489252.0,,,,4443996.51
2020-05-26,58299.770138,477176.7353,2007343.82,91454592.2,218137958.8,186936703.0,,,,3774200.83
2020-05-27,68910.355514,494816.72727,2613812.05,99410860.4,270628151.1,176177359.0,,,,3795380.76
2020-05-28,74110.787662,643945.97769,2866468.39,110627844.2,714718749.9,256317241.0,,,,4242354.59
2020-05-29,57374.362961,603058.0759,2599351.65,98632638.4,591929034.2,142622163.0,,,,5243291.12
2020-05-30,55665.27254,1019550.75146,2969818.23,155426836.0,1038874975.1,217499962.0,,,,4734058.34
2020-05-31,48333.786403,821608.68884,2612942.18,180118253.6,1611428374.3,164715811.0,,,,6223457.99
2020-06-01,76649.12696,823816.69936,2989853.06,157851522.0,1059683218.6,291813951.0,,,,8703425.47
2020-06-02,108970.773151,955520.91863,2536257.15,203819088.3,807890970.3,325981114.0,,,,8182461.05
2020-06-03,46252.644939,502928.13371,2650311.14,102410983.8,746675602.9,130101538.0,,,,4215824.76
2020-06-04,57456.100969,669369.3392,2320525.89,126378226.8,876595811.4,326193437.0,,,,3231902.99
2020-06-05,47788.05005,502547.41103,2454899.86,98700901.5,480984869.2,114071897.0,,,,2316069.89
2020-06-06,32752.950893,389423.07798,2105593.92,79279154.8,274342754.6,101549796.0,,,,1377160.26
2020-06-07,57952.848385,571102.55515,1816342.74,93329744.2,470802696.7,132911616.0,,,,2146650.66
2020-06-08,40664.664125,383116.54719,1657535.11,63036054.2,216779869.4,121989865.0,,,,2037163.21
2020-06-09,46024.001289,420327.17133,1631274.58,81665800.9,228581184.8,116938419.0,,,,2296314.26
2020-06-10,47130.762982,431285.61715,1807563.86,75706855.2,447331679.7,113128228.0,,,,2236477.86
2020-06-11,94418.98473,816456.89161,1801896.12,132263967.7,523976380.0,169023974.0,,,,6610463.34
2020-06-12,50119.066932,446515.34124,1932061.47,75546910.5,323950725.0,133287436.0,,,,4837530.74
2020-06-13,27759.784851,253797.7809,2023311.83,63292600.9,161240000.7,93631744.0,,,,1604660.74
2020-06-14,30055.506608,304943.21188,1697344.55,58429094.7,135355914.6,65658290.0,,,,1710213.36
2020-06-15,86107.924707,875026.92057,1521685.21,130419971.5,618344226.0,147058752.0,,,,6850306.11
2020-06-16,52052.446927,499194.66758,1614905.64,76442039.8,292089259.0,219496367.0,,,,3623759.71
2020-06-17,48046.411152,478187.2917,1502697.31,143789678.4,470477521.4,136091681.0,,,,4301280.98
2020-06-18,37381.953765,334347.79917,1382820.87,83020048.8,316838158.3,59137982.0,,,,3348384.08
2020-06-19,45330.983673,397284.59808,1324135.6,101395871.0,273185135.5,84566591.0,,,,2424386.7
2020-06-20,30329.065384,303704.98826,1427210.22,65244804.2,152661332.8,59266072.0,,,,2414698.62
2020-06-21,24316.926234,256305.23734,1317075.84,66591992.6,150318561.8,84555177.0,,,,1336859.5
2020-06-22,57895.468343,749030.11114,1706812.42,121678902.8,236593766.9,118270150.0,,,,4659609.05
2020-06-23,41031.02938,442296.31477,1453306.73,80442337.3,173136119.4,96686433.0,,,,10884418.78
2020-06-24,61571.561464,921634.0534,1529800.3,99814387.3,431553648.0,124832546.0,,,,10253258.21
2020-06-25,55831.619156,613748.59348,1201354.75,83471401.8,256346389.9,73502899.0,,,,7030842.15
2020-06-26,50292.298277,628340.07007,1041399.0,134171894.1,189443293.9,69665977.0,,,,5532469.51
2020-06-27,46290.930113,645950.61438,1309335.66,100119859.4,239980469.3,94867690.0,,,,6165533.05
2020-06-28,30688.176421,444766.56881,1402858.96,79916984.6,230373628.4,116394661.0,,,,4751931.74
2020-06-29,42120.293261,597915.52242,1511856.38,108091794.8,322000901.7,85385099.0,,,,4789663.32
2020-06-30,31463.162801,415036.02977,1315772.42,63769127.0,196547531.1,58330225.0,,,,3008041.61
2020-07-01,38488.528699,517351.58865,1612208.19,96697381.8,627920438.9,120676078.0,,,,4096719.3
2020-07-02,45725.168076,592485.91115,1399345.39,109348977.7,745942280.8,97986311.0,,,,7638387.35
2020-07-03,28943.420177,314578.5004,1211128.83,93559429.8,690799829.5,76387879.0,,,,4622377.34
2020-07-04,26441.968484,307726.46593,1319545.75,101070772.2,490805389.1,60368775.0,,,,2884275.22
2020-07-05,34073.653627,355747.12006,1120649.91,109028272.5,397913451.9,88706470.0,,,,3650974.38
2020-07-06,54463.132277,864817.507,1606449.31,180480180.6,473375192.5,461294907.0,,,,12032948.97
2020-07-07,34587.336678,600424.97209,1880630.34,119136986.1,775869735.0,3965388549.0,,,,13786031.79
2020-07-08,56140.517781,958185.83708,2271202.72,340558574.1,1587749613.1,23657008079.0,,,,16816910.79
2020-07-09,48044.450645,647641.58291,1869273.67,366287583.8,893825632.2,8645375967.0,,,,12955549.78
2020-07-10,38295.494006,455025.12385,2099193.57,212898090.1,808057758.1,7536784753.0,,,,9946933.5
2020-07-11,22561.366,294476.00626,2318005.65,171252017.6,460447487.7,3661361202.0,,,,5442718.22
2020-07-12,30872.702286,469315.1172,2995977.41,123496702.1,416611565.9,1546255634.0,,,,18949318.62
2020-07-13,42740.069115,604093.04245,3228967.7,210692216.4,688293154.1,4007164536.0,,,,30737550.96
2020-07-14,45772.552509,426320.89188,2385481.97,126120726.2,573751827.4,2316802022.0,,,,25153380.41
2020-07-15,39053.579665,368350.66518,1959582.73,97567941.8,370682346.2,1386310052.0,,,,20518883.22
2020-07-16,43375.571191,587161.73894,2053439.44,154403446.1,607317645.2,2070197756.0,,,,20705851.79
2020-07-17,28054.358741,325600.21444,1854764.1,119390267.7,269816299.8,1885382230.0,,,,8727930.83
2020-07-18,22554.541457,341356.6182,1687884.76,125668578.9,275326072.2,8332776850.0,,,,11416632.85
2020-07-19,26052.019417,348803.52073,2597680.63,117946275.3,172079009.8,3659586603.0,,,,6896213.31
2020-07-20,35458.764082,396657.91938,2487505.49,114187102.0,253190451.2,1636615889.0,,,,11043721.17
2020-07-21,60413.582486,637462.08074,2110735.01,116436628.1,260880715.5,1188848956.0,,,,10937153.27
2020-07-22,48815.004107,718417.68296,2174379.2,127274412.3,167277837.9,591711751.0,,,,9599551.14
2020-07-23,51856.2335,1068774.57879,2393871.45,231892970.4,233344422.6,792908063.0,,,,10917062.94
2020-07-24,43931.136205,926033.06692,2790281.46,162043579.9,185179301.2,824558980.0,,,,7314721.87
2020-07-25,40679.545416,1058927.30554,2956369.76,237958032.7,851485004.5,867588133.0,,,,7507174.9
2020-07-26,65279.269319,1270368.753,2857739.16,277074358.0,971402952.6,888157925.0,,,,10637660.32
2020-07-27,150188.933144,1636122.34727,3841364.91,358365289.2,1006112609.6,1339892681.0,,,,16681214.34
2020-07-28,97267.734187,1093231.55578,3516712.35,348097855.6,715760829.0,649930752.0,,,,8500726.83
2020-07-29,76838.094233,792802.32148,2219760.2,423604274.8,537845004.2,675383829.0,,,,7058913.79
2020-07-30,60794.826456,1008827.56698,2052250.83,339560922.2,320531544.9,523325865.0,,,,7673434.47
2020-07-31,70063.660974,948088.44982,2251101.21,295712939.1,257426976.7,632319202.0,,,,7419454.26
2020-08-01,85087.485126,1440843.34203,2657942.85,698526256.7,428476131.0,4298724372.0,,,,9345076.4
2020-08-02,97553.077604,2324909.09616,3352897.46,1089709098.7,557443813.3,2337347018.0,,,,22647614.34
2020-08-03,56931.841475,1191565.09389,2668345.02,661998402.4,255391275.3,859800460.0,,,,12814524.98
2020-08-04,58629.113709,1180792.42379,2393749.74,523509311.0,405429691.8,1247440791.0,,,,18485930.37
2020-08-05,74970.256852,1124119.0672,3698317.51,377922454.8,247854513.3,1099317757.0,,,,9682088.77
2020-08-06,63529.08502,821379.08397,2442941.26,315511639.9,279832944.9,908946142.0,,,,9041552.6
2020-08-07,65755.926022,1041207.35946,2770775.51,350058017.3,335277998.8,886076044.0,,,,11737996.62
2020-08-08,41858.16104,623029.78053,2408862.4,180632239.2,300085230.7,624969060.0,,,,28681387.91
2020-08-09,41493.067342,594900.58133,2112178.17,194741043.2,404020544.5,587442093.0,,,,28455039.72
2020-08-10,84952.337887,826969.90633,2108928.42,357730182.0,338241373.9,826540351.0,,,,17912553.32
2020-08-11,90748.284634,992412.6023,3211543.44,454328410.0,335301733.6,1215986149.0,1552384.78,,,17514622.42
2020-08-12,64909.613644,751848.7983,2455644.02,301659248.8,409416032.2,829060692.0,1737042.95,,,23116748.13
2020-08-13,70132.491502,1511330.7732,3079217.71,343559052.2,370696719.4,1141424689.0,1685759.24,,,30941693.96
2020-08-14,59818.852697,1109670.94324,3820214.92,419013955.8,236113113.1,852114289.0,1474161.79,,,11352121.05
2020-08-15,56237.90505,681698.5971,2752160.06,323612283.2,278280169.4,1065565878.0,1070233.2,,,17941112.01
2020-08-16,41368.236906,716666.25258,2705823.75,272817352.5,208158137.1,756283319.0,668106.53,,,10757844.39
2020-08-17,84734.21154,868870.64996,2423484.1,598471473.5,385519511.7,1596549440.0,729413.64,,,13542369.79
2020-08-18,75923.835527,743254.57018,2531759.28,406775389.7,265797226.3,1122350625.0,2713115.94,6039881.97,,27088057.76
2020-08-19,73940.169606,978339.69221,2128074.03,390658603.2,344298320.3,865075768.0,1433243.76,15895774.92,,18401947.05
2020-08-20,46085.254351,663555.73445,2246864.02,217335773.0,243493668.9,483184322.0,1277827.32,11040863.6,,11077161.69
2020-08-21,64448.306142,860998.7256,2493196.51,295142831.1,325572514.7,1082335183.0,1131895.9,9765153.74,,26181371.6
2020-08-22,43678.701646,643235.76543,1892077.61,200686126.8,239238199.5,663901289.0,1169417.78,41611476.51,,16713843.17
2020-08-23,37900.00469,445317.81989,1618992.6,147758018.4,176404681.9,449353268.0,1198036.69,23845309.65,,10766009.01
2020-08-24,46212.391867,717403.81877,1877744.04,163849857.2,192049653.6,697239432.0,1315196.06,25843953.12,,8460822.0
2020-08-25,69590.923272,970445.38395,2271280.88,234190707.5,538469253.0,804352786.0,1149187.37,39457369.99,,12813252.0
2020-08-26,53998.231231,738690.7794,2500162.91,153029000.5,291146015.7,573094887.0,2290030.56,37811519.74,,11417184.57
2020-08-27,63246.036383,877763.73658,2927744.89,271350415.9,397313718.2,811879341.0,2412974.8,42626336.42,,11695421.1
2020-08-28,45953.908365,732601.46905,2545445.75,161315866.7,254837464.6,414648220.0,2581936.84,24019172.63,,7263858.01
2020-08-29,32973.7992,659802.63344,1854485.72,120917456.4,219865981.9,443081651.0,1342844.2,15360444.96,,12476977.78
2020-08-30,43177.879054,894979.71788,1908490.67,157541548.0,208755018.0,456619299.0,1815681.99,13266535.91,,12067693.46
2020-08-31,55353.617744,1040748.68881,1767387.78,164541572.9,459272450.5,792397030.0,1497129.12,13564047.71,,9615963.27
2020-09-01,78148.193668,1751354.57719,4442974.1,292160051.6,330906806.9,728992095.0,1267574.76,16330264.82,,9246701.59
2020-09-02,87221.845602,1880642.46853,5879568.29,367857288.9,399997912.3,758139570.0,2002058.36,15500500.04,,10432171.58
2020-09-03,121950.106015,2408569.34151,7231336.21,375303316.2,621880720.2,1202524192.0,3275612.26,21239867.51,,17461923.93
2020-09-04,92733.599113,1806488.22474,5306193.02,347276927.6,764723646.7,1128781264.0,2052197.24,28314850.39,,18649479.71
2020-09-05,90001.605568,2777166.51389,4589184.15,343014820.3,648238071.4,1058743832.0,4426267.38,32791302.31,,25530147.88
2020-09-06,56368.788815,2017811.14721,8105158.28,245971020.2,391668905.2,1165434272.0,2898758.91,23608694.54,,21900428.59
2020-09-07,62620.230676,1740618.42462,5454222.91,217149074.3,382261960.2,930536034.0,2680083.17,16089613.82,,21235045.25
2020-09-08,73491.878418,1400246.82962,5158563.98,185386436.1,413411592.3,602845165.0,1626389.7,10449746.7,,14832129.81
2020-09-09,49347.113776,879760.56255,4016452.51,120931648.7,239528985.2,603901405.0,6691121.99,11225976.14,,10649791.43
2020-09-10,58253.75375,1134287.61137,4199327.55,150794017.7,318516552.9,589054621.0,4356890.66,9912392.07,,15073295.03
2020-09-11,43830.254467,844017.59966,3622605.07,102995486.8,221511294.0,633511688.0,2227636.94,9013005.18,,7498865.16
2020-09-12,35379.153096,766542.31635,6538679.83,90026751.2,171314687.5,538072324.0,1161542.47,12566058.18,,6270783.45
2020-09-13,43837.609865,989195.69047,10646215.66,134508183.7,241551462.9,736932793.0,2024779.41,16262645.74,,11107099.48
2020-09-14,67059.291361,1042059.62265,9039644.32,128679809.9,222916155.5,622069203.0,3351649.61,14288009.6,,8830940.16
2020-09-15,61822.452786,883856.33005,7931354.646,123397806.3,228893108.7,837946931.0,1698391.09,10306445.21,,11413633.63
2020-09-16,64991.51244,841709.98939,5777419.752,155437121.5,274183427.8,718768350.0,4886766.99,8102718.15,,10362445.08
2020-09-17,55601.614529,1256300.411,4620518.874,195903905.1,233366881.9,708422584.0,4635747.31,10973999.33,,10163046.46
2020-09-18,47266.728275,804194.47219,4243135.999,123918267.6,216397448.7,596841059.0,4169446.23,7241901.56,,8890206.07
2020-09-19,38440.036858,570908.33553,2431517.15,94380999.1,146210080.5,896333697.0,1586219.86,6124417.44,,5596803.08
2020-09-20,39157.922565,693164.40144,2854262.145,100830684.4,178387120.7,893231406.0,1456628.58,11400427.77,,7500145.61
2020-09-21,70683.431179,1283946.03098,5251422.243,232559544.3,492053125.1,1374012637.0,3567879.31,18249034.01,,15761415.85
2020-09-22,43991.235476,842731.12878,3289566.923,113084575.2,312840807.6,695672800.0,3416786.33,8023448.28,31441883.16,8384112.37
2020-09-23,51876.568079,940904.49756,3134141.774,148246113.4,288788652.5,499113155.0,2762150.96,9432617.01,12620608.01,18221835.52
2020-09-24,57676.619427,1071705.09721,3284994.641,173682650.7,416112902.6,388768314.0,2983701.04,8363967.02,7107843.86,26948146.31
2020-09-25,48101.117008,860643.77924,2826869.589,146717481.1,761770099.4,513362397.0,2447843.22,6666492.08,3886096.71,20220142.07
2020-09-26,28420.836659,530879.20755,3124585.621,113365429.6,350666632.3,311169397.0,1357018.72,3890876.06,1814932.97,12020281.92
2020-09-27,30549.483253,569568.55041,2555050.062,91772023.9,425402605.4,236020657.0,983815.86,3814327.15,1500134.56,10053108.71
2020-09-28,50095.251734,757758.4304,3220774.85,121590934.4,444510434.1,360127848.0,1306134.15,9835916.81,1210446.38,8731492.42
2020-09-29,41874.898399,585143.16892,3642915.268,109204653.3,324750297.3,412130695.0,950875.56,7753017.85,1057878.53,13378180.79
2020-09-30,39596.027322,498943.23226,3106927.077,101266167.8,284886992.4,347857639.0,722757.83,4418266.77,915518.31,6665669.78
2020-10-01,60866.332893,758349.31959,4045336.882,127335773.7,336851341.1,647138169.0,1373061.59,7358246.56,1477288.72,9704023.92
2020-10-02,50130.393705,733571.84211,4141965.566,146884020.3,399944267.6,1051902545.0,2788493.11,7748588.83,1847614.48,11180624.68
2020-10-03,22298.221341,303595.71901,2946071.992,59902666.5,157830982.1,344780813.0,547025.23,3078936.51,679798.03,4805191.52
2020-10-04,23212.001595,343932.91712,3102597.66,157014929.5,171939943.5,362664249.0,765399.21,2792994.5,630849.97,4665626.69
2020-10-05,34025.761653,376740.30692,2268257.171,228844024.4,181150337.1,293823603.0,912587.17,4362181.16,475912.76,6217366.67
2020-10-06,48674.740471,640063.26951,2811072.145,378003616.4,279075645.9,535191865.0,1784025.33,9256379.98,971155.87,7424722.62
2020-10-07,32811.990279,541928.86376,2059951.007,177097434.2,156895883.2,748742886.0,2087951.2,8599075.85,988661.32,7543306.98
2020-10-08,51959.691572,631794.8756,2476236.461,197900153.1,252697885.8,612786395.0,2759189.94,8531658.6,900977.83,10913109.33
2020-10-09,48240.073237,650478.19338,2590468.083,192476557.6,310310117.3,497901615.0,1878523.79,6400372.85,573063.37,11276147.45
2020-10-10,43648.036943,591005.32129,2405371.457,165954957.2,507111063.7,445615862.0,1278940.27,5182487.56,821315.35,9504046.97
2020-10-11,29043.851339,373318.23779,2329452.666,129208149.4,313077154.2,251041495.0,898764.08,3675666.58,542437.49,8174876.86
2020-10-12,52825.28371,844422.65444,4364790.221,225658413.6,436930732.0,421633283.0,2155387.01,6228123.12,851811.15,11882241.47
2020-10-13,42205.283709,645141.91394,3337167.877,232496747.4,399840888.7,283366623.0,1951031.1,4643179.26,776819.51,9695225.65
2020-10-14,41415.106015,569557.82936,2472670.449,200090976.7,336699622.6,216681797.0,1125385.85,5239195.66,512479.12,7758446.61
2020-10-15,48760.717679,634038.09453,2684900.014,157801611.0,221158995.5,311443948.0,754909.09,3826663.78,306544.02,6983355.76
2020-10-16,48797.749502,654029.36404,2971307.367,149640393.0,224603403.3,445955018.0,1546650.13,5544038.18,538055.06,6662666.86
2020-10-17,22368.915241,285578.24537,1854975.623,76204228.7,159726089.3,142653202.0,482249.55,1738606.63,258634.77,3322174.05
2020-10-18,23284.041191,323468.47095,2267377.317,59622713.2,110005980.3,159785875.0,478921.26,2456005.5,138296.5,3679623.94
2020-10-19,47414.534692,577252.90265,1752644.999,144261234.7,229437127.0,477390409.0,909217.19,2740611.47,274925.09,4474849.31
2020-10-20,62134.750663,617309.81677,2583242.44,142586108.2,336559707.3,417212777.0,1933167.04,5741108.49,589447.62,7095706.59
2020-10-21,114584.456767,1221663.63784,2663615.889,213403919.3,266714219.2,436248066.0,3222724.75,7288864.8,319446.86,8276637.42
2020-10-22,70038.824144,1095897.20667,2830836.337,262479836.1,253146949.9,323059048.0,1624778.09,5757990.79,741499.28,10308176.43
2020-10-23,50386.999841,727832.3224,2025854.801,145732428.5,229349167.1,242563993.0,1559992.35,8353056.52,324892.94,8789968.21
2020-10-24,35952.20907,419236.87106,1625502.524,71861131.8,148170659.6,212440872.0,748093.83,4486543.97,218601.98,7538193.48
2020-10-25,38481.579504,415586.9761,1486538.469,70096933.8,112506426.2,297054117.0,1365865.99,4100261.59,209663.9,7000941.96
2020-10-26,60951.672986,895142.67266,2648020.165,153008505.9,225727480.6,1878752405.0,2021871.84,11305772.22,661155.33,8858167.82
2020-10-27,80811.01945,754261.74114,2889807.64,125197583.4,184291093.8,577987198.0,2591150.26,10647012.08,292754.21,7621501.69
2020-10-28,94440.561226,855275.46882,2208604.609,152758067.2,282164120.8,437955580.0,3354618.28,9278337.14,359147.72,8020300.25
2020-10-29,74872.602132,573096.01416,1977911.04,127858202.6,257269193.8,289596529.0,1233628.05,10671185.96,422589.86,8541785.18
2020-10-30,70657.778881,771750.74746,3211305.358,133423159.8,278450826.0,440794399.0,1401628.09,7322005.17,850092.33,7960249.95
2020-10-31,67339.238515,467453.8105,1986140.314,84576060.9,165418867.7,260150933.0,851989.58,3270318.58,346114.94,4971547.22
2020-11-01,36285.648526,438952.95565,1916131.681,64775047.6,138991316.1,132635410.0,960664.24,2456433.2,295468.18,3872679.99
2020-11-02,64566.421908,779968.57957,2123599.052,130300920.1,250365831.6,291742975.0,867738.07,5197343.74,322604.28,6924910.69
2020-11-03,74115.630787,752954.37114,2591560.855,213624345.8,244514002.7,332644991.0,983164.88,5133339.46,664899.75,9964299.86
2020-11-04,93016.988262,1157064.35076,2039985.34,175258053.1,256317711.9,279402291.0,2560523.86,7425623.62,466205.93,8587173.03
2020-11-05,143741.522673,1475139.77342,2396900.822,220616913.3,332802061.7,341107854.0,1598492.56,6288599.56,644688.78,10634722.28
2020-11-06,122618.197695,1682440.96026,2741813.969,289253502.7,451716971.6,922020782.0,3846546.9,8938274.32,910038.31,10971288.73
2020-11-07,101431.206553,1653416.5961,3091788.824,263707018.0,647454529.2,748360033.0,8862610.63,15757508.9,832528.78,24928180.96
2020-11-08,65547.178574,840908.46841,2298549.455,119757768.6,270595831.0,244213598.0,4800345.92,5332066.66,543130.62,12949524.47
2020-11-09,108976.334134,1099213.24641,2148267.466,161129039.0,310077984.4,438097273.0,3050443.52,5918543.0,534923.49,12660359.23
2020-11-10,61681.919606,866872.41108,2172598.769,250018160.4,303777358.8,807091404.0,2119423.36,5197286.34,482731.01,12355950.65
2020-11-11,78469.746458,1205782.84262,1974074.31,155421758.6,251231387.1,560505263.0,1863686.19,6264704.63,389355.68,9416548.92
2020-11-12,102196.356592,990776.62912,1661489.286,139776053.7,223674122.1,209777176.0,1522310.89,4584711.89,314355.65,8920340.53
2020-11-13,75691.881014,976665.09752,1934234.556,193021203.1,237407048.5,373289403.0,1595684.08,5539505.41,585394.03,7892649.62
2020-11-14,59116.347179,735252.7854,1503467.499,319194414.6,228682972.0,308002702.0,1191847.42,5232906.42,443020.54,5010394.11
2020-11-15,43596.841513,665217.56671,1442022.548,224828544.8,201375366.6,323892550.0,3348186.49,4897453.63,438362.91,5716347.24
2020-11-16,81300.675924,812060.44638,1685368.835,321242912.3,215990529.7,1345726687.0,3192029.56,6702906.33,658000.76,5982803.38
2020-11-17,115221.403102,1151573.37456,2243647.205,529073040.7,422358548.5,920887323.0,2311120.85,13923587.21,490826.18,11150763.55
2020-11-18,149019.788134,1477696.29116,2220839.931,488657752.7,434138632.2,1015668627.0,2054379.16,11415111.58,531913.49,18517527.67
2020-11-19,93009.561008,817418.52685,2011350.337,361076482.2,237807123.0,567308685.0,1391861.95,7976959.23,386309.17,9805683.27
2020-11-20,88423.018489,1516361.90736,2491336.079,484828433.3,437634200.7,880383945.0,1589414.51,17934442.25,657029.12,11203096.77
2020-11-21,75577.458394,1548851.29067,3160335.472,1667089858.1,1071722949.3,3288496045.0,2963489.5,14938158.71,557225.0,14003272.57
2020-11-22,81645.737778,1850317.93581,2842370.783,1873986909.8,1960688777.5,2121938713.0,2448127.25,12275138.21,562448.53,14244002.32
2020-11-23,82961.506093,2076008.84846,2920522.887,1851054399.6,1389843989.7,1981374929.0,2094160.76,14908169.22,611842.99,12472333.45
2020-11-24,113581.509241,1606450.49193,7296367.369,2884741162.1,1689043010.1,5893223305.0,3534792.04,15057227.46,855854.35,15636471.17
2020-11-25,93266.576887,1219440.02727,4589237.082,1690578550.2,1078036852.7,2828578294.0,3597681.61,10948123.7,763623.28,9521564.1
2020-11-26,181005.246693,2683460.74171,6241853.013,2334291327.2,1645992625.9,3248357755.0,6803274.72,20179716.49,1011308.69,24596535.81
2020-11-27,85297.024787,1088064.28114,2317359.795,1241200699.6,714401286.7,1019204144.0,1802241.32,8464913.51,382067.49,9129104.44
2020-11-28,64910.69997,900508.61431,2636652.594,1276241318.5,1087688653.5,715333106.0,1381390.77,5004579.77,256600.45,7286264.48
2020-11-29,55329.016303,855276.46664,2857702.301,857628664.8,764061575.3,577062454.0,862711.64,5392525.95,222772.03,6551088.54
2020-11-30,115463.466888,1501989.45408,2978036.229,1178919882.3,810673450.8,847539304.0,1094620.01,9070457.89,266744.6,10302701.22
2020-12-01,127698.762652,2163875.81376,3139022.083,1075049125.0,1039771812.1,1033683299.0,2102911.64,10943827.45,453003.61,11186350.89
2020-12-02,75911.013478,1069538.65619,2360296.308,593876086.8,435020305.6,591501037.0,2203748.48,7081941.51,255368.39,6173228.08
2020-12-03,66689.391279,935687.91723,1924462.466,392655662.9,413504395.2,662685216.0,3182362.33,5002283.03,217818.87,4275317.88
2020-12-04,71283.6682,1052452.78666,2064574.445,662141348.0,466897814.7,572169239.0,1424943.39,5569105.06,306354.06,5795163.01
2020-12-05,42922.748573,701567.95564,1836870.147,432888774.1,350995852.1,369424898.0,1087998.4,4496795.32,176697.58,3447469.25
2020-12-06,37043.091861,602496.96339,1330813.899,639023167.7,290105225.6,285729554.0,1125736.37,2749760.54,198916.73,3871281.59
2020-12-07,41372.296293,498329.37589,1219543.166,386644252.1,213173504.2,312605787.0,962743.7,2453405.21,319608.12,3224398.04
2020-12-08,61626.947614,804443.00717,1844102.056,500942717.0,431926292.3,521543481.0,2296665.59,5044001.16,947986.45,5176177.45
2020-12-09,79585.553801,997192.16738,1635344.181,927273510.3,538859167.1,441109948.0,2093499.32,5290274.94,1491988.4,6780799.24
2020-12-10,52890.675094,608414.51466,1344683.627,558676539.1,282799496.3,268351654.0,1061425.89,2575244.64,1121704.58,3569558.42
2020-12-11,72610.724259,768921.78317,1244803.112,952325951.7,299140983.7,328458778.0,1429080.75,3915723.68,740274.35,5013258.55
2020-12-12,49519.978432,573913.95311,1293965.518,997933196.6,236440057.4,334526072.0,1423640.73,2757351.25,695480.54,4394492.22
2020-12-13,56560.821744,657794.46158,1639495.816,602985171.9,327839004.5,374401350.0,1749534.43,3939252.37,598125.27,6036848.97
2020-12-14,47257.201294,493012.02706,2028334.088,375701995.0,267003605.0,297347285.0,1503571.44,2543847.2,1041542.84,4529267.12
2020-12-15,61834.366011,569270.52011,1624791.814,514053464.1,272831838.6,273863826.0,3562068.86,5957058.68,899508.23,3202210.62
2020-12-16,114306.33557,1185588.05078,2161816.842,1249912571.2,496276026.7,547786094.0,3098111.32,7988631.33,660892.42,6700261.8
2020-12-17,184882.476748,2006130.01975,3274786.131,1801379927.6,770340713.9,3421588199.0,2528060.41,11536864.68,634136.04,11585591.26
2020-12-18,79646.134315,1000012.98018,2045326.343,970255895.5,404588707.0,1409796634.0,1127224.49,5673140.98,642895.11,5520717.04
2020-12-19,86045.064677,858803.88459,4117460.293,614731783.6,342041141.9,1386297504.0,1332107.96,5524007.44,506114.81,4606603.33
2020-12-20,76690.145685,823958.22843,4477498.818,544352722.1,336692485.2,10007395897.0,1368277.59,6165710.95,415890.15,5227497.02
2020-12-21,88030.297243,843251.16565,4558115.88,593235772.1,430322921.0,10363901378.0,1265977.95,7796554.96,827256.68,5719339.88
2020-12-22,87033.12616,918851.25654,3563635.673,1509931701.2,472974503.2,2679851524.0,2035459.3,8558735.42,488812.87,6175240.24
2020-12-23,119047.259733,1208807.36518,3940926.442,4553848887.4,818577125.1,2674249457.0,4351555.9,8098117.21,2874448.39,15255910.26
2020-12-24,69013.834252,886335.86333,2999570.853,3822010234.7,738995663.2,1978566747.0,1784967.07,8292421.99,910977.44,14771438.4
2020-12-25,79519.943569,798009.62915,2596272.905,3342216004.0,589176673.8,1664864616.0,1391332.89,5278806.02,870245.85,7386434.11
2020-12-26,97806.513386,958585.50647,2418941.544,1685723998.7,563232604.1,1701026447.0,912192.33,4830448.15,475916.53,9097514.52
2020-12-27,148455.586214,1859968.15029,3747872.718,1453625832.0,798134617.2,1843249775.0,2170898.45,12600497.85,566733.02,18965140.77
2020-12-28,79721.742496,1627154.39266,4121783.103,1547274302.2,881547663.5,1074600031.0,2158620.57,28565820.35,932674.77,11288955.85
2020-12-29,69411.592606,1106876.35855,7022548.487,4215576309.2,1475500719.5,1071755865.0,4870104.61,43059737.73,831346.83,12895731.37
2020-12-30,95356.057826,1008574.09906,2424623.467,2578637039.1,670221026.8,1118987751.0,2171296.28,29271542.34,443153.2,7720859.08
2020-12-31,75508.505152,863375.57981,1887715.835,1391876889.9,447672619.8,929996060.0,2169627.35,39283522.88,861034.14,6640134.19
2021-01-01,54182.925011,675114.09329,2435989.127,1490489727.4,462201570.9,3019717963.0,4421991.45,40444969.81,3817118.74,8296826.17
2021-01-02,129993.873362,1352618.57668,3018062.206,1134029208.3,660303281.2,46333347255.0,5253819.62,41542040.61,1768205.15,9618221.31
2021-01-03,120957.56675,2813603.88615,4903626.697,1178158964.4,1201451449.3,29648808916.0,8318341.13,37224723.44,989465.26,15938080.42
2021-01-04,140899.88569,4245010.94004,5306248.166,1518296110.4,1463415575.6,14328029441.0,7800814.8,35233997.11,1242545.27,23288863.81
2021-01-05,116049.997038,2706995.67525,3513141.346,1184439077.1,1478887679.33,5427135672.0,6702006.99,20433614.97,2403396.82,14842337.83
2021-01-06,127139.20131,2390136.59334,3784444.687,1776262975.4,2059110042.76,6108894506.0,8451529.47,24556008.75,2925158.25,21381167.21
2021-01-07,132825.700437,1972922.82059,5026746.669,3863585524.3,1411321698.55,3523998014.0,30861006.24,23807905.1,1471492.75,16881688.42
2021-01-08,139789.957499,2131172.92341,3548923.788,2029015562.5,1284205249.4,2971766597.0,29866396.67,18487740.39,3037659.66,14986392.75
2021-01-09,75785.979675,1448871.11514,2720363.636,1177910308.9,820267450.7,3706408260.0,9881188.65,11628693.46,4060100.24,12818964.22
2021-01-10,118209.544503,1951179.35003,4277406.29,1717325406.4,908667596.0,3113405972.0,5819813.51,13493639.61,1865913.15,16496553.31
2021-01-11,251156.138287,4099450.90046,6372598.994,1978427132.4,1538966424.3,5840909392.0,8755693.07,39097080.01,2065598.3,21996244.79
2021-01-12,133948.151996,2302645.34052,3261261.81,1100343591.0,1059013244.8,2526092815.0,7075911.68,17770135.49,3138438.02,11921544.49
2021-01-13,124477.914938,1564202.39081,3512089.385,764981853.9,715473111.9,1818357046.0,5123655.8,33973317.45,1712008.71,11467831.41
2021-01-14,102950.389421,1555737.38556,3306689.933,887903603.5,656502674.0,4000190243.0,6422109.73,50546604.14,2550051.08,13484717.13
2021-01-15,118300.920916,1944038.83738,3431358.936,844991903.5,853517402.8,3236586057.0,4812542.83,56797246.56,1991192.96,38649175.6
2021-01-16,86348.431508,1575384.43797,3243054.414,749907244.4,1219589043.23,1640096206.0,8562549.63,80460090.2,3898717.61,27884173.39
2021-01-17,80157.727384,1317285.00579,3878914.299,543053977.8,1422650839.29,1438377582.0,8531899.81,50659218.35,3568856.68,21794612.18
2021-01-18,70698.11875,998050.11073,3069449.938,536544377.1,636785470.4,1156154741.0,6226924.77,26097571.18,1317372.42,13781943.03
2021-01-19,79611.307769,2278852.55758,5151546.872,1267033309.6,606641543.0,1749440421.0,4768719.77,23747474.38,1846921.9,10968890.7
2021-01-20,89368.422918,2219137.62144,3709936.492,850365454.5,656351514.5,1162054114.0,4801640.28,33656669.48,1515429.53,12454231.89
2021-01-21,135004.076658,2310208.57298,3460575.242,921433965.4,802690568.5,1258982248.0,4385838.62,38983790.86,1717139.33,14857086.13
2021-01-22,142971.684049,2020593.21673,3088685.295,799861140.3,898752288.0,1152693965.0,6481502.65,31458042.07,2250602.42,17060778.1
2021-01-23,64595.287675,1009545.08258,2531809.648,446546595.4,418300948.7,718712164.0,2269454.7,24293114.74,1224349.08,19024881.67
2021-01-24,57978.037966,1510879.53817,2340747.623,353391385.9,458536220.6,901503263.0,2457759.67,15685459.56,907179.12,11910682.71
2021-01-25,88499.226921,1885441.31289,2778238.02,483145818.4,407390809.5,998144121.0,6791542.33,19765645.59,613873.67,12581468.33
2021-01-26,84972.20691,1682923.65799,2758108.622,383692292.1,354428194.0,719489035.0,6618303.9,14031585.41,873414.18,8984444.57
2021-01-27,95911.961711,2009772.08358,2638401.378,468085255.1,422544056.1,1121405247.0,2491757.82,18777450.02,740335.46,10837677.2
2021-01-28,92621.145617,1365269.71962,2984098.651,496218434.0,487709261.2,102989795103.0,2055425.01,18773126.13,1091962.84,11205369.43
2021-01-29,231827.005626,2253963.18682,3433689.484,1695844598.8,666472809.5,109073693231.0,2992168.86,24085491.74,1470197.45,11638550.99
2021-01-30,84889.68134,1040042.2363,2767954.291,5872830448.0,510716622.4,54559388569.0,3944655.04,10071916.92,1122825.05,7393324.48
2021-01-31,68742.280384,958704.85571,2431692.198,4524657686.8,399794774.9,44577797729.0,5438870.48,13322271.39,5017946.71,7645210.89
2021-02-01,82718.276882,1096397.91862,6095055.413,8608358082.6,844822325.13,23868437622.0,2097052.47,10427226.81,1820891.9,6446970.41
2021-02-02,78056.65988,1944227.99878,4675040.877,2091912007.8,1501769862.49,11550248752.0,5278922.61,17507006.87,748745.41,6484871.27
2021-02-03,80784.333663,1535869.88801,2949735.036,1388316884.0,541252929.4,12960787222.0,3977458.72,28799999.03,1267446.12,8466371.72
2021-02-04,92080.735898,1646502.32962,4004741.294,2283530912.6,536142412.3,48795642519.0,5609382.39,25501882.41,1649348.48,8646387.1
2021-02-05,66681.334275,1194123.29946,5040545.223,1545115910.3,1277155737.26,16560079172.0,4235525.49,17350792.08,1654441.43,10000326.58
2021-02-06,98757.311183,1149808.33101,8482528.531,875771045.9,1255504052.74,17252485844.0,5040208.25,11925117.12,1547693.33,7063684.91
2021-02-07,84363.679763,1281734.86814,5969908.442,1141620049.1,1596532267.5,38837846298.0,5111066.89,15159822.49,4884650.65,6514277.3
2021-02-08,138597.536914,1339777.09536,7860567.389,1149266957.3,1008667679.66,26387019347.0,6719151.08,25522324.88,5774862.08,7026903.54
2021-02-09,115499.861712,1185071.89593,12487305.868,1273716203.3,590482327.7,14602698981.0,4803489.37,16067713.73,2664482.65,9472870.32
2021-02-10,97154.1822,1219932.25474,16613534.274,2024774430.6,1693219939.33,14156312430.0,4419421.79,16612771.89,9715755.01,11721097.14
2021-02-11,89561.081454,735079.82699,5920400.255,961402272.2,975100368.22,6327153991.0,5694878.77,13943337.77,4310924.37,6660619.1
2021-02-12,85870.035697,909600.20653,5626020.824,1672053608.3,649547803.8,7517732599.0,2867258.84,15767764.9,3209807.22,9762295.77
2021-02-13,63768.097399,767589.07285,3785723.402,1595483419.3,586878561.3,3844449349.0,3487478.68,15559714.6,1890974.72,11028490.78
2021-02-14,73735.475533,675261.77873,4405507.885,1010016902.3,539495015.4,8229158262.0,2889949.04,10698732.39,2829524.14,9440094.38
2021-02-15,79398.156784,1053474.57879,4772752.806,1222510382.9,932826536.9,11321001492.0,3424896.19,20272317.43,3933303.2,10844636.76
2021-02-16,88813.266298,817493.47513,3258276.714,1153641290.1,526075390.6,6643077510.0,2257217.69,20070860.93,2556745.82,7062989.71
2021-02-17,85743.637818,795711.63311,10185662.26,908599648.5,460328636.1,6168131231.0,3331645.44,14917487.45,3076680.22,5680522.18
2021-02-18,60758.046954,937227.10191,11226893.373,761631484.1,580074009.4,13034098004.0,2479859.19,7915382.55,3097214.68,5452990.6
2021-02-19,79659.77802,793404.4115,20188858.198,1130348604.3,547803715.8,6405564988.0,7106323.06,16536466.18,2047933.74,8412150.64
2021-02-20,80948.205314,1261315.81279,13497656.247,1247480282.2,1480541916.53,7359009281.0,4731324.37,29189715.44,3400687.05,10078348.9
2021-02-21,58166.708511,756568.19743,10646422.307,1017475385.1,636265765.2,5548376495.0,3694265.15,15160345.53,1516510.61,5179283.24
2021-02-22,134019.434944,1807244.98099,12604399.402,3572076523.4,1333970209.1,8420498923.0,14711670.8,27519472.04,2970210.71,13342706.36
2021-02-23,169375.025051,2547837.82068,15879767.559,2563543339.6,1625220448.7,5958874372.0,24306320.76,40437206.88,3657984.88,24333706.63
2021-02-24,91881.209252,1384388.81727,11777825.187,984714285.4,946049063.3,11172353520.0,10777544.75,20265938.21,3233830.55,11441037.71
2021-02-25,83310.673121,1032670.79409,6871992.794,709823716.2,961855836.2,4913047375.0,9520373.92,13365957.05,2431285.39,7925390.07
2021-02-26,109423.200663,1355973.29378,7410706.385,908467259.5,1805727721.5,3147923785.0,8029513.17,25275240.2,1804008.06,9141896.37
2021-02-27,66060.834292,927423.0475,4192697.152,612147484.8,1994359638.5,2268877377.0,6232463.19,20330311.63,1690910.72,7629090.66
2021-02-28,83055.369042,1410207.56284,5674373.249,674797992.8,1599172340.3,2384823456.0,7231344.75,19977135.54,1816997.15,7913084.04
2021-03-01,85086.111648,1094695.17839,7911568.194,600649056.6,984011920.2,2752580452.0,5511248.26,13666144.31,2250036.68,12300905.73
2021-03-02,64221.06214,1061142.38743,5386013.794,645438020.0,753904502.9,2378364146.0,4128426.11,15276420.14,5223868.87,9716494.53
2021-03-03,81035.913705,1054846.31471,4278388.733,642007609.0,454913445.3,1841086026.0,3277327.93,11641704.64,2841940.87,6863848.85
2021-03-04,82649.716829,946365.67088,3999983.836,1244989352.0,748035034.3,1943532071.0,2764372.37,11601602.41,3087747.13,6809212.29
2021-03-05,78192.496372,910786.28976,3654842.805,751282004.7,830654685.1,1714962753.0,2069391.25,15293689.83,2367099.9,5835770.65
2021-03-06,44399.234242,1013300.93928,2663375.536,365972027.5,394799528.8,2749264710.0,3061674.23,6037223.17,1483862.28,3809103.37
2021-03-07,55235.028032,848470.78136,3519962.929,325973214.9,324367538.9,1494562661.0,2999418.25,6061093.36,3010972.81,4599258.02
2021-03-08,66987.359664,1149711.39987,3045991.968,680852595.9,398514643.5,7572972187.0,2116684.52,6813802.79,2182937.86,7181496.7
2021-03-09,71656.737076,857229.47855,7937298.708,495494329.0,616039069.3,4412560062.0,2594490.9,12891833.92,10511803.75,5209845.28
2021-03-10,84749.238943,937230.62831,6012304.148,597205849.7,384497300.9,2390746818.0,1943926.1,12012623.7,8435059.85,4916671.7
2021-03-11,81914.812859,909011.4961,6598662.207,535040848.2,301611714.1,1647182774.0,4125742.57,8664283.5,5275313.55,5079711.85
2021-03-12,73405.406047,869564.6361,5905880.87,665250842.7,423021914.4,1821925239.0,3678388.38,6812852.03,4025302.52,4815001.06
2021-03-13,83245.091346,926283.22642,3902398.386,547809975.2,643811025.4,3660176589.0,2632320.37,7399275.26,4641909.98,5690169.1
2021-03-14,52601.05275,637963.63627,2432196.535,415693265.6,304362465.7,5115194076.0,1750244.94,4741817.09,2905962.81,3148221.83
2021-03-15,102771.427298,1025326.79658,3362734.143,531041051.9,400978353.1,2409422648.0,2020949.93,10731480.2,3223256.17,5267823.29
2021-03-16,77986.694355,764993.40147,3013229.0,1446818353.8,1248716359.1,2003574159.0,2501657.49,9126077.86,3919260.34,3775086.95
2021-03-17,70421.620841,658349.44843,2856836.919,564997453.7,1094860557.7,1162146770.0,1703006.56,6842523.37,3711302.21,8170703.32
2021-03-18,66580.406675,603721.61056,3152509.589,555296456.6,1446280469.1,1338098958.0,1576671.71,5558730.76,3784343.49,4993129.5
2021-03-19,52392.652961,500258.42875,2262870.653,336947303.5,812311179.7,1691688848.0,1461762.29,9561406.59,4561567.37,3576087.99
2021-03-20,44476.941776,451556.10639,2377018.11,1164006494.7,401638128.1,1939829246.0,1393209.56,8583160.2,2545309.31,3370847.33
2021-03-21,48564.470274,465953.98749,1973476.754,879573341.3,305630409.8,1204263965.0,1191850.82,6631041.19,2817582.7,2589005.21
2021-03-22,62581.626169,582727.49081,3265655.831,1648699048.0,384255570.1,1270766976.0,5102991.54,6137342.07,2819087.11,3569707.65
2021-03-23,59789.365427,577213.99589,2587450.732,1094151403.3,371967713.8,1437944729.0,2004427.43,5897723.07,2208298.0,3697991.34
2021-03-24,83537.465021,753834.52393,3270691.795,894167588.1,354915791.2,1666398121.0,2317339.72,13285955.46,2924723.82,5130184.12
2021-03-25,87400.534538,701697.00258,3498082.827,914285330.6,527623538.8,1665397693.0,2292323.1,17474869.14,2616910.89,5165569.26
2021-03-26,63813.774692,515470.92907,2635329.155,737749968.5,671982901.0,873797527.0,2972281.77,7973987.37,2119177.62,4214750.51
2021-03-27,50105.475055,443845.49957,3089181.848,455498717.7,270954337.7,1176365221.0,4053893.7,6080754.51,1664560.96,2033830.6
2021-03-28,39050.387511,348895.51314,3272613.755,341522011.5,199736804.6,675382127.0,7200727.49,4896790.56,2149098.9,2209824.35
2021-03-29,67857.937398,647724.46387,2728496.99,534252547.3,263071765.2,977387405.0,3064381.78,6754322.38,1936628.46,3631401.63
2021-03-30,55122.443122,568842.00526,5532768.33,574769642.5,257460678.6,1399307591.0,3808354.1,5489182.37,1916568.91,2522498.95
2021-03-31,60975.542666,746995.8591,4719335.506,666984204.3,302818874.6,1085164149.0,2784733.45,14303159.29,1991045.26,4354539.16
2021-04-01,47415.61722,741585.07266,4390708.581,710919375.0,212963382.6,15242021778.0,2230609.34,9608182.24,1556653.75,5441691.37
2021-04-02,47382.418781,846197.93215,4205858.478,800475396.4,314062254.4,3415466916.0,1773300.55,10204662.65,1502764.68,4541298.12
2021-04-03,47409.852113,770176.32192,3099870.848,991064844.8,313837978.9,2066362739.0,6266319.5,18075397.33,4011015.62,5352533.08
2021-04-04,41314.081973,514345.76554,2730876.03,664457346.2,204575492.2,1563798693.0,5274539.83,8717890.34,1645442.99,3036730.2
2021-04-05,54258.01579,684923.61494,3473780.055,3325470561.47,318801564.5,2638868932.0,2821214.21,7991387.42,3914406.49,5116263.33
2021-04-06,54201.000727,673386.05575,4481056.436,4053245753.09,726926008.5,4762148739.0,3326493.23,9415415.87,3854943.21,8893492.94
2021-04-07,71228.405659,892984.90422,6179859.708,2128341583.9,405313990.0,4840051853.0,7815658.63,11787515.43,3026403.42,7354475.72
2021-04-08,44283.147019,501355.998,4092498.638,1232242484.4,215242842.9,1745571706.0,4209553.61,5879782.79,1585910.41,3548631.28
2021-04-09,40831.884911,426387.4379,3670424.433,964539570.1,156767192.2,2149603024.0,3037133.3,4356116.29,2411521.93,3146093.79
2021-04-10,69906.424117,655458.20894,4659107.212,2713439019.68,290774078.0,2780510108.0,2705997.06,5302312.77,3316903.42,3548018.58
2021-04-11,41156.715391,392265.50773,3644396.11,1972667902.4,451246041.8,14967931146.0,2517685.81,5023884.47,1817836.56,4950189.88
2021-04-12,56375.037117,579093.35694,9279328.84,1129501823.8,559487897.9,4300356226.0,2842013.26,6509499.53,4048871.8,4114028.73
2021-04-13,82848.688746,782608.6209,5447746.544,2515240116.42,605026285.0,13605840277.0,2275774.43,9390973.4,3077724.42,6101006.72
2021-04-14,82616.343993,972931.60866,4213337.251,2119704174.5,1053166777.6,36680989724.0,3623963.28,10710847.58,7610260.01,14042147.72
2021-04-15,51649.70034,681950.96645,2306850.045,1124377879.6,413204000.6,24615971220.0,2146653.64,8291327.15,4740728.24,12590877.74
2021-04-16,91764.139884,999163.75205,4192218.462,1805450664.8,562141264.2,57510545356.0,2673912.32,9269576.83,3675610.8,9660045.35
2021-04-17,58912.256128,624232.25568,2949040.221,1108826379.5,323840975.1,24857057931.0,2442737.39,17205151.16,2447216.38,6767640.23
2021-04-18,124882.131824,1475383.69204,4468597.46,2048345301.6,804838502.1,18379866877.0,11699397.05,25846971.85,5871628.96,16201648.58
2021-04-19,78229.042267,820592.26555,5031325.713,1608073829.4,477279604.9,20873394140.0,12075270.9,11880828.89,3255981.02,13081158.33
2021-04-20,72744.482151,992240.809,5730895.325,1522196293.5,470266399.2,20969142688.0,7036100.92,14345901.28,3447186.95,12155649.58
2021-04-21,66984.756909,1177885.8617,5685067.894,1301403506.4,404434984.0,9460395395.0,6573327.09,11604140.78,2761857.45,7984885.79
2021-04-22,104656.631337,2220753.09746,6375583.139,1771540957.6,522618869.4,11199121834.0,14017530.86,17785821.28,3474222.21,14019133.9
2021-04-23,132230.780719,2532242.44185,6855584.921,2651341963.5,989280841.9,17170003022.0,14705148.48,25328983.32,4749135.19,15422132.24
2021-04-24,55361.512573,997688.94623,3005329.075,1120813592.2,434215610.4,10626242110.0,9722785.06,12019207.5,2231443.96,6655452.01
2021-04-25,58255.645004,857517.38218,2489756.6252,1026066203.52,305075283.55,5726007353.4,11964753.801,7392943.065,1711011.135,4590476.743
2021-04-26,86310.802124,1076469.01367,3098650.6351,1871916062.93,473369883.13,4881379028.6,11079170.602,12586853.239,3025256.65,6660309.239
2021-04-27,54064.034675,771728.46451,2807308.6198,1510880106.82,392979049.07,3367212939.4,7101848.718,10126562.837,2350750.048,5463142.477
2021-04-28,55130.459015,999383.1852,2384514.8852,1092879174.17,388598645.07,13418044375.1,7855066.319,9168443.638,2546834.944,5219076.553
2021-04-29,52486.019455,863890.01069,4336516.3347,824625421.08,578529650.82,4149329330.8,5805381.221,8746880.388,2274429.724,5148499.846
2021-04-30,68578.910045,695339.20482,3430512.4025,1429394131.02,308696257.77,4042637011.8,3302673.311,11153636.937,3368373.696,5295313.708
2021-05-01,42600.351836,690260.07741,2427568.3909,701328204.71,208656399.38,7062340392.2,5804048.045,7426793.568,3589503.042,5227786.221
2021-05-02,36812.878863,571982.5445,2066258.2844,602425194.39,218990273.64,5092764030.1,3794411.245,6899280.736,2177846.529,5208051.325
2021-05-03,57649.931286,1329088.0628,2873379.617,670988111.68,271187623.29,6428014853.9,3686007.369,8437636.158,5397490.383,6029697.571
2021-05-04,85324.625903,1826039.38558,3765315.6951,1375223308.72,421500877.62,21282557921.9,4180557.381,13221688.847,4452223.237,19637684.71
2021-05-05,77263.923439,1174816.73588,2270137.4732,1261641294.96,579064616.22,19076895175.7,2772821.523,15940781.371,3289567.944,16873790.901
2021-05-06,70181.671908,920592.57706,2065376.5442,1507415092.61,1342973403.72,8546432048.7,2337263.012,19626530.967,6195375.726,9895004.189
2021-05-07,74542.747829,760544.64781,1979435.9584,894697893.67,789059200.98,12586268621.3,3259646.399,13673656.089,6802609.557,10599319.111
2021-05-08,69709.906028,1130467.54852,2186084.7749,514586255.38,393498897.98,11387955620.8,2539093.011,7174506.876,2493215.197,5902382.664
2021-05-09,69806.11991,1000401.0082,2343402.1219,726954201.32,883091328.46,26072068896.0,3095018.717,9941002.399,2403153.534,8601375.485
2021-05-10,89586.34925,1505897.92612,3074645.0692,1154086820.05,712304913.86,9677354634.4,2869549.017,15156271.812,4334618.088,11459163.62
2021-05-11,64329.54055,1095927.10403,2640713.327,724101053.89,524326718.11,7553577270.2,2758407.694,10529252.621,2729477.604,7532480.798
2021-05-12,99842.789836,1601842.74017,2813834.8185,1028881609.0,599710080.8,5372061299.6,7592760.128,19203754.059,5512564.2,8304570.51
2021-05-13,147332.002121,2068708.17427,5485323.7047,1308704814.37,1567655289.16,10449387293.9,7162647.061,32382529.916,4599017.978,10978718.589
2021-05-14,80082.204306,1153390.42631,2187570.2996,772801586.76,695033070.96,10623296337.0,3421838.277,25755875.959,2531482.455,6310269.001
2021-05-15,89437.449359,1039174.88082,2259793.5825,1495464769.52,1376815760.83,5232752313.5,3357108.617,29713880.387,4984162.837,9858340.364
2021-05-16,114269.812775,1324065.65875,2939528.1774,1498147985.65,1190745903.78,5377121653.3,13162867.429,19390116.793,5278663.199,9820375.699
2021-05-17,166657.172736,1904012.43998,4029118.3527,1560737399.7,1137971306.33,4268994077.1,13839076.478,22756823.567,4761781.536,10672040.785
2021-05-18,116979.860784,1287110.84143,2720596.4374,1813933407.63,612259916.93,3039758659.2,12538546.698,18784123.607,3692884.156,11237931.791
2021-05-19,354347.243161,4309836.31939,11497731.3774,3180237280.29,2261842102.36,11489907654.4,22259967.849,76760027.408,7854204.012,30087569.964
2021-05-20,203017.596923,2942777.9301,8116861.4224,1974341688.46,1331716279.01,8529470589.6,17869805.908,46079545.709,4667836.199,20474453.97
2021-05-21,202100.888258,2727031.93514,8827845.3858,1813489499.17,1158826530.96,5243254333.5,13740700.641,49259719.832,3781391.334,16394437.613
2021-05-22,126542.243689,1684318.01157,5303046.012,1478148766.91,800713185.45,3793145642.7,10122098.005,32371263.631,2628918.371,13176375.348
2021-05-23,217136.046593,2914548.73125,8801148.1832,1976494217.2,1461270087.31,5634274411.3,25787150.864,65071228.803,5463994.514,28838486.247
2021-05-24,161630.893971,2186632.92245,7794003.641,1613054853.94,1034255631.11,4854625486.1,15414302.323,43581078.152,4361327.481,18781247.484
2021-05-25,111996.228404,2115349.50445,7638986.0132,1654728049.91,807717267.52,3709319825.9,10300933.608,34789720.032,2878326.676,13594283.818
2021-05-26,104780.773396,1583799.59251,5336916.0722,1160288119.63,857080518.13,2385684153.7,10601343.234,26085513.265,3101870.521,15626091.013
2021-05-27,86547.158794,1099029.91206,4275801.5014,997129594.42,590119092.56,1794158136.6,5698854.676,22582359.517,1878833.966,14928881.511
2021-05-28,135377.62972,1554584.61362,5253443.3619,1220369622.06,817239543.16,2620384686.8,6370726.751,40752090.288,2318888.923,18329155.015
2021-05-29,112663.092689,1379427.18851,3764083.2923,980984330.42,576104659.27,2016681043.4,3911549.6,20620470.347,1260980.209,11852877.566
2021-05-30,73535.386967,1151113.19883,3739673.1138,837581783.3,764079031.67,1514854219.6,3964240.919,17307772.375,1133881.014,11581989.136
2021-05-31,94160.735289,1307958.04068,4110136.8744,1221688769.45,600116070.88,1897905257.4,5173286.471,21593146.82,1357131.015,11530173.536
2021-06-01,81234.66377,1179577.10806,3652280.6916,1130390772.85,530252586.94,4488851727.4,4046865.202,18793956.11,1195464.415,8541347.958
2021-06-02,67587.372495,970070.53563,4377024.6685,673790276.52,431644801.42,8351828077.5,4549289.133,24489800.102,1696639.301,6690371.855
2021-06-03,75889.106011,1024290.89423,4214469.415,701176435.11,417400945.02,5070741840.7,7862225.094,22096623.219,1754635.671,7153659.069
2021-06-04,91317.799245,1188314.11191,4926793.4499,814525376.26,596433033.05,4035854544.9,8825815.938,23200131.881,1844859.941,11814359.672
2021-06-05,70459.62149,961824.12413,3977579.347,621966894.8,369328430.6,2396911157.1,8654823.195,15159286.356,1557214.89,8061770.985
2021-06-06,47650.206637,673792.69369,1862065.4318,395443235.74,191999153.68,1194622756.0,6151664.294,8542620.371,747036.541,4103120.692
2021-06-07,77574.952573,1152128.07856,3028938.8445,673906993.46,341267094.73,2064211543.4,8050031.335,16728777.96,2846106.846,7596956.78
2021-06-08,123251.189037,1693747.42759,4986849.8512,989287175.65,612223590.99,2908803652.9,16902544.675,22854699.756,2622746.581,12541377.995
2021-06-09,136607.597517,1276718.24011,3494285.669,798994471.7,471664344.33,2068160059.0,10764252.936,17895882.483,2507532.953,10774426.546
2021-06-10,109527.284943,741237.49926,2417974.6499,592646634.43,312406121.42,1348789846.5,5155108.071,18698941.752,2406206.41,8528580.189
2021-06-11,78466.0053,587364.27358,2215352.723,384826199.07,323101330.0,1204137023.4,4760990.078,12851416.712,1985298.581,7708441.111
2021-06-12,87717.54999,767439.4984,2074837.0012,375425465.13,362965214.53,1217468360.1,5196242.998,12547282.803,1721108.689,8866594.23
2021-06-13,86921.025555,715948.75986,1958071.3656,344882480.06,330722303.94,1042596039.8,4063329.112,9398764.597,1905070.736,8518777.758
2021-06-14,108522.391949,684183.55622,1978613.2384,441724628.58,280791163.74,1310349921.9,4590144.279,23122012.59,1753753.579,8601439.911
2021-06-15,80679.622838,599826.64933,1545190.4369,367733719.97,216159062.78,1015598512.1,3725999.561,17728382.399,1618961.454,7591140.11
2021-06-16,87771.976937,624741.78358,1531522.2062,380134518.73,203580536.01,888434880.9,5055331.868,13836266.103,1593156.605,7504910.032
2021-06-17,79541.307119,560667.58566,1239146.5273,315642616.21,165078770.77,680701230.2,3274621.978,10290433.237,2176578.341,5252377.095
2021-06-18,95228.042935,778905.20197,1583897.2791,389494745.89,220933715.72,1314700190.7,3777138.806,10556068.528,1646645.548,6991986.015
2021-06-19,68712.449461,496872.24997,1067456.2119,317290687.13,145492869.0,624846001.4,2216638.028,7447145.388,677502.975,5051884.872
2021-06-20,89878.17085,743883.64741,1618406.0051,589364804.52,269372753.54,1528605029.5,3938821.53,11045346.054,1178226.514,6747456.736
2021-06-21,168778.873159,1629819.66576,3729539.0167,1073284195.87,512064782.95,7023706752.6,8213916.627,27185128.197,2203255.627,16334287.906
2021-06-22,204208.179762,1695338.08052,5570573.4851,1611548012.73,907361654.28,7520083611.8,15788825.956,42443370.028,3283390.301,19816152.567
2021-06-23,126966.100563,918612.30494,3319089.777,1167774271.66,490479573.3,5839514040.0,11966311.253,24268090.268,2090766.333,10955575.372
2021-06-24,86625.80426,701231.67478,2635799.196,633338243.16,427028527.81,3579998951.2,7214092.912,14150471.665,1288733.896,6913929.289
2021-06-25,116061.130356,858808.54767,2711888.8709,795450033.45,548380704.22,5942192455.5,7293143.176,15832639.428,1369495.419,10064722.521
2021-06-26,107820.375287,832315.14904,2263064.3633,548990505.59,307404658.42,2653188955.6,6492984.234,13921587.238,1136001.579,8397555.9
2021-06-27,96613.244211,696055.79307,1539903.0268,472483880.77,242097878.29,1968559379.6,5851211.914,10035136.207,692604.829,6672229.029
2021-06-28,82222.267819,1044244.68308,1884580.1557,460033268.3,220547816.19,1734504424.8,4996728.013,12407568.948,1022964.874,7730969.378
2021-06-29,90788.79622,831257.23277,2126079.3416,718445315.27,287571860.2,1927372368.1,4476285.792,15069027.291,1388415.123,7920272.502
2021-06-30,77152.197634,910583.6032,2061866.47,634287485.15,263769140.47,1610075649.0,5361423.665,13522533.232,1137246.751,7407061.566
2021-07-01,71708.266112,787865.25137,1388151.0265,463328799.28,196824530.3,2253058516.9,4488924.899,10239264.118,717086.767,6081147.359
2021-07-02,56172.181378,672282.37476,1003331.2269,387562387.59,235621261.45,1081847381.6,4324198.276,7898912.744,979100.755,5454370.72
2021-07-03,43044.578641,569264.801,1016731.5662,329367273.74,197443853.76,759251070.1,3063406.141,7020623.727,737397.368,3457947.186
2021-07-04,43703.475789,590656.25069,1309414.0255,334071078.78,185325977.32,823044174.7,2972213.418,8386779.841,1361790.033,4719545.203
2021-07-05,64123.874245,781806.31605,1403218.2408,407839477.88,210256310.91,1181584860.3,3008984.082,10609352.577,1408712.788,5293286.65
2021-07-06,58210.596349,785330.17152,2066912.3595,356111895.89,173402604.28,981368400.5,3289698.061,12531769.007,2391422.133,8365971.342
2021-07-07,53807.521675,666501.35572,1779058.2937,284356433.42,125167776.95,952129896.6,4609258.553,18479476.985,2048553.788,7382310.549
2021-07-08,70136.48032,880265.04124,1644090.8501,430925669.18,175680408.72,1487061330.1,4495022.54,13613806.663,1467700.322,7810651.198
2021-07-09,47153.939899,738611.36304,1106411.786,358836803.69,160293985.2,2291127903.5,2810263.602,8527447.532,1365886.913,5274715.584
2021-07-10,34761.175468,499071.85904,818970.9225,279711260.06,93476664.31,919482894.5,2838074.586,7361515.051,729693.403,4080693.184
2021-07-11,31572.647448,342294.40302,799617.835,201320995.42,71704260.26,551263176.4,1944815.804,5220591.256,574831.74,2750998.477
2021-07-12,48181.403762,540630.10742,1322836.6575,356848391.96,112067630.51,805441341.2,2251239.269,7384762.29,1105226.312,3787713.432
2021-07-13,41126.361008,647388.24969,930032.3155,315648113.8,125015668.98,916221269.9,1837132.436,7000669.871,937209.081,3654707.118
2021-07-14,46777.823484,690505.60937,1430288.4026,352306488.76,165466902.33,1247947078.4,3434185.178,11240723.808,916149.504,5451319.438
2021-07-15,51639.576353,645271.32563,2185210.8398,339655984.05,133685795.15,966797093.3,3643011.529,11295460.335,799151.217,6244804.485
2021-07-16,48499.864154,577068.89724,1456105.4019,282511701.89,159173625.74,1185633674.2,2923575.792,11747810.942,869808.847,5213696.453
2021-07-17,34012.242132,430300.51578,1030879.9611,263418042.14,124485807.1,2572720766.9,2122389.101,12685758.457,588168.81,5177561.722
2021-07-18,35923.716186,534837.63654,815497.3527,241849135.65,108584207.61,1344894101.6,1727601.788,8943548.853,669471.278,3946695.121
2021-07-19,47340.468499,547419.93771,1318041.7074,294780945.07,138646747.17,1079953391.4,3131177.977,13496594.169,613091.689,5829694.304
2021-07-20,61034.049017,786257.272,1796600.5803,393704657.61,283618751.18,1865041957.2,3555428.542,15411227.688,784232.566,7700512.325
2021-07-21,82796.265128,1115949.82033,1740736.0226,493423679.61,287296624.78,4505979384.2,4561993.007,20720488.404,994914.755,8493449.369
2021-07-22,46148.092433,768854.3659,1173507.9432,409238764.36,158912321.76,1393922167.5,2643783.144,17109976.612,879782.503,5864766.171
2021-07-23,50112.863626,708160.91322,1640999.5389,359561806.43,131335875.06,1352326692.4,3040520.321,14319244.955,695996.732,5208073.46
2021-07-24,47977.550138,633075.18592,1438901.3811,319684922.3,142716783.01,1627615706.2,2678108.81,13352533.272,839109.691,5410931.847
2021-07-25,47852.928313,535630.27,1083557.277,259034501.15,107934124.51,1122436168.6,2350991.534,10636601.766,601383.149,4708980.418
2021-07-26,152452.512724,1393738.163,2575554.2802,803413949.18,415073283.88,4546455511.8,6221691.897,25704112.204,2057987.325,14210837.673
2021-07-27,88397.267015,906359.23478,1678708.0635,427078091.95,233094192.34,2030159664.4,3008374.757,16376850.101,977794.901,8327513.617
2021-07-28,101344.528441,718202.57727,1308249.13,1172622702.04,201236980.03,1698684418.6,2329901.559,13296413.169,1510307.384,7596790.315
2021-07-29,53998.439283,499364.83496,998946.1839,513356476.87,130840990.64,875707720.8,3692050.445,16761635.313,1634174.61,4161840.776
2021-07-30,73602.784805,762577.28797,1297421.6445,604445794.9,181649929.84,1260492016.3,4970660.009,12163617.879,1572248.756,12896563.782
2021-07-31,44849.791012,507601.05026,1393753.965,377281828.25,122070136.42,1177482439.7,4320145.537,12127994.279,1248768.221,7637055.914
2021-08-01,53953.186326,853495.94078,1514514.2178,469477766.36,200978816.46,1550637730.2,3490975.158,29839953.331,1860616.438,8728644.337
2021-08-02,50837.351954,726701.84952,1018741.3098,410656081.94,124737501.38,896401081.3,3105881.294,17843839.093,928801.989,7225124.74
2021-08-03,57117.435853,792960.84375,1060806.3447,398158150.61,250226135.48,977103235.1,3490191.638,15066105.66,1198368.484,9465472.392
2021-08-04,52329.35243,954590.7536,969671.4228,330543019.03,182865692.1,873261017.4,2847838.669,17035350.579,1246721.964,8225660.808
2021-08-05,84343.755621,1307720.20654,1263649.4926,331894003.59,160752874.44,946707300.6,4059371.083,17528313.721,1372439.967,7144781.467
2021-08-06,75753.941347,825399.48637,1267498.9178,304988991.92,165384665.39,1263420290.4,3951317.574,17461334.492,2108094.949,7433704.425
2021-08-07,73396.740808,1205277.10095,1545801.188,589624594.72,245578409.2,5158338816.2,3561767.701,16386907.83,2346816.422,6218217.158
2021-08-08,69329.092698,966349.70579,1275768.154,556138875.77,201134603.12,5791158603.5,2030535.723,11727291.345,1318372.027,5179399.165
2021-08-09,74587.884845,1129584.61614,1284975.5132,474908832.08,204393100.93,3702865258.6,2128198.741,12450237.876,2569371.614,5994876.946
2021-08-10,53814.643421,880675.74443,1660844.1918,503252613.21,356506024.51,2588076619.6,2603195.665,13345048.98,2076458.198,6592102.333
2021-08-11,52734.901977,732546.60433,1911892.6875,1131344973.99,488863450.17,3712761104.7,2512250.555,17980834.426,1849892.045,7843592.877
2021-08-12,55266.108781,737628.45808,1835305.9382,990869466.08,431637639.2,3923287429.8,2413664.412,13916627.074,1704787.841,6385288.818
2021-08-13,48239.370431,579333.40323,1261827.2925,674407528.31,589994492.03,2142420241.3,2281339.99,10079219.543,1519296.777,4895829.581
2021-08-14,46114.359022,486102.53787,1439286.5064,1408060485.32,599325581.5,3131790645.4,1548818.722,12206858.981,1428803.971,5869978.184
2021-08-15,42110.711334,565579.67765,1238115.4178,1155282513.71,370249371.15,4964816125.0,6264283.565,10311557.705,1404168.533,4492523.836
2021-08-16,52480.574014,635667.05422,1850324.1906,912003805.45,313643255.53,4130699106.8,15014364.928,23210244.18,3800908.89,9364186.799
2021-08-17,57039.341629,804996.06971,1984029.275,893360572.36,361700269.73,3520234606.5,14953825.95,29082405.854,10172036.374,9870163.634
2021-08-18,54099.415985,625103.25568,1750539.5385,870414538.26,486614298.9,4089557667.2,15022132.453,20325842.456,12872464.953,8437887.642
2021-08-19,53411.75392,634769.92174,1852873.4714,723276976.29,661367609.97,2386616242.5,7819221.598,18955398.089,11884539.989,7978787.57
2021-08-20,56850.352228,558127.4554,1691101.5102,594584554.01,619099859.32,2177517962.3,5705076.722,18087062.298,8246852.137,6765096.705
2021-08-21,46745.136584,421156.09084,1426818.8978,394160040.58,297136052.16,1751965697.2,5131799.362,15380800.777,13275218.253,5165729.464
2021-08-22,37007.887795,406479.07654,1135535.8076,360176161.72,485497408.99,1401118643.8,2862187.053,12726834.131,8717113.46,4266944.356
2021-08-23,52462.541954,602103.44614,2660809.0219,661403795.74,653707062.88,1842154214.4,4150780.595,12452305.837,11058622.436,6106352.511
2021-08-24,51014.594748,540480.07853,2080297.6979,637760055.93,641652294.22,2336380653.8,6792636.137,15563782.332,13474170.156,6394087.605
2021-08-25,44655.830342,483697.69444,2242911.0333,530858362.99,460928567.06,1658742148.8,5069064.804,13580763.063,11480697.369,5810278.155
2021-08-26,49371.277774,442298.47372,2229652.231,569965192.92,407754722.33,1401204832.1,6563670.747,12202094.793,9280721.696,5809610.757
2021-08-27,42068.104965,451027.80711,1549790.9246,565739468.35,472662823.39,1345067751.7,8785637.093,12760582.382,10990447.098,5116792.068
2021-08-28,26681.063786,262360.34921,891854.5838,314618250.83,243063514.39,813242385.1,5774371.258,6962096.43,7177328.364,2939678.44
2021-08-29,32652.283473,335806.7827,910773.939,313294895.0,274365688.0,758831427.0,4171861.65,5969161.7,5176181.901,3384982.599
2021-08-30,40288.35083,625347.27541,1125497.9612,364996870.0,240691753.9,994923907.0,11109542.615,14865324.488,6827433.15,4514605.77
2021-08-31,48645.52737,863071.13092,1477345.5552,709823003.3,251908426.3,994391602.0,16509565.592,40601758.669,6855430.916,7673601.309
2021-09-01,49904.65528,845759.95868,1320635.94,469917987.0,196563544.1,1077645215.0,8028303.79,26017654.839,7820541.217,8266693.87
2021-09-02,54410.770538,525165.7996,1245680.6988,501596506.82,397432179.47,1859879704.7,9206853.472,13487628.41,6481497.68,7084187.065
2021-09-03,59025.644157,655903.75739,1094104.742,526413570.07,203828698.4,1248795134.0,11927061.37,14346166.884,9097559.66,6866886.796
2021-09-04,34664.65959,364478.1193,1248261.6277,355870711.0,192271347.0,1170386591.0,6134062.526,7731353.806,6077749.28,4242332.29
2021-09-05,40544.835873,365759.8597,878406.045,335187953.0,169097774.6,1273101183.7,4619885.42,9486930.418,5904540.19,5891988.187
2021-09-06,49249.667081,397768.5783,1121398.978,710855257.92,186970542.2,1327741283.1,8435542.353,12428084.43,7931732.22,10355273.267
2021-09-07,123048.802719,1203536.00209,3358688.1229,1297978123.89,964890684.8,4143609594.1,24376489.011,40408249.411,12849059.617,22716428.307
2021-09-08,65069.3152,780611.7657,2058507.11,794455994.0,547581870.5,2036725778.0,16666845.8,23830480.97,7464147.83,13670715.16
2021-09-09,50651.66002,628553.8831,1543293.221,604426508.0,411631907.8,972908690.0,16349677.82,21170365.5,10152448.674,10379368.4
2021-09-10,49048.26618,633026.2659,1528906.751,901671116.0,322102115.0,1039971873.0,9055410.7,27860740.96,17253541.93,9834554.01
2021-09-11,30440.4081,413524.1761,922767.055,336502704.0,561119335.07,574961334.0,6794663.25,15331069.56,16295853.416,4993779.99
2021-09-12,32094.28052,408858.9595,981402.883,324049191.0,466822310.1,824439503.0,3661211.64,28871476.13,16140497.309,6990717.38
2021-09-13,65429.15056,647855.7199,1531654.719,510682363.0,378841930.8,1194502511.0,8423839.46,49715992.152,17195092.8,13538132.86
2021-09-14,44855.85099,373634.9026,930635.792,275908113.0,214309623.2,600777341.0,7981396.52,23675929.094,8170590.05,10233565.39
2021-09-15,43204.71174,428507.5278,1182055.631,289063987.0,276853578.3,624731884.0,6107319.6,12212842.72,6756093.54,9772286.29
2021-09-16,40725.08895,467985.4919,1037049.02,302954441.0,196390696.8,767085717.0,4739595.73,13726309.35,15000080.374,9659752.1
2021-09-17,34461.92776,398888.3705,844137.727,297933223.0,130098585.4,1532347235.0,7629925.55,14073919.0,10905615.525,7110390.59
2021-09-18,30906.47038,315162.7627,733479.739,195352031.0,115231963.9,532008968.0,8229799.94,9990438.88,10521283.488,4567816.67
2021-09-19,29847.24349,312948.0013,743095.721,211015299.0,127205837.0,486273037.0,4945800.1,7884331.02,9524488.551,3892742.39
2021-09-20,78003.524443,917939.57849,1865673.9401,837287959.74,458599973.03,1842218251.9,10153368.71,28383483.49,15410116.45,12265514.894
2021-09-21,84534.080485,971519.88941,1577059.1261,632313366.81,450988800.97,1475472637.8,9608867.72,24316299.56,15940591.44,11263574.24
2021-09-22,58349.05542,677457.64825,1085212.972,606417695.0,262894741.0,1505717159.7,7460596.34,18161430.28,13033656.1,7772096.46
2021-09-23,48699.57655,459293.8858,992215.176,409673892.0,190056984.8,809134784.0,5188932.77,13516616.87,11366707.86,6813474.989
2021-09-24,84113.426292,932090.8856,1718950.219,605329486.0,382004501.6,1446332143.9,6710404.45,28521525.89,11472906.45,10530560.3
2021-09-25,33594.57189,491974.0226,916797.617,347043937.0,328389858.73,648108334.0,3212733.31,13368526.84,4943069.71,6978838.89
2021-09-26,49879.99765,703594.478,1538759.1618,384081774.0,231090029.9,778024870.7,4342156.13,18340714.24,6395395.4,11996414.44
2021-09-27,39776.84383,510130.7319,956544.069,350234819.0,150915484.2,447272392.0,5195624.27,11094418.1,5974772.52,5674010.84
2021-09-28,43372.2624,511325.4643,922077.227,313521537.0,151911770.2,478010126.0,3899945.58,9784154.53,4765761.77,6277178.15
2021-09-29,33511.53487,411305.0893,1696420.045,459660796.0,136138441.2,508197881.0,3685498.28,10207287.33,6780246.71,5352492.64
2021-09-30,46381.22781,506896.7612,1163674.206,332911904.0,124916940.9,525345573.0,3361454.58,8201551.44,5085384.45,5584599.18
2021-10-01,66244.87492,648714.6151,1440336.041,644378881.0,197157573.9,1029403020.0,6742166.88,13176348.21,6973676.03,7425309.08
2021-10-02,30508.98131,422551.1811,1039006.518,398398944.0,147408004.5,726979560.0,5059987.02,8748363.88,6536616.52,5235579.85
2021-10-03,30825.05601,360586.8905,820910.792,410176280.0,136980609.8,697996641.0,4233767.25,7871434.22,4467356.39,4506819.77
2021-10-04,46796.49372,485204.642,974423.359,416467677.0,149496124.6,3281218340.0,4312499.92,9287969.05,4826593.69,5539695.96
2021-10-05,52125.66793,393900.8818,883699.828,429469278.0,131834376.0,3796153741.0,3378441.71,8537858.77,3831519.71,5119998.39
2021-10-06,79877.545181,618265.5402,1245088.683,509214129.0,192646609.5,3681509190.0,4499161.76,14373589.09,5068720.14,6976264.13
2021-10-07,54917.37766,486102.3591,1159098.7447,410868906.0,254708498.4,2142393485.0,3251376.58,20356598.29,4761648.55,6025827.07
2021-10-08,46160.25785,403597.1437,1505999.188,335486636.0,138317391.4,1381822126.0,3735085.38,11134583.44,4392451.39,4972738.23
2021-10-09,55177.08013,361906.7514,632123.526,678027224.72,108667313.3,1073585552.0,1833309.02,12546752.37,1985268.84,4731175.38
2021-10-10,89237.836128,580223.6302,729380.963,647048690.0,110373473.1,977648960.0,2037895.69,13147574.66,2515959.37,3914402.57
2021-10-11,52933.165751,493521.882,759924.884,429676031.0,124908952.1,1072711057.0,2211323.14,11467492.31,3407191.2,4293243.83
2021-10-12,53471.2855,409377.1918,1966630.183,455399313.0,150529530.2,1030470079.0,3377483.32,13326459.4,4070051.4,5370932.72
2021-10-13,55808.44492,393463.1222,3383303.439,403291632.0,133035035.4,1044380785.0,2760546.0,36492731.213,3632007.14,6207286.13
2021-10-14,43053.336781,481894.1473,1431305.925,353714419.0,109132237.4,1098049682.0,2654600.61,20178003.61,3000941.32,7753968.37
2021-10-15,82512.908022,504321.732,1508188.787,573654581.0,205811006.8,1457540715.0,5388612.07,22085746.426,2963326.33,7635027.67
2021-10-16,35467.88096,373727.8549,1040477.571,339530696.0,103000332.9,1224144433.0,1985241.59,13673173.229,3914987.29,6223161.96
2021-10-17,39099.24124,368898.9831,890609.849,384414867.0,109914412.1,1210409235.0,3070422.13,10386680.07,2134508.3,4590060.14
2021-10-18,51798.44844,401819.9734,1091006.031,321174243.0,96988762.8,4909224967.0,2240606.17,10911226.84,1553173.47,4419668.63
2021-10-19,53628.107744,341268.3723,912494.969,235324664.0,94391775.6,1415459318.0,1821550.17,8843904.77,1873629.97,3568771.92
2021-10-20,51428.934856,537383.09732,946412.94,346122480.0,135969738.8,1638568849.0,3884374.7,13310248.053,2707834.23,4477050.21
2021-10-21,68538.64537,798566.55805,1851835.929,442288500.0,265787667.1,1573673715.0,7853710.77,14782015.916,3959021.69,9719211.48
2021-10-22,52119.35886,463222.5428,1118876.638,333619107.0,130738721.4,1553243637.0,8364239.42,16062749.38,5522607.5,7699280.53
2021-10-23,27626.93678,326576.9601,521970.795,189644449.0,74106470.8,1258672648.0,3274703.05,6138290.14,2978489.66,8142359.19
2021-10-24,31226.57676,350115.8386,590939.031,234286648.0,97230595.4,4887922846.0,3573960.26,7260724.06,2184761.84,5743439.15
2021-10-25,36853.83806,347438.6534,632116.761,218666074.0,105874037.9,2939692178.0,4914479.29,7291785.53,2270486.65,7440428.58
2021-10-26,40217.50083,414498.1599,702610.184,439499263.0,142897864.5,2132162373.0,3168707.16,9161833.46,3840473.4,6553789.22
2021-10-27,62124.49016,704604.25,1370950.214,914728059.0,397889032.1,5223432326.0,5003626.21,17560562.15,4273308.61,12021487.77
2021-10-28,61056.35301,626378.5055,1523900.006,686113717.0,253879713.5,17320109431.0,3503774.6,11629300.38,2484514.38,7186569.57
2021-10-29,43973.90414,559231.07691,1411851.4394,357777322.0,154761692.9,4977184874.0,2484214.02,8788034.21,1513107.96,5402654.58
2021-10-30,31478.12566,340223.069,1095033.1264,372223050.0,122995185.8,3441001301.0,1609573.37,5254551.32,1483432.23,3768896.65
2021-10-31,39267.63794,412856.2893,1018991.819,659007943.0,146413161.5,3857354566.0,2375757.35,6375433.77,1531085.26,4380461.27
2021-11-01,44687.66672,417620.7073,1274272.0851,381430430.0,144061135.4,2497093967.0,3150076.28,23714028.213,2515107.85,4961708.55
2021-11-02,46368.2841,468184.79301,1153919.1399,398377412.0,124263204.0,1912493294.0,2876704.542,19822814.528,1746644.56,4634421.26
2021-11-03,43336.09049,448658.35125,1262766.5996,838803472.0,335561983.7,1607498166.0,5253716.352,17237167.47,4504183.21,4908993.56
2021-11-04,35930.93314,368218.25695,1052950.033,553456246.0,174549100.4,1446957670.0,3552648.58,14091354.818,4700338.465,3782722.68
2021-11-05,31604.48749,305651.7244,1989945.5433,318649692.0,108180863.7,1282376452.0,2233800.23,8742278.8,2367154.9,6695588.25
2021-11-06,25590.57408,322154.0973,1366385.957,260339849.0,105480654.3,1135857725.0,3046062.46,8114011.78,1708791.07,4479318.72
2021-11-07,25515.6883,243596.5952,1476373.2487,371235010.0,82637102.7,912146975.0,1923092.87,7102199.25,4847020.516,2854681.46
2021-11-08,54442.094554,391102.31806,1290096.384,606055941.0,189974471.1,3420674489.0,2301351.76,7797418.81,6890764.661,6265144.9
2021-11-09,44661.378068,311267.57998,879119.398,465127517.0,581074544.2,1854893482.0,2217088.06,10322506.13,2716240.59,5454354.68
2021-11-10,65171.504046,553596.99163,1814654.086,932520826.0,479840587.6,2600272877.0,3092477.23,19625912.74,4363326.07,13584912.625
2021-11-11,37237.98058,303688.9765,1019740.949,475284132.0,151168963.6,1356541795.0,1997993.9,9323684.55,2085731.8,7608988.9
2021-11-12,44490.10816,461580.0415,1012909.088,446863355.0,160252178.8,1227134455.0,2114721.23,10700975.88,2247279.59,5997062.19
2021-11-13,22504.97383,220720.6611,900107.757,240083101.0,82511465.5,730909452.0,1458387.39,6068714.1,3519352.278,3374260.7
2021-11-14,25705.07347,245309.0674,933689.139,192023307.0,59859608.6,1109308026.0,1075144.87,4667465.13,3548704.679,2898724.84
2021-11-15,37829.37124,375421.6601,953989.634,266793400.0,93079577.9,784663988.0,1921128.24,6580865.03,3770997.004,4212705.79
2021-11-16,77455.15609,735857.063,2200954.903,599544174.0,268941429.22,1931306150.0,2557623.67,19699792.9,5618799.05,10287002.12
2021-11-17,46289.38491,472852.1842,1453408.555,383487232.0,207985172.0,1016537117.0,2094790.54,11336082.44,7144221.098,5076689.07
2021-11-18,62146.99931,576945.1837,1750338.428,698664651.0,221759905.97,1424059825.0,3077799.94,14653376.83,5656362.447,7061894.53
2021-11-19,50715.88726,420045.0897,1300787.958,349087574.0,144849476.6,1011256982.0,2712585.78,8936329.85,4039089.13,5005660.19
2021-11-20,33811.5901,365584.578,1119517.131,251779916.0,128183408.0,638393250.0,1560552.25,5821401.36,5546998.32,4535914.25
2021-11-21,31902.22785,340206.3203,970133.807,228064131.0,87455485.3,584498069.0,1888280.05,6646315.92,7608661.934,3837676.91
2021-11-22,51724.32047,518501.3338,1141002.755,307140428.0,144285714.0,715429215.0,2456703.81,8474290.45,6564376.0,4773826.99
2021-11-23,49917.85017,502811.7902,1202541.917,341407597.0,144774307.8,1648276631.0,1654017.24,6985881.02,4209995.63,4650554.32
2021-11-24,39612.04964,448727.0306,1079667.803,344750680.0,290146559.06,1150989995.0,1878172.55,7264687.01,4577775.34,4968971.25
2021-11-25,42153.51522,445868.2434,1536194.042,312211526.0,216037163.1,1097415948.0,1764837.19,7371944.97,4680745.85,5650379.16
2021-11-26,65927.87066,720245.1612,2413553.439,659982617.0,337429397.07,2305030656.3,2776105.44,16596267.73,4575826.59,10693190.38
2021-11-27,29716.99957,275326.5202,1183849.36,224846313.0,107756518.0,908852823.0,1028955.27,6817533.23,2842064.96,3976318.59
2021-11-28,36163.7137,346471.3551,1281130.351,336336729.0,228010819.22,858901257.0,1560980.85,10439305.23,3365794.57,4563690.39
2021-11-29,40125.28009,406881.2284,1090520.864,303393405.0,153848484.7,1857437869.0,1458763.57,7442054.72,2516574.06,4733398.72
2021-11-30,49161.05194,743024.4662,1380656.205,340017409.0,185671961.6,1617695220.0,2176734.39,9758902.6,3625461.85,5806301.22
2021-12-01,44956.63656,508198.3105,1384101.087,250291608.0,157458493.8,803902283.0,2589478.23,6936636.91,3007063.68,4642138.01
2021-12-02,37574.05976,451861.9545,1104596.881,213172250.0,441382037.0,1689895075.0,3042712.67,5653240.06,2475877.81,3910782.56
2021-12-03,58927.69027,677974.8659,1250950.167,297172193.0,276255974.6,1011968037.0,2867134.41,9114532.42,3316203.87,5725480.6
2021-12-04,114203.373748,1111773.1451,2611783.647,1357965897.04,612957918.54,5303849448.2,4895759.09,24608037.9,6768729.16,20782013.826
2021-12-05,45580.82012,536325.4413,1258393.72,518767360.0,270618794.7,1381389600.0,2482292.26,11536652.53,3562051.48,7454749.61
2021-12-06,58571.21575,726742.9638,2005928.932,508644255.0,338310628.7,1661970370.0,2815245.83,16137260.41,5155977.54,8513440.09
2021-12-07,38253.46877,420749.751,1017363.943,319504545.0,229514365.2,1069148248.0,1939707.91,13072414.91,2882225.85,7483015.81
2021-12-08,38425.92466,429403.9351,1113215.449,415004580.0,187594478.2,870067110.0,1670677.66,10373073.12,1976726.13,11114837.71
2021-12-09,37692.68665,462173.711,1096635.012,684730305.0,174568058.8,974195305.0,1664934.25,9383772.0,2603024.55,8209134.24
2021-12-10,44233.57391,563236.5671,1083121.564,496512579.0,192968833.1,743981315.0,1862906.9,11306697.95,3342367.08,7767639.78
2021-12-11,28889.19358,427853.4343,950448.474,284945414.0,179118114.1,654792769.0,1541656.11,8148503.07,2324989.97,5569559.09
2021-12-12,26017.93421,260535.5157,544940.336,224450903.0,149463677.1,499912432.0,976615.96,5833358.42,1544788.55,3211538.08
2021-12-13,50869.52093,533467.2307,1037150.705,378446930.0,184388318.4,972416861.0,2470231.82,10566935.28,3604282.51,7022411.65
2021-12-14,39955.98445,395145.7462,1263782.101,352693472.0,175476318.0,7338444571.0,2151408.98,10443455.71,2973253.39,5679303.2
2021-12-15,51629.181,542068.0573,1147515.305,354116180.0,170247496.3,2177343912.0,3328550.89,13450685.93,6449158.02,7026159.04
2021-12-16,31949.86739,368780.031,735504.682,206133176.0,117662885.3,1077785070.0,2482901.38,14427194.9,4989316.02,4943919.45
2021-12-17,43104.4887,463370.9225,921732.763,260108143.0,138092226.1,1033871332.0,2308612.94,10403388.65,6159186.26,5458704.38
2021-12-18,25020.05271,339593.2543,580436.098,170671362.0,81211094.1,594262965.0,1218448.99,7437623.45,3442233.16,5362509.6
2021-12-19,29305.70665,306006.323,540256.684,163876270.0,124074683.5,479149291.0,1217882.6,5757699.98,2140304.15,4918775.96
2021-12-20,35848.50609,366916.4771,727454.212,555435824.0,123106967.7,823398873.0,1448185.8,7053641.28,4463038.26,5052339.6
2021-12-21,37713.92924,340826.3553,686439.708,471318013.0,122949048.2,514233887.0,1302766.6,7752931.61,3711910.2,3667347.22
2021-12-22,27004.2022,303191.8076,721787.109,401407051.0,161174698.1,885691231.0,1379639.45,10788179.43,2949493.16,5032493.39
2021-12-23,35192.54046,380207.8166,844421.954,479436230.0,216795659.8,1027458506.0,1726907.3,10938539.93,2526919.7,7579889.52
2021-12-24,31684.84269,230833.1661,665688.415,567234092.0,126360588.3,1245909390.0,1657463.56,6454013.86,2103167.74,5593044.19
2021-12-25,19135.51613,208126.8805,455399.793,250074945.0,87587873.9,883688963.0,1047151.86,3990671.82,1699906.82,3223439.24
2021-12-26,22569.88914,189309.255,536338.775,163438501.0,103769249.9,537153520.0,1539530.03,9409786.98,1883628.3,6566168.47
2021-12-27,28792.21566,222225.3761,803473.155,236282371.0,181374841.1,613113643.0,1218499.7,8620339.37,1738245.11,6523023.34
2021-12-28,45853.33924,358064.7163,1002556.271,321266081.0,233458767.4,979781920.0,1997243.2,15826935.59,2819996.86,9022968.5
2021-12-29,39498.87,302753.6375,740117.867,306520880.0,151404808.3,716005365.0,1540603.75,9578005.6,1941041.1,6951841.9
2021-12-30,30352.29569,249263.7305,639166.717,262671659.0,134171567.8,524275170.0,1022709.31,7797319.16,1935135.51,6009325.13
2021-12-31,34937.99796,268014.2942,677844.749,239829934.0,120612337.3,572705101.0,1026603.34,9510787.97,2472910.64,5579016.19
2022-01-01,19604.46325,154143.8968,446171.541,136976730.0,69007607.5,297504077.0,634599.39,5227230.45,1211127.98,3459474.38
2022-01-02,18340.4604,154791.4263,404475.541,129688032.0,81011860.4,312955886.0,620087.38,8942930.92,1157325.57,5108786.84
2022-01-03,27662.0771,236245.8586,663841.021,178618617.0,87155825.9,460985351.0,1031316.43,11890491.01,1518111.91,7982877.02
2022-01-04,35491.4136,288258.5549,687436.638,214415744.0,94479305.9,496439208.0,1041332.63,11149885.08,1646729.79,10784755.22
2022-01-05,51784.11857,397942.0363,985152.004,370612510.0,158740088.2,1084632258.0,1659848.17,14135011.01,2277529.75,24289357.8
2022-01-06,38880.37305,496745.7413,986669.9,307202277.0,175754407.6,705767171.0,1575071.3,11412775.24,1633034.05,17086946.69
2022-01-07,54836.50818,669631.7262,1331260.03,372926762.0,209806013.2,1079690606.0,2719397.3,14333874.43,2602084.56,22033325.64
2022-01-08,32952.73111,400692.1061,1062788.589,253028571.0,169730473.68,582238373.0,2695415.51,9965873.23,2469062.48,15635153.07
2022-01-09,22724.39426,275874.1643,688777.347,151521399.0,114093699.4,381170543.0,1435153.15,7523995.26,1808479.57,18630446.63
2022-01-10,50729.17019,529818.3866,1221504.738,313080154.0,189250644.14,845047878.0,1894512.51,11667129.55,2836094.17,18516507.58
2022-01-11,37296.43729,362446.7087,1266092.819,254065075.0,115267098.7,1691718365.0,1328579.57,9473674.68,1431317.89,13498246.97
2022-01-12,33943.2928,370465.8015,836124.928,295701910.0,145608592.7,911010585.0,1946788.76,7566219.5,1757081.56,10319762.43
2022-01-13,34910.87762,336234.8799,908052.937,227833834.0,179029543.6,2116971492.0,1984121.59,7656681.93,1429888.43,7890385.69
2022-01-14,32640.88292,285326.3505,797022.181,221104212.0,143281596.5,5406672589.0,1428145.3,9449831.9,1200068.6,6488595.95
2022-01-15,21936.05616,203100.3778,548626.203,138443019.0,80421836.4,1633943311.0,865014.75,5575781.94,914689.68,4141482.21
2022-01-16,20602.35271,210782.2277,507042.332,125068081.0,247977037.4,1069094552.0,964270.14,7073389.72,967418.87,4415951.38
2022-01-17,27562.08613,284063.6548,757806.035,181653025.0,545675409.1,1091483397.0,1297654.14,8233269.46,1328305.0,4471877.32
2022-01-18,29324.08257,299134.2728,707501.577,188367099.0,455949108.3,945110452.0,1254337.17,7145666.21,1041520.48,4910863.58
2022-01-19,31685.72159,332996.5703,585750.3,190555142.0,329948716.4,867134554.0,1175171.39,6462252.41,1139560.79,5688676.47
2022-01-20,42330.33953,357596.7062,1137854.894,205931050.0,261063307.3,763530515.0,1464593.98,6578668.82,1225812.76,5603272.17
2022-01-21,88860.891999,1022021.70024,1891179.594,612944841.0,408519522.4,1503858051.0,4523020.69,17269209.912,3392205.59,14621190.27
2022-01-22,90471.338961,1081357.54893,2635609.386,769947907.12,554287709.12,2241546261.6,6455608.98,23239217.068,5109157.94,18934134.953
2022-01-23,44279.52354,580497.7613,1297043.923,331234207.0,257147931.5,1196841624.0,3561751.04,11483380.21,2926022.98,9533639.18
2022-01-24,91904.753211,1123134.70389,1900214.42,513343471.0,437410320.0,1607720454.0,6990036.71,20381626.573,3701249.83,14743580.999
2022-01-25,49232.40183,510152.954,1006111.155,319618429.0,218828333.3,1316136672.0,3482711.32,9945213.12,2702688.81,7694012.53
2022-01-26,69830.16036,806441.62289,1073520.172,466864710.0,336503954.9,1324673854.0,4501340.69,14459131.31,3400732.97,9794747.0
2022-01-27,53020.87934,599481.7159,962060.888,292543906.0,184762461.8,677890025.0,3530017.76,9271719.1,2519156.06,8536301.47
2022-01-28,42154.26956,485149.8065,752320.615,221009653.0,137690073.1,464231063.0,2647317.17,7390664.94,1790400.08,6246161.02
2022-01-29,26129.49682,376666.8246,534573.782,154572094.0,89531278.4,339117872.0,2050891.76,4892745.7,1662626.47,3920458.64
2022-01-30,21430.66527,290770.0859,536436.123,146491081.0,72352160.1,341622629.0,1258037.51,5074979.97,1307594.65,7593446.41
2022-01-31,36855.2458,444584.851,620113.734,213749309.0,101218950.1,365107026.0,2414101.55,8316149.9,1747136.27,7695443.58
2022-02-01,34574.44663,390034.27362,555347.277,174300620.0,124526330.3,374440012.0,4190507.65,8041127.34,1951093.27,5923564.6
2022-02-02,35794.6813,447852.1228,572340.04,186608762.0,126857788.7,491750010.0,4863358.1,8769960.78,2238866.41,4741039.26
2022-02-03,32081.10999,405043.3931,495715.227,168129675.0,98542208.5,384297073.0,3886563.56,6622008.64,1792227.65,5327213.34
2022-02-04,64703.95874,664002.9328,849825.828,263927174.0,135205051.6,562305646.0,4186388.28,9084604.77,2263149.96,5829149.36
2022-02-05,32532.34372,356803.3071,1031046.87,310296779.0,152710784.3,526695035.0,2649019.14,8873091.18,1700729.64,5007027.59
2022-02-06,22405.16704,249394.5966,542631.176,157303166.0,107099317.0,705984242.0,1561795.12,4783912.16,1113858.87,3114467.57
2022-02-07,51060.62006,455070.2529,758247.667,640917209.0,267801841.6,1810847856.0,2730695.8,9933306.22,1879396.49,6242937.28
2022-02-08,64880.29387,514773.5837,1148555.321,1048879447.0,271657090.8,1273034951.0,2811497.5,10692150.43,5245827.4,6603587.99
2022-02-09,34428.16729,370267.8913,633880.431,626331950.0,137109784.2,691842118.0,2114411.38,5280116.45,1774621.17,3742482.7
2022-02-10,62357.29091,578212.8383,956240.339,495010890.0,183604520.1,921972005.0,2781581.77,9903304.31,2654551.53,5796638.84
2022-02-11,44975.1687,462025.8751,700843.2,482432190.0,131818725.2,706523003.0,2537227.68,9586582.78,2422691.49,4468507.35
2022-02-12,26556.85681,336250.3131,521080.237,477906804.0,149173437.2,573672346.0,1803930.67,6512111.12,2173440.39,4161869.44
2022-02-13,17732.08113,242751.3547,388657.052,351589704.0,99247994.0,1586345314.0,1216083.38,4675422.19,1168439.44,2671296.28
2022-02-14,34010.1306,381778.238,472210.318,304006647.0,138982742.3,901483820.0,1792721.3,5075585.02,1524047.88,3638626.12
2022-02-15,38095.19576,448971.754,1184143.99,279317316.0,153934616.3,600243216.0,2362223.45,5428840.64,2301376.54,4132749.5
2022-02-16,28471.8727,319997.6244,606252.493,252745706.0,100925929.7,432478291.0,2123159.11,5643848.37,2885648.71,3608928.92
2022-02-17,47245.99494,488693.2624,661874.717,375190546.0,114535761.9,740203412.0,2001081.3,7873044.6,3177570.87,4927491.83
2022-02-18,43845.92241,502977.4069,611936.679,417945743.0,133614248.4,619882904.0,2010076.65,6205167.39,2364097.49,3855947.82
2022-02-19,18042.0551,293838.0025,410279.304,492929500.0,92102940.7,677612304.0,1285578.14,3507413.77,1584310.2,3219793.29
2022-02-20,33439.29011,386384.904,624148.525,495454770.0,156774619.1,508576015.0,2559473.54,6518197.69,1851608.12,3837683.54
2022-02-21,62347.68496,761838.9858,1219652.481,621650777.0,283488504.31,1003925366.0,4063082.8,11178458.24,3597142.77,7372976.51
2022-02-22,53785.94589,692639.4942,940456.822,597541290.0,264842040.57,711049048.0,2835554.36,8427783.22,3024268.59,5856340.62
2022-02-23,43560.732,504470.1412,698692.661,438023003.0,237719675.9,608946632.0,3193694.1,10055911.02,3483406.5,5114288.86
2022-02-24,120476.29458,1395732.7753,1949035.935,986343826.0,560130978.58,2457565179.9,7497540.08,22293881.528,7820713.29,15759305.0
2022-02-25,56574.57125,679394.1762,783242.16,557343038.0,210840757.4,799509758.0,3691896.58,8246998.11,3877124.6,6030934.14
2022-02-26,29361.2568,418485.2529,548687.941,520451349.0,142052119.7,531223949.0,2279602.17,10979780.48,2805070.69,5169319.32
2022-02-27,46229.44719,650198.7785,677364.949,441252224.0,162004634.9,635411701.0,2593533.97,9879341.39,3334479.25,6636801.7
2022-02-28,73945.63858,733794.4488,773064.48,444617964.0,227929558.7,734786347.0,4212075.57,14924830.91,3896436.49,6565276.42
2022-03-01,61743.09873,673901.6976,1403695.832,392126769.0,234764266.6,925222290.0,3665336.76,11677345.78,4517499.99,6417303.01
2022-03-02,57782.65081,614623.7461,788499.443,377602100.0,149491898.8,672511452.0,4306326.64,8422865.21,3048063.73,6289045.87
2022-03-03,50940.61021,446192.2353,577002.325,339295156.0,114772747.9,523496191.0,2595560.67,7635060.13,2971518.96,4619929.39
2022-03-04,61964.68498,556178.7588,756176.61,382831997.0,147015719.3,660309989.0,2854970.19,8560042.35,3853710.64,6010183.64
2022-03-05,30363.13341,268730.3036,453970.242,358200609.0,78739554.5,323924728.0,1495553.5,5101742.9,1992002.84,2774984.85
2022-03-06,39677.26158,336487.9099,489079.158,304732286.0,76546559.4,386679370.0,1828270.57,5491289.2,1936414.77,3535626.53
2022-03-07,63994.11559,620171.6787,949294.91,496407111.0,132873670.6,511547343.0,3230989.34,7318888.43,2451038.1,7302965.91
2022-03-08,55583.06638,561659.7421,647492.047,293749434.0,124187499.5,545435466.0,2604534.79,6275907.39,3043774.1,6877422.56
2022-03-09,67392.58799,562771.7403,1012850.747,397032109.0,114971836.5,538317389.0,3355218.73,5742934.66,3319070.88,6462680.43
2022-03-10,71962.93154,559029.9377,791332.984,397850898.0,115081098.3,558495794.0,2828491.21,5040333.69,2525259.61,5469282.04
2022-03-11,59018.7642,494583.6568,510174.586,526984782.0,101514757.7,407557724.0,2528334.85,9499810.42,3182516.66,4657580.01
2022-03-12,24034.36432,219236.5711,402475.646,589059126.0,50466434.4,214689375.0,1362268.13,6497976.77,1178080.64,2499460.74
2022-03-13,32791.82359,316942.1601,424762.642,311279578.0,88733691.2,401940015.0,2009434.97,4818274.4,1213188.75,2732503.8
2022-03-14,46945.45375,386630.1912,467814.984,326606464.0,104141955.4,948724536.0,2079919.39,4696610.2,2929390.22,4643719.7
2022-03-15,46015.54926,461202.3014,440890.823,243756136.0,95462205.5,417039779.0,2123603.37,4076701.31,2272701.89,3454099.55
2022-03-16,88120.76167,666224.7217,668878.615,350641035.0,160796978.5,548022368.0,2638790.33,8986827.35,2655390.64,6546791.14
2022-03-17,37189.38087,379312.541,569457.408,264101320.0,106462948.2,444108919.0,2616451.8,4721544.69,3601064.66,4152174.08
2022-03-18,45408.00969,556535.7966,553763.586,222661984.0,82865732.3,431655767.0,2935949.01,4587101.48,3592188.77,4421110.43
2022-03-19,29067.18108,325971.5398,459996.613,248947590.0,114266368.8,678711412.0,2058348.96,4955267.89,3285297.07,3285256.26
2022-03-20,30653.33468,377608.8214,398984.429,185090508.0,93008770.9,425713425.0,1500458.29,3665220.06,2817986.41,2883923.42
2022-03-21,39426.24877,450223.9073,541479.78,316427663.0,115815047.2,403696503.0,1985082.57,4133739.8,4199445.72,3719572.96
2022-03-22,59454.94294,564868.9839,609034.607,305184306.0,172058469.4,640695818.0,2611345.56,8290773.03,3258174.08,4500280.54
2022-03-23,40828.87039,453962.7298,535891.79,235024475.0,362447245.1,1136679760.0,2854825.2,8218890.14,2633332.52,3827078.04
2022-03-24,56195.12374,577171.5239,598366.115,282122073.0,390982460.0,2168603367.0,4777008.51,7157667.86,2936844.44,5204988.98
2022-03-25,54614.43648,489099.5572,609691.876,214450998.0,290456883.7,1191949148.0,3360440.57,5860263.46,2533187.45,4654254.07
2022-03-26,23041.61741,207134.847,280157.687,122433652.0,143117986.1,780328909.0,1906343.44,3152433.21,1350476.61,2425031.02
2022-03-27,41874.91071,335467.4145,490998.1,198619688.0,135043361.8,1864810242.0,2351080.64,5215022.34,1651306.21,3937478.83
2022-03-28,58949.2614,527237.1133,719102.183,479199201.0,261105698.6,1905719594.0,4146023.22,9121823.41,3900950.93,5918598.6
2022-03-29,36772.28457,465899.8226,629773.894,264756291.0,180298618.0,1173218699.0,3727259.92,7738475.52,2945036.4,4496577.65
2022-03-30,40947.2085,356082.5231,768982.427,201046259.0,146032640.3,1131014248.0,5250424.16,7985199.05,3528529.66,4866676.4
2022-03-31,48645.12667,455091.2395,957924.695,366939277.0,177164788.1,1464999405.0,5143974.9,8749758.6,4416636.71,5770687.14
2022-04-01,56271.06474,532169.2392,971822.655,254001232.0,191221298.9,1030256213.0,5505077.63,7952049.94,3360841.07,4521915.84
2022-04-02,37073.53582,499893.29,827864.885,210041825.0,107106263.9,804996467.0,4193984.2,10723061.37,3326092.55,3634084.25
2022-04-03,33394.67794,381581.7683,676230.892,159520162.0,78660058.3,1229288569.0,2964507.05,7497259.93,2729825.05,3430897.49
2022-04-04,44641.87514,449984.1586,736637.271,216740017.0,253235570.3,2703058960.0,3456901.43,7444175.86,2600693.06,3811139.33
2022-04-05,42192.74852,397782.7437,761168.725,174779509.0,108831679.5,6454340799.0,2833885.54,6045973.86,2436266.33,2337093.84
2022-04-06,60849.32936,736273.1047,928930.806,348686323.0,206766772.7,5121714785.0,4266870.2,8285158.05,3526547.24,4629748.58
2022-04-07,37396.54156,458179.3272,717661.036,196211648.0,99287570.5,1901323940.0,3326346.75,5000936.99,3392547.98,2867861.76
2022-04-08,42375.04203,502422.5048,684600.074,210639194.0,88048109.3,2219140122.0,3328966.49,4641004.36,3189742.2,2321153.06
2022-04-09,17891.66047,212444.2566,356426.659,102131244.0,49693999.1,598706994.0,1376896.77,2328439.0,1368929.8,1366727.9
2022-04-10,22771.09403,232303.2326,386650.883,123028708.0,51995282.7,2653381549.0,1560720.04,3716291.3,1119413.47,1611326.85
2022-04-11,63560.44721,693394.2912,856354.224,354459252.0,159034131.6,2077944539.0,3332133.13,7676575.11,3030700.6,3982122.72
2022-04-12,57751.01778,579522.9505,729790.918,263088987.0,115179052.5,1432968065.0,3527634.19,5075204.98,2146833.6,2649528.63
2022-04-13,41342.27254,419101.494,630077.277,217937566.0,83269578.6,982887318.0,2204306.4,3723536.86,1680567.89,2228609.09
2022-04-14,36807.01401,408382.5572,464220.208,239629937.0,84093379.2,2218098250.0,2711073.76,3580226.26,1741713.69,2905294.96
2022-04-15,24026.35739,249626.2981,331730.773,439676502.0,42541809.7,1414074566.0,1384490.37,2489380.26,1318038.23,1819449.78
2022-04-16,15805.44718,176352.4165,237289.02,206493032.0,36809858.4,747201976.0,1006216.36,2340391.42,616267.4,1517456.04
2022-04-17,19988.49259,243772.074,302390.726,188468510.0,42819442.0,693196715.0,1509800.04,2796505.88,776597.8,2635685.7
2022-04-18,54243.49575,510251.6536,628747.772,257757252.0,118870539.6,1219207335.0,2751434.83,4831063.54,1812465.17,3940066.58
2022-04-19,35788.85843,359375.0038,567586.931,199132020.0,75432689.7,811386437.0,2675360.43,3242472.57,1467897.35,2269575.91
2022-04-20,40877.35041,415000.0685,677255.09,220246970.0,93644303.6,1387121991.0,2768156.81,5373410.27,1497709.36,3259324.92
2022-04-21,59316.27657,562699.697,771718.154,241310449.0,105007978.4,873720271.0,2671646.36,4574629.37,1363115.38,2982911.59
2022-04-22,46664.0196,452433.082,563521.049,220757625.0,82391016.7,572175737.0,1777613.85,3634735.07,1261738.35,2458584.25
2022-04-23,20291.42375,187576.7324,339347.45,163036743.0,34559067.5,337691149.0,1081628.14,3583194.77,865209.06,1566301.36
2022-04-24,26703.61186,218957.0222,322889.805,144945400.0,49191017.0,521764787.0,1064136.15,3027438.28,671237.21,1809966.78
2022-04-25,63037.12784,619198.3616,849798.678,399434752.0,171944524.5,7687212862.0,2317293.8,5316099.45,2017379.58,4158403.4
2022-04-26,66650.258,531184.3504,629808.812,355964613.0,176710067.0,6993892003.0,1897735.14,5792628.08,1568050.0,3283715.22
2022-04-27,57083.12272,488951.2416,567371.495,277994630.0,148780516.9,2395315272.0,1833742.63,3781290.25,1173322.27,3202787.51
2022-04-28,56086.6715,537392.9978,946336.334,242145728.0,134885232.9,1507644481.0,1849394.04,4260939.1,1530116.95,3668346.34
2022-04-29,51453.65715,525978.147,694888.526,322263629.0,139320128.3,2002962085.0,1736234.87,4036404.24,1419116.89,3050465.77
2022-04-30,35321.18989,367757.2469,574905.822,354754733.0,147364161.34,1256533034.0,1829537.27,6047042.51,2393352.67,4336325.59
2022-05-01,38812.24104,442544.8792,564144.673,279653905.0,137793227.3,1208220038.0,2353897.93,5066643.89,2344079.85,4020103.97
2022-05-02,53200.92628,521706.8567,454918.112,332748235.0,128907016.8,791121203.0,1915805.97,5385162.38,2855611.45,3937746.95
2022-05-03,40316.45358,371331.1796,388317.42,284044788.0,96429722.5,602983927.0,1562366.45,3404204.43,1686585.01,3860280.78
2022-05-04,62574.61736,548738.0668,599066.682,345607731.0,256649760.0,999925457.0,2246070.16,6243464.14,2409142.35,4762067.09
2022-05-05,88722.43355,734845.3194,1224114.512,446938464.0,364970629.3,1663729207.0,3311421.92,9116577.82,4442154.36,6346341.8
2022-05-06,68437.80187,711449.3234,702441.419,363872112.0,244058670.2,919219399.0,2607225.81,6781078.5,2822758.39,5327741.571
2022-05-07,34281.70682,371271.4532,554852.531,243420987.0,126808896.0,913433603.0,1906773.25,4305832.068,1898625.35,2641029.994
2022-05-08,72445.64344,757615.3415,785184.087,335981906.0,175139530.39,770287457.0,2736836.4,7019382.931,3163317.55,4021452.062
2022-05-09,191876.926428,1574924.9793,2137566.8702,841979616.33,472342566.94,2102771008.3,5846036.682,19395824.829,5783146.8,11098749.49
2022-05-10,165532.00311,1550626.1387,2160654.1754,900790302.0,436850308.6,1929997320.5,7855041.331,18906768.511,6887935.36,13985725.048
2022-05-11,207063.739278,2022864.83806,3387753.9826,1598443681.35,623456066.51,4698607567.9,11626123.021,31995073.859,12956731.613,18694665.891
2022-05-12,204507.263138,2305192.90836,4499625.6033,1567507931.5,815465798.46,4099690301.0,13635820.465,25729345.375,11602675.67,20649629.965
2022-05-13,97872.36957,1134042.3387,1912387.361,698396767.0,458070252.8,2571346706.0,8718594.5,25890493.66,7405352.03,9752518.3
2022-05-14,51095.87863,563788.3078,1092874.023,442845171.0,253441055.6,1212363074.0,5099487.21,15902710.63,4033165.08,5661831.53
2022-05-15,46275.66912,514398.2587,774709.231,267739238.0,195264575.4,799028070.0,3885558.77,11082707.18,3611773.82,5054597.35
2022-05-16,73082.19658,822070.8531,967622.834,433909248.0,280903516.1,674846170.0,5418221.63,10051194.44,4737925.3,7682510.94
2022-05-17,56724.13307,568249.0448,702265.607,376428299.0,178084619.6,632579482.0,4346066.59,8641438.95,3323237.18,5287316.89
2022-05-18,59749.15799,631577.2341,731091.091,370954228.0,203077123.9,552003943.0,4470848.03,10809076.66,3400565.86,5450468.13
2022-05-19,67877.36415,741476.9794,685238.844,285465302.0,205816006.7,537654022.0,4794335.94,10352256.32,4763307.53,5891795.13
2022-05-20,60517.25325,576981.5371,918118.177,358049438.0,174293262.6,494642225.0,4811635.67,8304278.67,4866371.46,5326415.7
2022-05-21,20987.13124,238869.7632,470778.483,144232225.0,85487336.0,200173227.0,1969104.94,4106354.74,2170197.88,2165477.61
2022-05-22,36158.98748,355735.1927,640675.573,143783091.0,104514258.8,212040160.0,2723718.45,4485374.89,3775539.16,5525822.44
2022-05-23,63901.49932,636085.0224,1016212.871,301434382.0,189427959.8,491119625.0,4201654.88,9534059.79,4621612.58,5136136.21
2022-05-24,59442.96036,534096.972,1087140.698,309724750.0,170905795.6,359716178.0,3645448.65,6933332.57,4251299.31,5997773.04
2022-05-25,59537.38659,524786.3091,1057736.755,414339536.0,133554250.3,417147590.0,3294918.76,6770708.75,3491521.18,4738917.15
2022-05-26,94581.65463,1168740.57514,1539437.598,626704757.0,243664954.1,863761845.0,7025986.74,13610458.18,7355985.5,6011561.06
2022-05-27,90998.5201,1296693.28537,1460549.008,549974246.0,268406015.6,1955445636.0,7547814.8,15631681.11,7882719.859,6403701.79
2022-05-28,34479.35127,558271.1818,601654.504,232996058.0,105935970.4,539169761.0,4317517.06,5955686.38,5080017.44,3597414.0
2022-05-29,27567.34764,432430.611,519507.747,190159222.0,88626528.9,368598200.0,4628871.1,5865314.46,5201437.75,2495176.05
2022-05-30,96785.9476,814922.8359,1006928.231,371239281.0,259278313.4,1210365782.0,5476313.14,8473368.99,6453169.48,5964086.79
2022-05-31,62433.11632,751103.4226,701746.39,422313633.0,663619489.7,1380975219.0,4479536.73,8792549.01,6372299.65,5256209.91
2022-06-01,103395.63382,1037841.2706,817984.609,436983828.0,355477399.6,2111914425.0,4778696.94,10157569.75,5323660.08,6436515.03
2022-06-02,56961.42928,788784.4017,477670.4,350695114.0,306125734.2,950935239.0,5153870.27,5917176.47,4487201.1,3846549.94
2022-06-03,54067.44727,741282.5346,468996.677,283788604.0,206257910.9,719704158.0,4437324.64,5185222.06,3150778.48,3738907.2
2022-06-04,25617.90113,388279.4579,293533.108,134031506.0,108779268.9,508858133.0,3736176.79,2764967.02,2472290.13,3007035.99
2022-06-05,23139.9281,371974.5061,269695.901,134209649.0,95277593.6,372318514.0,3618511.38,2387500.54,2624339.66,5204882.16
2022-06-06,68836.92456,804250.3567,758590.86,253767142.0,341502376.8,810064865.0,6823258.3,5016416.01,5560470.13,6805688.94
2022-06-07,110674.51658,1397598.2288,969784.619,418785041.0,338812294.7,733934095.0,7677286.83,5096057.45,7021609.51,11449915.03
2022-06-08,68542.61276,941510.1373,509510.455,307076296.0,394267374.7,536757669.0,3988154.3,3812382.23,3467088.16,12751229.89
2022-06-09,46291.1865,535310.9618,335495.073,253775318.0,192310885.5,322805496.0,4587327.75,4879363.93,3066998.4,12151419.13
2022-06-10,76204.2498,955035.79239,817523.364,399808206.0,272263844.1,584554571.0,4364643.34,6447468.57,3881414.9,12553253.98
2022-06-11,65901.39895,1220325.2542,584351.456,335176735.0,300758115.7,750865386.0,4638154.317,6779329.31,4541127.87,12079552.59
2022-06-12,92474.598809,1563225.37018,827755.035,427316144.0,397530507.9,1339377069.7,6810748.104,9340811.88,8238012.468,10758386.83
2022-06-13,254611.034966,3626351.66536,2377589.4089,1028751993.07,761583537.4,3222482666.2,13336972.466,18666647.181,14886625.66,23703953.67
2022-06-14,187201.64671,2716493.80131,1922025.0844,778418633.0,609069303.4,2292552206.0,11437619.27,14217216.87,9763946.74,22195143.72
2022-06-15,200774.493467,3114823.13621,2105397.5515,865192872.0,628287744.0,2340963490.0,12673444.09,18683708.96,10721989.07,28804901.14
2022-06-16,99673.59429,1447386.8304,975592.873,589816543.0,360176076.1,1635504912.0,10418712.66,11913274.4,6686483.0,16785768.12
2022-06-17,86694.33663,1220677.9491,690834.308,430655102.0,221261441.4,694665887.0,6274370.5,6187728.4,3480673.4,8044145.27
2022-06-18,196441.655524,2308983.5187,1404690.4959,555977925.71,383466178.7,1478029999.0,9330644.34,10420321.76,5914211.73,15948947.65
2022-06-19,128320.87595,2018599.4499,1102166.171,393395495.0,304390171.7,2339917678.0,9253122.78,7341233.58,5183939.46,9867779.28
2022-06-20,109028.94154,1721772.9132,880400.844,356161086.0,309797825.1,963247514.0,8218146.8,8079205.13,5578156.93,10165932.01
2022-06-21,104371.0749,1306095.3757,829003.565,379691157.0,269304587.0,2221434344.0,7429098.76,6447239.03,4574348.39,9463662.53
2022-06-22,92133.97938,1306959.8593,690466.465,315095128.0,203592970.7,1245199586.0,6494707.01,5249428.04,4115611.37,8513601.16
2022-06-23,83127.08716,1278257.0899,783796.952,293426615.0,160787911.2,826794075.0,7002610.45,4766745.68,4695733.0,6672460.2
2022-06-24,77430.36622,1337137.483,707275.387,610286919.0,241562561.8,897806951.0,6583046.23,5534788.24,5577636.08,6466777.49
2022-06-25,51431.67794,861986.6177,490948.31,216676025.0,142417111.7,767798491.0,4294211.07,3861028.21,3710311.2,5651119.11
2022-06-26,53278.10464,884184.273,456762.547,194186812.0,211856675.9,1762543405.0,4024143.84,4772371.56,3449424.73,5600782.15
2022-06-27,64475.0013,868734.2061,483616.798,274516503.0,157303921.4,1823287836.0,4172937.4,4689419.47,3808707.61,6501336.11
2022-06-28,63801.0832,1104065.2211,632626.779,316153206.0,163559982.8,1134861583.0,5581335.85,6104944.23,4832850.59,10657624.7
2022-06-29,77309.04379,1295517.796,711780.691,329827694.0,166130162.2,1112315068.0,5755278.44,6972853.93,3932196.54,6958633.85
2022-06-30,93846.64806,1420670.3656,791526.898,463148646.0,212174584.9,1057005992.0,5337105.46,6917468.18,3831530.37,6704771.13
2022-07-01,111844.59494,1562255.1439,816261.885,373042743.0,182788187.1,872749922.0,6155756.76,7477875.43,4908972.09,6544501.16
2022-07-02,46180.3021,714812.0804,342712.099,179482724.0,109165380.7,618971181.0,2740500.19,3127372.77,1937632.45,2769828.44
2022-07-03,51087.46631,644746.3337,361103.065,194701668.0,90832805.9,437895956.0,2394572.39,3092743.9,2285393.04,2777067.0
2022-07-04,74814.04601,1150108.9861,514662.946,276890244.0,196991430.2,647421086.0,4064615.13,4883415.15,3950488.78,4520606.05
2022-07-05,96041.13756,1398961.4495,684927.621,332749123.0,171538047.7,634033746.0,6098472.04,8211754.6,4832782.93,5814668.1
2022-07-06,82439.5808,1211768.0757,644951.713,295359140.0,139221841.0,643845555.0,5298552.9,5792837.78,4491727.98,3956691.82
2022-07-07,85014.58261,1001316.079,488193.225,261063763.0,142206515.1,698711394.0,4091777.28,6147860.15,3901523.31,4475514.81
2022-07-08,403081.57349,1189518.3631,643936.034,383269941.0,170807637.3,767634396.0,5277992.76,6835377.2,4363644.25,6115037.79
2022-07-09,178417.84468,576337.1809,267778.165,131799232.0,100774030.7,356555177.0,2088073.86,3537025.96,1907418.34,2687603.38
2022-07-10,192188.21556,1018038.6506,396712.237,240237163.0,115262368.1,500345310.0,2181587.6,4503146.23,1946346.67,3373071.93
2022-07-11,137535.40724,1201652.3048,419335.067,246538517.0,162045832.1,567740257.0,2927967.37,4986347.38,2340215.74,4876457.92
2022-07-12,139506.45862,1261349.6321,410220.066,234067778.0,139595801.6,490698646.0,3202970.4,4787702.68,2847335.47,3787474.63
2022-07-13,209250.24888,2035605.8299,714589.61,354463864.0,265120837.4,765623144.0,4798032.13,6999118.42,5090897.41,6781550.56
2022-07-14,174809.21696,1605101.9262,577524.874,323459383.0,208166850.3,619370560.0,5214767.02,5683331.12,4727801.64,7059352.99
2022-07-15,143343.3049,1466037.2584,446513.822,392883643.0,187707381.7,651264714.0,4440629.04,6331276.95,3455357.97,9989551.15
2022-07-16,121011.67393,1493809.9226,423399.994,271487176.0,147996093.0,450542104.0,3945225.2,6479588.08,3961722.82,6864043.49
2022-07-17,118229.4525,1246202.8795,436448.547,203255685.0,153582187.8,413264543.0,3795951.41,5172727.22,3026561.51,5345851.61
2022-07-18,239942.73132,2029918.76521,747067.029,404237689.0,383712607.4,1153131436.0,6300282.95,12596431.22,6122739.72,10405880.84
2022-07-19,263770.76574,1846048.6816,946386.94,372635897.0,386358308.6,1049353576.0,7876651.82,14586041.75,6902992.92,11657400.23
2022-07-20,238762.17094,1351177.4247,771496.808,329852165.0,389779718.7,1879167633.0,6380441.74,12266325.33,6483006.16,9617554.21
2022-07-21,184817.68191,1247327.4963,545140.272,276798269.0,261898181.1,831525229.0,6134099.29,6317817.35,4561440.24,6368824.05
2022-07-22,171598.43966,1170723.0873,508542.317,231304449.0,200329666.4,698239065.0,4495729.55,7248162.69,3744683.03,6994223.62
2022-07-23,122137.77375,851284.7339,488326.247,140472336.0,199660186.4,574830361.0,3421971.49,4514593.17,2404591.64,4232714.82
2022-07-24,115189.67277,1009935.8997,333902.611,154710249.0,233306136.5,422181889.0,3327219.47,4842364.46,2196886.66,4994618.62
2022-07-25,180344.76643,1418390.9809,458768.533,250777496.0,200850290.9,699294463.0,4237919.99,7316840.25,3848762.01,6144463.03
2022-07-26,177817.24326,1199643.7408,365533.647,248516564.0,213068947.5,598070119.0,4496178.57,6507781.48,2582466.15,5500963.87
2022-07-27,210971.19796,1513426.0413,656773.695,270820690.0,290166822.0,722135201.0,5860676.17,8439914.15,4294616.47,5426141.68
2022-07-28,236029.0741,1578145.07555,669832.4,338381188.0,306444781.5,947954323.0,6754342.15,12081142.61,5656707.22,6859329.18
2022-07-29,198298.50623,1205266.5703,1077799.221,276456259.0,320668702.7,1006131726.0,4949319.15,11715078.94,4714786.88,12769838.65
2022-07-30,151060.13211,735132.5286,683111.103,388154871.0,271896568.2,1305533142.0,5388479.3,10970826.27,3897237.98,8374838.83
2022-07-31,127743.32483,696326.8079,564727.273,231814092.0,174783511.5,789967033.0,3287571.37,12551305.77,2308947.34,6185487.29
2022-08-01,144210.16219,801566.5648,493847.804,215729685.0,158798003.7,770509779.0,3302835.44,9843579.01,2662595.41,5133233.8
2022-08-02,158073.28225,1081964.5104,627814.081,261343324.0,182796003.4,571786789.0,3598240.96,10097632.4,2826174.06,7189977.1
2022-08-03,145948.80995,777724.7413,685924.62,212254602.0,124963960.7,475501306.0,8391441.54,7508188.39,2493366.49,4537931.2
2022-08-04,154854.67016,735552.181,808604.152,170860294.0,102892954.2,417953599.0,4151096.9,5416271.31,1991779.1,3904773.33
2022-08-05,175251.69749,1005846.4712,641807.573,178170072.0,112189883.6,655343802.0,3510687.91,8360224.87,2970807.41,5243900.93
2022-08-06,83911.80307,523314.6444,394288.536,88658479.0,78090180.3,515275101.0,1600652.0,5612299.3,3517848.23,3210801.4
2022-08-07,88890.00877,439904.764,415090.183,94432362.0,111026235.8,334443472.0,1745897.7,4827855.46,3666990.33,4206785.59
2022-08-08,170958.44152,781620.5443,580206.607,221476216.0,161524833.4,791973876.0,3823749.6,10473879.27,5280186.71,8106496.09
2022-08-09,143182.50858,818171.1019,500589.395,168358813.0,143030490.2,1319171735.0,2832475.74,9792612.79,3737879.06,9851012.47
2022-08-10,208916.54953,1317767.5127,831222.11,218617309.0,168972340.2,864532997.0,4467794.94,12143248.28,4778667.33,9014475.12
2022-08-11,249759.79557,1105261.9009,549578.328,212303676.0,155468308.4,1244652711.0,5808859.44,8899036.11,3518091.35,6036670.62
2022-08-12,174207.5704,717628.1015,384848.843,169377982.0,106913181.8,558720656.0,3376989.68,6113019.59,2021882.17,7821288.89
2022-08-13,152852.25435,695876.0293,405066.252,122728952.0,193063122.5,814196356.0,4706648.94,4978042.86,2359927.97,3780601.51
2022-08-14,151206.14473,569583.4852,378353.918,184744299.0,236011611.2,3169284659.0,3476179.16,6244622.85,2248073.33,4419480.65
2022-08-15,242539.54758,949162.3305,455916.278,231352894.0,190761668.9,1760099314.0,4145114.74,7236619.06,2302258.65,5174239.24
2022-08-16,179324.94821,622729.1499,370975.919,196904975.0,146450653.2,4011386761.0,3604735.73,5191605.16,1936702.68,3458071.07
2022-08-17,210668.68766,951824.8975,504236.732,333525617.0,234245028.0,2056226341.0,4207333.0,6653592.91,2779421.89,5048616.87
2022-08-18,144185.97011,606254.024,409051.886,206448429.0,132313932.3,1299546363.0,2839363.98,4518903.95,1882128.59,3942547.81
2022-08-19,283995.87747,1419826.9515,870296.511,437831008.0,328230521.1,2379477045.0,6209609.03,7862959.78,4153725.4,8503684.17
2022-08-20,183041.68363,914615.9226,513021.106,206218319.0,211122393.3,1258894600.0,3873077.48,4731587.73,2536233.27,5183524.99
2022-08-21,159200.6841,780662.6062,528156.209,185595697.0,169047210.7,1013563879.0,3184917.72,3047725.62,2347004.68,3494331.78
2022-08-22,222222.04526,941192.8954,638895.985,259125051.0,189193918.6,884457833.0,3740448.14,4283982.1,2133704.42,3717077.28
2022-08-23,200967.77164,940246.932,403374.952,224844843.0,124261125.9,498322188.0,2736678.36,4831764.65,2722607.74,4171438.41
2022-08-24,174383.22046,744667.6078,344126.265,190760736.0,103361101.6,536623127.0,2588768.41,3720336.76,1854532.2,2677109.42
2022-08-25,169915.78301,603090.713,398617.06,200831070.0,119929958.0,904268436.0,2472099.5,2939414.77,1649374.38,3854369.74
2022-08-26,273811.61955,1149912.8292,594770.355,439211758.0,375988353.5,1220146376.0,5268727.97,6009344.97,3844695.98,5882866.0
2022-08-27,162582.46032,756136.6768,412732.716,175871454.0,188501508.5,713605775.0,3025394.15,4334932.37,2352564.36,3261835.63
2022-08-28,139307.95976,544846.4486,312819.026,148984590.0,131217761.8,533481708.0,2245087.33,2870607.63,2506950.07,3410582.54
2022-08-29,210509.49545,826252.0831,481690.832,268856257.0,144932469.0,599200371.0,3758900.71,4881958.91,5227679.45,3497049.43
2022-08-30,256634.35529,1003075.0172,436765.765,213879108.0,153120426.8,611034766.0,3466845.37,5028135.43,4781627.02,3526118.71
2022-08-31,276946.60765,949227.6775,388909.545,195043842.0,115611898.1,550957335.0,2705795.29,4314442.79,2920043.96,3745292.73
2022-09-01,245289.97263,728710.482,415193.212,183564987.0,126696718.0,567020740.0,2304167.56,4554476.61,2037932.03,3358074.69
2022-09-02,245986.6033,919009.6598,321409.948,179601436.0,106798749.5,436731244.0,2327194.21,5870327.75,2012974.14,3995703.78
2022-09-03,146639.03204,321397.2189,148504.883,103317904.0,182225091.7,506474868.0,773414.2,2939572.83,869692.47,1632727.92
2022-09-04,145588.77893,296591.1166,193440.808,95913393.0,199924106.3,426054692.0,1302960.75,3798954.38,1137571.79,4063993.58
2022-09-05,222543.01057,503492.937,258958.149,178320876.0,141753954.4,394413001.0,1545295.72,5190975.86,1355494.58,4038036.05
2022-09-06,356315.05718,1010722.8578,640922.531,337153895.0,233944338.0,1030694821.0,4663061.68,8014227.23,3455459.74,5614260.23
2022-09-07,287394.7788,850991.4243,431827.218,267709589.0,139305299.9,572781904.0,2516005.51,5657008.11,1888919.24,4855936.5
2022-09-08,262813.28273,645124.0085,385559.749,234589959.0,113848178.5,474879318.0,3062370.54,6134106.21,1853702.72,5886218.74
2022-09-09,428919.74652,837458.2126,541869.409,334849027.0,179504511.2,1042646377.0,3748304.0,9603978.87,2646242.57,7480952.81
2022-09-10,307997.33504,411046.2466,328332.542,186010258.0,194060696.5,860544762.0,1977630.96,4854345.6,2316069.87,6041837.88
2022-09-11,280702.55149,409287.7263,261093.945,146159090.0,129240731.5,712921351.0,1999936.19,4569653.61,1721338.28,5046847.02
2022-09-12,395395.61828,630774.6032,408686.168,243143764.0,168685217.5,676230761.0,5186842.63,8935374.52,4690982.41,6491820.37
2022-09-13,431915.03333,1134549.7256,578322.33,364278378.0,232872260.6,1028728701.0,6401715.44,9252301.09,4534638.7,7208485.39
2022-09-14,340826.40151,764562.5393,424974.985,308604961.0,139528796.3,689192149.0,3170484.22,5914357.47,2492314.62,5913599.99
2022-09-15,333069.76076,1335499.8047,520635.261,406236125.0,131971420.4,674751292.0,3696318.23,7556924.27,2502262.69,7092549.47
2022-09-16,283791.07064,693597.2425,311737.818,370003740.0,102993446.9,481393122.0,2180222.56,6058337.4,2145273.72,6626471.8
2022-09-17,179350.24338,421391.3743,189707.951,443007880.0,100281140.5,440603174.0,1414903.11,3924016.97,1309153.1,5062423.99
2022-09-18,254217.46904,804113.468,327883.908,680858418.0,128727598.1,600769480.0,2299068.39,7888082.4,3634544.44,5466342.65
2022-09-19,380512.40306,974855.198,508029.19,737172977.0,182324362.8,624550093.0,3503472.34,9255864.1,2420422.85,7816123.17
2022-09-20,324098.3286,658027.1465,335455.454,1113792429.0,107529839.9,518174761.0,2558791.65,5497167.84,1816611.71,5309023.06
2022-09-21,385034.10021,1192266.7379,535775.821,925735817.0,285433830.3,802984616.0,4545539.08,9829632.502,3111286.16,8284440.77
2022-09-22,379321.72111,904282.2725,339390.821,1322834928.0,155204297.3,485039595.0,2975325.9,6063122.51,2032595.22,4570101.39
2022-09-23,385886.91829,974052.3644,363390.805,1820625745.0,210001077.3,1396167433.0,3481076.73,9016451.68,1946185.89,7636318.05
2022-09-24,239496.56746,517557.3497,324988.432,711158721.0,122469926.2,2594470223.0,3102314.35,3955623.65,1139374.01,6935588.81
2022-09-25,191191.4492,515533.8409,220895.598,738162563.0,112039917.9,773373679.0,1838509.33,3734926.28,854961.36,8545949.27
2022-09-26,439239.21943,799166.4333,267919.665,626520230.0,125876450.8,586568692.0,3284142.93,8553957.35,1339230.13,6539945.09
2022-09-27,593260.74161,860584.8944,406749.835,628394011.0,148327423.1,580177161.0,4411114.63,7249174.06,3034663.42,11918766.06
2022-09-28,521385.45547,919314.9131,357981.397,595920283.0,126497310.3,501123807.0,3091106.5,5452664.8,1969129.47,16016947.82
2022-09-29,406424.93256,770591.6895,301167.344,788666701.0,120381859.1,399104883.0,2735381.21,5600368.3,1200459.71,7686852.42
2022-09-30,444322.9534,740753.611,391981.587,683028303.0,120942156.5,685383674.0,4264290.42,8082261.96,1992313.11,5589081.1
2022-10-01,165625.13959,252081.9056,196754.497,332745201.0,61750878.7,716678180.0,1458835.24,3450155.56,614626.35,3432480.55
2022-10-02,206812.47032,371740.0407,200690.251,331325448.0,79897439.7,337873392.0,1472849.24,3801773.23,1072930.57,4104285.81
2022-10-03,293585.75212,483775.2435,275974.883,393625435.0,97901531.3,317408954.0,1890470.2,4977131.51,1488274.32,5135856.74
2022-10-04,327012.00127,476207.6702,321841.165,528294804.0,89193827.3,1976517731.0,1949740.88,4072739.41,1156113.08,6319868.05
2022-10-05,312239.75224,483508.7782,221018.685,582675616.0,86070134.7,1259186373.0,1777550.81,4166685.22,1304224.29,6151566.03
2022-10-06,320122.1702,573975.324,450036.833,412623504.0,87385034.1,685939526.0,1799751.22,4214865.72,1151476.36,4060166.94
2022-10-07,220874.83913,491999.8776,354485.961,523500800.0,85765776.0,500880550.0,1963117.82,2949396.86,1022147.52,4087837.73
2022-10-08,102480.09842,203391.6612,183653.119,340783746.0,57044040.1,230874372.0,785559.59,1422016.0,338134.43,2060120.82
2022-10-09,113900.82681,186201.9185,171008.247,366379188.0,50765905.1,226968934.0,883235.74,2462447.16,412498.93,1649107.98
2022-10-10,212509.09849,393663.0114,216924.869,519737735.0,108015329.8,386782574.0,1554680.4,3764636.2,1180161.9,3592487.93
2022-10-11,243473.84286,429430.3941,222137.683,445279743.0,157186233.63,478062235.0,1923666.97,3272884.8,1530642.33,4132067.46
2022-10-12,213826.26731,369712.5759,167816.904,245221984.0,100681651.0,252208137.0,1048211.96,2393433.73,695088.15,2205045.13
2022-10-13,399756.68337,945618.3163,540797.212,601751609.0,269611367.28,761866013.0,4402648.71,7380068.704,3240864.9,7403456.5
2022-10-14,351634.32601,669742.8093,298386.918,457259209.0,135534544.8,327532810.0,2384103.67,3863936.64,1482124.17,4417987.63
2022-10-15,113847.64232,287100.9529,144084.716,155163123.0,62954187.6,249335168.0,1009243.59,1706785.75,578141.35,1997815.4
2022-10-16,131894.61885,293321.3632,185597.074,220894101.0,61182203.2,160481253.0,934949.4,2485868.92,853653.89,2251234.69
2022-10-17,222813.87634,459848.4941,187187.58,266511552.0,66215062.2,194737870.0,1694429.96,3223265.91,1239751.09,3223224.95
2022-10-18,260313.07848,572728.9189,195691.117,289689721.0,95363501.1,351446283.0,1966281.14,3868946.94,1504483.22,3812172.36
2022-10-19,186137.29538,368637.5105,153657.96,330327507.0,92329214.7,458718503.0,1713727.76,4401418.42,1799942.85,2898811.58
2022-10-20,223530.13068,428531.6103,166135.496,396744045.0,111680559.0,340532633.0,2379315.87,5073844.54,1584061.75,3053738.2
2022-10-21,269310.75769,468076.7986,195432.212,362000551.0,127159385.38,287377970.0,3208878.96,6612206.88,1889118.85,3884356.73
2022-10-22,110403.90837,221776.7007,84044.883,168922503.0,71962552.0,198858373.0,1333382.63,2971915.78,690851.93,1242501.08
2022-10-23,167057.20184,432269.46,134390.843,201619037.0,85104357.9,249563654.0,2150824.0,2942177.38,1416439.93,2603397.53
2022-10-24,256168.14467,611830.797,154182.094,269189993.0,92438606.2,344276898.0,2525864.52,3823238.57,1061043.2,3517550.87
2022-10-25,326370.67061,1127932.9012,387523.125,350361399.0,319472649.0,1024580884.0,4389638.87,9006229.17,2100542.67,5408134.51
2022-10-26,380492.69576,1236044.7023,316408.936,308800077.0,197702684.6,2893785380.0,3909684.74,6443103.67,2023800.42,4195506.95
2022-10-27,328643.57791,869454.4851,315734.808,386147200.0,170796279.1,5263995288.0,3608322.35,6785956.61,2138708.14,4318895.49
2022-10-28,287039.94569,858954.4425,416648.243,258511622.0,139227634.2,6297011393.0,3017472.57,4911921.1,2746152.29,3195848.02
2022-10-29,254881.77755,914161.0846,553646.125,284375501.0,200912371.4,15308814618.0,3316674.09,6052975.69,2028623.81,5922885.58
2022-10-30,192795.60886,476036.4243,538624.403,182831402.0,117123022.0,9155956957.0,1962511.76,4310912.76,1629726.62,6277383.29
2022-10-31,303567.61628,810334.2414,1047801.477,291632134.0,122659161.8,7416828751.0,3082485.07,7120046.35,3179542.03,8476588.97
2022-11-01,279932.43771,527539.2965,550045.706,272552886.0,88819285.6,9951558350.0,2015730.52,3710854.82,1699673.61,3790469.73
2022-11-02,373716.27299,981395.3648,561329.564,305327596.0,168322996.7,6438544218.0,3423829.13,6160529.66,2488654.37,8337674.08
2022-11-03,319185.1544,560202.8813,622354.86,221405589.0,90983702.8,3814668576.0,2302866.46,5454796.72,1411887.43,8014383.31
2022-11-04,453694.39165,935531.4781,751709.582,561979429.0,233382097.9,4491405373.0,4106770.6,9531817.15,2208518.7,11886503.72
2022-11-05,245621.98525,351385.5362,411760.064,199360700.0,165672546.7,2575911841.0,7466083.52,7379052.14,2448681.6,6375166.7
2022-11-06,230036.97217,414863.9525,390974.879,163125807.0,112501696.2,1828089235.0,4722074.05,5716020.12,1243880.65,5402107.02
2022-11-07,386977.60337,642409.4494,740465.512,325333918.0,138637231.9,1960584662.0,9810937.64,9474204.99,1903927.05,11376076.89
2022-11-08,760705.362783,2339916.5089,3103916.384,978082649.0,379698137.7,6869827495.0,28156844.019,17011590.68,7033866.0,36115113.39
2022-11-09,731926.929729,2494797.9357,1901075.899,908074197.0,397998672.0,5778334733.0,34965021.076,15523101.01,6217665.583,23647479.31
2022-11-10,608448.36432,1975955.6767,1411238.91,815070852.0,361917813.6,4922943119.0,31278279.25,12598434.37,4437282.29,18632257.98
2022-11-11,393552.86492,1308087.1498,695145.641,477945830.0,191115121.1,2597129664.0,16952323.15,8907098.41,3576037.51,11210254.17
2022-11-12,167819.96035,547772.9172,545359.355,254821436.0,118816381.9,3871215593.0,6958266.14,3603570.5,1559675.2,15181553.03
2022-11-13,184960.78846,547410.5304,442278.921,334510449.0,146747692.7,2193482956.0,7632404.82,5069240.31,1769291.13,7288028.03
2022-11-14,380210.7775,934742.0059,818725.897,693547037.0,180688535.9,2525683803.0,12412181.95,5738361.29,2870740.18,12214030.16
2022-11-15,282461.84391,632825.568,445565.664,541305225.0,103952732.7,1318756115.0,7666656.34,3301786.7,1631061.03,9028489.34
2022-11-16,261493.40809,673339.7215,402896.799,363276410.0,102897046.5,1621532204.0,4117412.48,3209428.37,1270112.16,6291977.07
2022-11-17,228038.97873,530537.3488,367805.83,413772413.0,75533614.5,1133495442.0,6589277.99,2822106.06,1670047.32,4888412.25
2022-11-18,214224.18184,360218.5337,277946.366,292591109.0,80892957.7,818587592.0,2949495.18,2187119.21,1339374.3,5216596.13
2022-11-19,104963.15558,209789.5888,194104.28,145313373.0,49281576.1,489697622.0,2920148.22,1602398.67,699870.16,2913602.05
2022-11-20,154842.13478,531108.7607,306587.581,308373842.0,87909126.7,1168377788.0,4790066.03,3870989.34,1130084.38,4952741.6
2022-11-21,324096.997753,922647.9454,581026.19,591706474.0,162743368.09,1869844515.0,4921177.259,6524218.75,1802036.274,7858097.01
2022-11-22,239548.06623,748884.5791,357164.445,464705247.0,119265124.3,1448103545.0,5495351.55,5740050.28,2051456.21,11891787.33
2022-11-23,264927.70408,636927.1594,1224050.689,354058802.0,130172804.6,1258795497.0,7872882.42,4175250.0,1871100.38,9877403.25
2022-11-24,206565.92346,486080.6123,550792.655,454087891.0,77452139.6,739233520.0,4725295.69,3739397.2,1358354.49,6713104.24
2022-11-25,182089.49533,391430.1658,465733.483,428503257.0,81668650.3,2497331251.0,2819515.28,2770201.53,915142.46,5761022.33
2022-11-26,181804.81666,379840.8116,569578.773,184581391.0,66377188.0,1914481802.0,2911827.78,2879533.81,903394.4,8067345.14
2022-11-27,162025.47607,286386.7986,310095.845,199432182.0,50910598.2,4273685671.0,2063327.08,2262349.07,893001.06,4986550.69
2022-11-28,252695.40367,478795.6093,603763.83,434930297.0,118919688.1,3340654160.0,4718682.44,5094640.21,1800437.67,13592230.54
2022-11-29,248106.25009,512143.5861,422502.385,355638077.0,63045432.9,2909789625.0,2605636.41,3879496.66,1718397.88,9043323.82
2022-11-30,303019.80719,815679.2717,467009.694,329757224.0,103696273.3,2791151929.0,3599962.88,4722700.97,1761126.78,8332281.04
2022-12-01,232818.18218,430018.7391,798867.735,251203503.0,69894876.1,1927610473.0,2567835.92,4001779.36,1309898.35,7617442.3
2022-12-02,202372.2062,371559.585,364102.285,257877078.0,62310109.4,1560905751.0,2865008.71,6607178.18,1771717.38,5062435.56
2022-12-03,154542.57306,347148.2588,234377.055,152919238.0,88483029.8,1356635083.0,1958859.38,4453433.15,1661995.09,3708734.4
2022-12-04,178619.13387,324129.5466,244356.783,134434499.0,58073868.4,1609965913.0,1778118.75,2771876.82,1096735.8,3401151.78
2022-12-05,233703.29225,391628.5166,294958.79,338205071.0,68934870.6,2106903673.0,3962489.89,3645172.05,1432042.28,5610549.45
2022-12-06,218730.76883,301631.839,247911.347,302191639.0,54889434.1,1145270821.0,3280084.71,2713444.43,800288.63,5417019.69
2022-12-07,220657.41334,398559.5166,361435.528,307733325.0,80392338.0,1404880230.0,2647330.66,5307370.08,1097954.06,4586810.78
2022-12-08,236417.97804,406653.5447,281655.085,276255107.0,55078149.3,1031574520.0,2218371.02,4019638.16,894124.36,3737485.32
2022-12-09,238422.06465,406008.0032,308418.725,259535105.0,50246553.9,956187442.0,2597941.96,2687576.39,726329.12,3053488.23
2022-12-10,140573.97937,182278.6396,148922.633,99433210.0,23073305.7,429034730.0,950118.11,1281589.14,507889.21,2430271.44
2022-12-11,155286.47871,180494.902,206340.146,96374128.0,38521495.3,627479341.0,1210234.56,2136325.82,611673.63,2014728.27
2022-12-12,226227.49694,363750.5481,507509.835,348028456.0,59718587.9,1940139927.0,2644017.08,4090252.3,1072315.11,3916237.64
2022-12-13,284462.9139,659393.8825,1309642.684,440118070.0,125438617.5,1698390609.0,3963954.49,5123267.46,3034773.16,6912945.43
2022-12-14,266681.22209,554465.5717,580082.911,329607186.0,91418405.6,1247687146.0,5084591.13,5918542.41,1646728.29,3469806.01
2022-12-15,223701.96882,390051.2447,350889.164,226540166.0,88292967.3,899180340.0,2711381.25,4122946.05,1230073.86,4035740.38
2022-12-16,253379.04116,751422.2779,876900.031,376428572.0,218355848.5,1755203327.0,4522833.23,7256168.85,1740839.24,6985610.0
2022-12-17,144825.66684,328881.6281,788798.493,208492422.0,164203460.7,1337164978.0,2465880.45,4616715.62,853841.63,4125251.26
2022-12-18,112619.31646,252260.144,526139.427,115421793.0,90386512.2,630900319.0,1358593.49,2749549.56,640622.87,2206062.25
2022-12-19,179094.28305,296832.7228,408787.202,365699862.0,109679881.16,1529698798.0,2385052.59,4752800.99,991190.79,4022803.84
2022-12-20,248808.92324,465184.1943,320509.026,312424782.0,79578969.4,1127168971.0,1699256.37,3310151.54,1211409.88,3550497.69
2022-12-21,156810.96362,245723.8377,195051.385,287425951.0,93178931.7,912809062.0,1549774.66,2732722.13,551520.66,2101320.78
2022-12-22,176044.27235,336761.6598,246104.196,255155313.0,78100191.4,1485392938.0,1805407.09,2979884.33,624119.17,2921902.73
2022-12-23,161612.00947,278604.2882,175280.013,221882542.0,74119327.5,1022963248.0,1647382.32,2669853.97,503382.85,2227204.91
2022-12-24,100224.29096,123701.5301,96773.731,62857912.0,32054310.5,360306517.0,2286878.14,1305078.13,345957.08,1051133.66
2022-12-25,125441.07202,231652.0612,125016.877,100344595.0,46627019.2,1157436298.0,916417.64,1726195.69,630940.44,1728090.48
2022-12-26,124564.00656,162723.0857,117117.968,337834881.0,61775474.3,648289873.0,1613225.82,1955878.56,656385.55,1779029.19
2022-12-27,173749.58616,262437.6398,196642.12,385194770.0,59557924.7,706850540.0,3052197.59,2694420.81,843496.11,2483617.2
2022-12-28,193037.56577,367828.8914,208632.342,337095747.0,115688916.7,1500166937.0,7362205.181,5301428.71,964246.13,3313018.41
2022-12-29,160998.47158,249130.4869,161959.266,347820025.0,119235796.6,772145313.0,12093989.53,2461379.78,1028379.841,3568750.37
2022-12-30,164916.31174,266014.2115,128406.533,270037618.0,77783257.0,1196523595.0,12587079.51,2037686.16,1037690.22,3416846.41
2022-12-31,114490.42864,139379.2811,134141.311,138156698.0,66923069.1,731983708.0,3621434.65,1499221.97,444155.56,2312337.82
2023-01-01,96925.41374,117762.0685,109450.117,102026821.0,49487029.5,446408160.0,2287512.63,1341743.7,855821.06,1468070.67
2023-01-02,121888.57191,252794.14,173452.9,647520487.0,75458284.6,1115176285.0,7628264.93,3164787.56,989618.96,2634300.76
2023-01-03,159541.53733,205519.4944,115059.991,346410334.0,71671057.1,732706343.0,14986491.36,1964103.62,1149421.99,2144096.39
2023-01-04,220362.18862,457799.6648,370055.082,372672796.0,148810996.5,790550617.0,12612735.49,3126367.78,1889080.62,3831647.37
2023-01-05,163473.56641,272805.33,145297.963,265529668.0,81943632.6,1201528327.0,5834353.76,2923627.93,1194570.76,2841645.64
2023-01-06,207401.28415,342344.2023,199497.076,278304929.0,171198727.6,906514550.0,5404648.48,3264757.81,1216666.03,2697540.01
2023-01-07,104526.5688,129474.2884,115152.77,103851424.0,72623368.2,438575312.0,1904950.91,1594150.21,508959.94,1991098.15
2023-01-08,135155.89695,213636.7848,237308.89,185516324.0,196047722.8,699742440.0,6295596.12,3227517.66,981816.74,2333904.16
2023-01-09,266211.52723,581727.6968,437828.428,527746615.0,405177005.9,2439547755.0,19481959.57,6257669.61,2600007.21,5682130.67
2023-01-10,221382.42581,459660.2307,259938.562,338577860.0,184082448.1,1467632421.0,8489417.77,2874898.27,1873010.99,3453264.89
2023-01-11,262221.60653,472465.9556,266107.304,626037461.0,144048586.5,1121053232.0,6661616.67,4492624.63,9296759.42,3599580.1
2023-01-12,454568.32178,877712.4492,391553.641,505754231.0,248440812.5,1968905283.0,9608670.96,5972215.45,8264385.87,5862705.97
2023-01-13,368615.87823,499377.8649,313541.811,405120914.0,150546494.0,1429185415.0,10929884.4,4812544.83,5273534.1,4441199.22
2023-01-14,393913.74951,940691.7774,706402.087,582781070.0,288977177.5,2545072024.0,25997232.06,15720921.5,10287102.04,10425339.64
2023-01-15,178542.22549,387832.7138,288696.868,294014260.0,132983094.3,1138888071.0,11258028.55,5959244.43,4678970.49,5652541.29
2023-01-16,293078.08262,574622.8953,350990.993,542041099.0,156864828.5,1287934489.0,10043368.28,7588428.7,3928124.39,7143088.32
2023-01-17,275407.74409,506771.7219,279993.876,378212343.0,101591352.2,756342910.0,6056942.68,7799551.36,4359330.19,6038879.49
2023-01-18,350916.01949,752534.8857,621064.665,615064764.0,170018857.2,2493642731.0,11341710.32,9689343.05,4109688.2,8425216.27
2023-01-19,251385.84925,308679.4645,215522.146,416112670.0,80228314.7,691282040.0,6113345.07,3346968.36,2010163.26,3290241.13
2023-01-20,338079.13659,440570.9974,423829.136,366316527.0,130767450.6,918640712.0,9652433.39,5373230.43,3086123.26,4178985.33
2023-01-21,346445.48432,494248.6009,508000.024,346602583.0,228951787.0,1633128413.0,12782858.69,8330369.73,3798234.96,6497547.24
2023-01-22,253577.75286,431729.6909,388815.192,250067543.0,205382044.0,1738503746.0,6496779.26,5762744.72,4196670.88,6817766.36
2023-01-23,293588.37938,407267.1156,301946.005,723894773.0,168920181.8,1434286413.0,6100483.98,10282785.38,3276110.41,6475146.95
2023-01-24,293158.78254,462275.3243,629758.279,411297898.0,111749419.5,1125073702.0,6121565.88,6235582.4,3499087.1,5392217.62
2023-01-25,346042.83223,646474.9166,447238.539,375065459.0,125501560.2,1051938532.0,8332368.29,7441471.55,2663219.54,6744418.44
2023-01-26,288924.43581,532777.8466,342344.705,290069659.0,152020632.1,798277511.0,5450404.1,6830192.66,3441891.58,7008005.12
2023-01-27,280833.86315,512093.3875,271326.79,274281738.0,112713613.3,754008754.0,4729055.76,5365147.79,4903029.78,6803663.45
2023-01-28,148115.71085,313675.6574,229517.8,148949278.0,119208593.2,1403207343.0,3377884.1,3866647.74,4474456.15,4021763.73
2023-01-29,295688.79204,551767.9134,430698.673,166884667.0,102929204.6,1040667224.0,7785906.2,4745086.65,2599913.75,5028035.0
2023-01-30,302405.90121,595055.3281,413716.212,433795926.0,134336665.0,1972615630.0,7532450.12,5572642.9,4917486.44,5014854.05
2023-01-31,264649.34909,348856.6751,278061.958,346580963.0,156301183.0,3424868562.0,4062387.09,3778549.45,2564633.38,3336356.54
2023-02-01,310790.42271,474617.1709,390978.523,379103907.0,162998963.9,2518388790.0,7304888.31,5790692.06,4614268.07,5493548.16
2023-02-02,364177.20751,629188.8874,587655.881,322532370.0,179215658.3,1627338143.0,7246590.58,8407701.21,6298959.25,5767987.46
2023-02-03,332571.02904,464815.032,579577.162,274689680.0,112231580.7,1151670924.0,4759274.31,10176943.45,3283902.72,4395091.81
2023-02-04,166126.47295,308227.1295,212109.626,178134111.0,69665961.0,2334550634.0,2034159.41,3786921.97,2173964.82,3211192.96
2023-02-05,209251.33917,413579.6748,396514.711,237111362.0,104454046.0,1602924250.0,4822304.59,5167240.5,2975611.73,3416697.21
2023-02-06,265371.6069,384119.4197,290965.0,315995053.0,110247851.9,969968684.0,3592829.38,4695000.22,1856607.05,3504454.35
2023-02-07,308006.72482,451922.4,265904.833,356160688.0,107246776.8,846234202.0,4900023.85,5490955.62,2538688.73,4543771.59
2023-02-08,280056.30717,417966.2539,286865.867,263188839.0,92872527.4,817449844.0,3970029.14,4810790.32,1760631.93,4910694.89
2023-02-09,402894.6955,658011.6964,564612.572,526681339.0,151503834.4,1673139025.0,6398790.64,10458985.31,3124670.9,18751956.03
2023-02-10,338591.94247,484654.2199,295784.976,279931749.0,104289819.1,1054839195.0,5523024.53,4981218.12,1666736.69,6619057.31
2023-02-11,177021.58433,289691.5708,154488.761,123179600.0,55904954.9,409857675.0,1859852.98,1700227.29,937640.27,2293574.29
2023-02-12,204435.65163,286758.374,291500.27,135976322.0,57416092.2,932273677.0,4625241.81,2375027.69,2661843.26,3320809.33
2023-02-13,295730.76791,643152.3904,1065985.594,382768169.0,114427322.0,1742593714.0,6685330.04,6431367.53,1833234.74,5424849.87
2023-02-14,361958.40109,668964.3768,494698.654,372274074.0,156990175.9,785765214.0,7639521.83,5370812.92,2085039.59,4395799.03
2023-02-15,375669.16111,581207.8586,465921.943,370966882.0,151591225.3,1906740485.0,5587903.97,6593492.92,2162105.31,5174614.29
2023-02-16,450080.68366,832723.6731,858141.89,450636395.0,174768994.0,1730290902.0,6832612.63,9174248.37,3100356.46,8199081.68
2023-02-17,496813.21376,579934.663,508736.193,358052399.0,123524213.6,778220031.0,4539817.75,18071582.97,1832312.79,8097968.31
2023-02-18,216917.25213,267305.7813,282485.39,145625421.0,89590271.5,741187928.0,2647511.0,8168832.05,2371957.08,11389046.79
2023-02-19,300395.99542,401023.0477,336004.274,237992952.0,98181230.1,933849140.0,8316165.25,14912594.12,2282135.36,9416026.58
2023-02-20,346938.56997,451314.8335,514483.797,557018367.0,116906377.7,774767125.0,10266239.07,7886712.3,3948087.09,8065377.47
2023-02-21,376000.82868,520354.4688,385161.297,448284088.0,119823429.0,984199238.0,6724448.02,6671197.7,4109262.76,5893974.86
2023-02-22,379425.75365,528875.4809,368344.986,389277544.0,123152287.0,1754704513.0,7174305.66,7597418.57,5077444.91,6496942.59
2023-02-23,398400.45437,501305.9717,300641.241,348351954.0,81228997.5,708234194.0,4390966.09,5906199.95,2303332.47,10150106.82
2023-02-24,343582.57453,512515.4982,328726.4,356652233.0,136530140.7,1006076322.0,4868888.31,7399291.71,2530031.98,9713019.08
2023-02-25,191311.8101,290188.0391,178538.408,179723963.0,93356389.8,671481093.0,4541250.05,3497010.8,2202952.2,4277893.98
2023-02-26,202323.73623,308607.9941,151419.166,130843027.0,62253729.4,375150914.0,2817875.05,3363024.11,1010025.02,2541969.05
2023-02-27,283706.0859,431861.4129,234405.821,421412885.0,71396733.7,535217985.0,3670697.58,4411661.72,1411212.86,4004585.73
2023-02-28,264140.99894,393523.1647,186649.192,371401256.0,76748794.6,782956200.0,2291715.21,4169725.04,1522776.6,4034405.79
2023-03-01,315287.41737,474456.8235,200883.893,317577485.0,67671797.7,449680442.0,2445602.61,4300464.0,1103389.17,3750777.74
2023-03-02,239315.45219,423023.8082,200964.842,281873061.0,81854576.8,396580116.0,2231193.36,2989319.83,877078.59,2870686.88
2023-03-03,319954.19785,742816.5976,266627.564,490515388.0,163025922.0,1391618480.0,3635280.89,5503764.91,2000407.8,5309534.51
2023-03-04,121257.38132,237640.2606,127846.865,164275250.0,56432771.9,646573785.0,1754082.61,2603387.07,1088928.35,2738464.51
2023-03-05,154841.75786,299240.7415,128456.559,163637644.0,53269370.7,473247429.0,1733301.96,2368080.13,745976.87,1968494.16
2023-03-06,203751.82957,307709.3011,205220.757,428373378.0,72882197.2,601290505.0,2216419.88,2790540.69,1348393.86,2608480.81
2023-03-07,292519.80912,437947.9032,200611.357,562644274.0,99209654.5,715751875.0,3104831.99,4741858.19,1448118.8,3015787.65
2023-03-08,301460.57272,460101.7658,260938.374,682406723.0,110501100.5,710430111.0,5826803.53,6663332.34,1623242.29,4098815.39
2023-03-09,443658.28584,718485.1364,318996.851,655014119.0,191520024.2,1514038685.0,7832548.96,7590734.25,2487752.3,5988809.54
2023-03-10,618456.4671,960262.4509,404292.972,541098785.0,184446629.2,1320901834.0,9520202.65,9610786.57,3176465.15,6622037.72
2023-03-11,427831.82133,1374859.6201,370350.207,342981412.0,174341847.2,1096354085.0,6593106.41,7374280.77,2626062.79,5658192.38
2023-03-12,430944.94288,1002355.0929,316243.117,389760071.0,148391745.7,950190978.0,6555846.63,6697046.08,2935250.36,4811076.25
2023-03-13,687889.31259,1228063.6053,991752.464,556402600.0,290767932.5,1285142360.0,10652102.31,10435277.93,3653015.82,7817274.03
2023-03-14,699360.93423,1283321.2355,703702.208,544803822.0,243189873.1,1507610170.0,9812864.39,10272410.97,4819447.82,8906153.46
2023-03-15,581450.72984,963142.4833,413251.773,385093409.0,262199199.5,1326712138.0,7661168.72,9060374.0,3381885.34,6800328.84
2023-03-16,439421.32998,627985.6119,1251303.89,259083315.0,148328841.2,842159396.0,4381882.68,5974943.99,2101663.41,3617223.3
2023-03-17,624460.68091,907528.2825,726737.468,405873760.0,171206542.3,1234974838.0,5853746.15,7687668.38,2625807.19,6885611.19
2023-03-18,371238.97174,711614.731,662698.511,360335327.0,160274762.9,1383588746.0,7417972.25,6601084.28,2990812.4,5649288.39
2023-03-19,372066.99054,541131.8908,401972.619,476291604.0,93233157.9,818390779.0,4290990.03,4887337.41,1927204.31,3603006.94
2023-03-20,477378.23373,682848.1248,511504.522,443129416.0,124374313.8,1079402871.0,10056429.13,5512709.62,2421215.7,8993047.32
2023-03-21,420929.7422,742348.4999,477443.689,1698380685.0,288467612.6,1544655030.0,6547867.38,5510022.95,2044599.43,6546284.62
2023-03-22,224113.41296,891287.6009,1286215.777,1409641087.0,342137114.0,1912919819.0,8602292.98,6799970.34,3533834.3,12062579.73
2023-03-23,128649.60818,732061.103,383094.591,837629903.0,185937483.6,1770056622.0,5049411.36,4307141.06,2132767.64,5950130.81
2023-03-24,86242.06544,564770.1417,307030.002,507977567.0,112029219.9,836571352.0,4995998.21,3721415.5,1168422.63,4842235.46
2023-03-25,50844.08102,355679.3743,317118.332,635312958.0,83603550.1,658593695.0,2338133.56,2201417.88,1012240.42,3022565.33
2023-03-26,49671.70353,354933.2372,204700.193,364479792.0,91774166.9,480451959.0,1848599.09,1783486.74,842868.94,1964988.21
2023-03-27,88039.46898,570563.5023,578039.555,1003256531.0,127210336.6,1127427328.0,3556384.38,3393287.18,1496965.41,4551721.99
2023-03-28,78602.44341,536511.3973,329398.424,1126346466.0,133375435.6,644358903.0,3316462.41,2901986.46,1416651.25,4084989.03
2023-03-29,89486.16008,536865.5972,327282.226,1291815558.0,190013782.5,1004337728.0,3377523.28,3767888.67,1647283.13,5824927.72
2023-03-30,98865.43256,579690.0394,496156.738,827691286.0,147101987.5,827561063.0,4349577.78,3863516.22,1878919.84,5273756.88
2023-03-31,78198.12139,554525.4762,266270.064,532875635.0,250714301.7,838503016.0,3228391.27,4320037.0,1573547.04,6318296.29
2023-04-01,30238.44753,272904.9674,185904.183,516087832.0,128780899.9,1854882421.0,1824463.55,2562358.07,864902.81,2706651.34
2023-04-02,37365.65692,322122.9385,149805.667,391347744.0,102432795.5,2199172283.0,1822345.58,3027603.59,918449.47,2630646.16
2023-04-03,79180.01405,628503.6619,450976.973,522070023.0,234427391.6,8818532284.0,3984085.57,5348344.83,1669238.44,5219378.14
2023-04-04,49722.55691,622208.6411,305980.475,360227447.0,121167900.7,7327021779.0,2514863.89,4385744.74,1290395.25,4364091.42
2023-04-05,60737.64732,548595.5155,320350.363,411989031.0,92815719.6,3340986573.0,2603072.26,3707843.14,2189499.57,5169868.03
2023-04-06,40118.94963,396241.4352,232647.147,315900045.0,91098737.9,3278113280.0,1674280.5,2705532.09,1494645.37,2983063.07
2023-04-07,24762.09387,284256.4873,179863.362,318185786.0,50141413.5,2228211181.0,1220862.47,2659031.62,1023361.07,1893828.83
2023-04-08,19479.96735,197905.5407,165372.944,136614694.0,61444908.5,1218517909.0,1608993.48,2071466.55,565313.8,1440334.33
2023-04-09,32531.16101,287131.3079,163948.725,116122379.0,51708973.8,922447755.0,1051608.84,2172474.5,627757.54,1281793.0
2023-04-10,67754.0622,434739.7984,271539.24,264898196.0,76308355.7,948759612.0,1615129.64,2564574.59,1022190.46,2638647.13
2023-04-11,67990.07621,405203.4892,661117.672,358821527.0,143695491.1,1001623427.0,8297859.99,4183538.72,1487121.23,3009556.43
2023-04-12,62049.48451,630844.4186,354216.724,339100343.0,138821237.2,1733885327.0,10374263.08,4545433.57,3554063.45,3823180.7
2023-04-13,51934.11731,676164.5188,348151.945,273342378.0,173707588.7,1824584606.0,6063385.78,4560331.92,2456777.92,3853982.96
2023-04-14,75984.19452,896307.3934,679955.061,462335443.0,235318719.5,2129880806.0,6432126.81,6593166.92,2348398.47,7807389.3
2023-04-15,25429.81247,321823.7851,418311.143,152508925.0,178424508.6,873116413.0,2861426.92,3719680.31,1527045.96,4830720.05
2023-04-16,26431.99322,319880.4393,632598.777,157240759.0,117211504.6,1204599668.0,3471417.67,3729598.19,2486851.7,4303246.65
2023-04-17,56441.81127,426972.7071,556356.468,299749754.0,144412169.8,2941097287.0,5631537.5,4193096.98,4308383.8,7702069.05
2023-04-18,62004.89434,414244.6135,391677.437,358112470.0,99428283.1,1670819556.0,3477504.6,5118143.99,2400684.58,9356075.46
2023-04-19,86575.48656,775389.0602,537444.082,620153279.0,193374494.9,2757696460.0,6650547.99,6052908.31,3606353.32,10140445.27
2023-04-20,76879.09372,625336.2495,367453.933,454997513.0,161012857.5,4572088496.0,5486212.56,5249007.89,2533024.6,7428716.2
2023-04-21,77684.7679,688876.6186,910773.894,425209825.0,158842754.2,2208532603.0,4194496.37,4612277.77,2949411.14,6884596.68
2023-04-22,36023.69686,331007.5879,381882.032,242021955.0,86625445.5,807742799.0,1831214.09,2053514.4,1163505.95,3015617.24
2023-04-23,34812.09581,344514.3444,384622.154,222191297.0,82034708.6,776127337.0,2754139.65,2377100.04,1071665.53,4150416.52
2023-04-24,53111.56874,447864.0517,442775.294,408426760.0,104338226.4,835608693.0,3120614.16,2775196.21,1229193.95,4023418.3
2023-04-25,52325.14637,457870.6047,436704.883,377056298.0,97446645.9,649768816.0,3314599.54,2687822.25,1680320.99,3659091.95
2023-04-26,129228.40403,897709.7298,679551.584,551155391.0,189713316.3,1881668380.0,6657868.13,6083740.49,2820375.37,7272868.62
2023-04-27,95430.82431,727472.9466,482850.957,345756985.0,154240599.8,1030067337.0,4703115.03,3633819.81,1574922.98,5324313.93
2023-04-28,54298.16578,387630.7791,991210.156,384917512.0,76492344.4,490310858.0,4422324.38,3150009.51,915809.55,3510662.05
2023-04-29,20466.83058,182046.1406,226488.689,175533507.0,42315743.6,590694438.0,3194699.55,2093279.06,596818.68,2390310.55
2023-04-30,39752.5372,355336.4888,711720.726,143199211.0,75755751.4,585421236.0,3110943.4,2601857.52,893876.28,2775030.59
2023-05-01,64433.65958,445519.1779,719404.912,338231418.0,99050070.7,687515788.0,3758634.21,3218928.53,1160711.97,3285344.74
2023-05-02,50824.5224,373753.2027,437446.281,330734355.0,62002108.1,429294264.0,2566813.09,2302881.33,781092.7,2077200.39
2023-05-03,64615.79213,465185.2501,608765.389,341232638.0,102351994.9,666847319.0,4181975.28,2833604.94,1404905.59,3262366.57
2023-05-04,42575.47501,354528.6144,195370.268,218212542.0,57027491.2,521626133.0,2529635.56,1642330.91,913527.62,1740570.99
2023-05-05,58415.83048,546608.875,284536.108,292855620.0,77772750.3,751560591.0,3636404.07,2688794.26,1637028.01,2888965.91
2023-05-06,49249.28459,608106.9915,275367.716,168649976.0,85459030.9,866161917.0,2849745.66,2186936.32,1231115.03,2603213.92
2023-05-07,30003.41028,413268.8357,203577.219,119401215.0,54439977.1,440286253.0,2954384.97,1536706.1,783994.9,1677014.89
2023-05-08,68244.36179,625316.6168,379192.119,483055933.0,137827919.2,1086840054.0,5254424.55,5071223.12,2627129.13,5298917.35
2023-05-09,40113.31069,304396.186,260672.045,331497882.0,78130879.7,581336500.0,2375473.6,2384156.76,965502.37,2199712.78
2023-05-10,71155.11355,639933.3855,360146.811,334930240.0,150971765.6,830157442.0,5057170.3,3980709.56,2652746.29,4297013.06
2023-05-11,47635.31365,522096.0725,291854.667,288769811.0,98458703.7,786571281.0,3721715.1,2732930.39,1333686.77,3969206.65
2023-05-12,67207.93494,565539.8309,327008.927,408757650.0,109723018.6,977393789.0,3076452.18,2844970.82,1520092.84,3322966.84
2023-05-13,22814.90421,212895.4373,151642.554,102125283.0,46531257.4,331390133.0,1835421.61,1362265.01,588938.52,1742486.51
2023-05-14,21594.8036,218101.0977,192884.821,97517794.0,41898265.4,239907331.0,1553375.08,1414347.84,651517.07,1193769.45
2023-05-15,40430.08333,388171.9261,202895.171,263543031.0,69018210.5,501437549.0,2858317.83,2109633.37,1309248.51,2328720.13
2023-05-16,33270.45451,311238.6786,182668.214,357854908.0,66128494.6,356844405.0,2722401.44,1827920.88,1044669.55,2297423.01
2023-05-17,42958.97785,352097.9913,221274.514,511331200.0,94403281.2,763341382.0,2614414.01,2843186.06,1366340.39,3299636.01
2023-05-18,49198.65143,293755.311,236575.286,420292099.0,80420401.0,792415671.0,2624370.52,2885485.35,1392832.43,2274544.86
2023-05-19,28754.13544,243116.4676,191704.812,327924286.0,38723441.7,335992593.0,1214543.49,1832422.71,850528.6,1421337.78
2023-05-20,14434.54718,127754.4349,104485.905,133085427.0,44032296.2,203083357.0,856718.98,1506151.33,449868.14,757320.01
2023-05-21,21347.87279,161517.8053,143182.429,152105849.0,39270367.4,313624488.0,1976334.78,1554875.25,799580.25,1279377.69
2023-05-22,26458.83828,237498.9423,222082.435,289989578.0,62447190.2,461513189.0,2054927.32,1716607.63,1338597.29,2602323.99
2023-05-23,38700.83858,396869.6097,225830.19,270491006.0,47769860.8,334965527.0,2466255.33,1761134.4,1082049.27,1751271.68
2023-05-24,54393.0657,420846.1445,292692.62,334128026.0,57618648.9,630159786.0,2780601.57,2314581.38,1527725.49,3090108.04
2023-05-25,37435.44895,350633.0089,287322.502,190174437.0,50137129.0,486062691.0,1692742.89,2043413.21,1411087.75,1856294.47
2023-05-26,35061.18713,275690.6854,398588.895,284645154.0,56982912.1,408192832.0,1034272.52,1672238.06,1159336.18,1704644.17
2023-05-27,15095.6867,138824.9406,144742.086,178798933.0,30122750.7,369096577.0,1565995.03,1923151.28,866210.61,1100851.23
2023-05-28,43916.00855,378392.4371,257233.179,166534206.0,80053076.5,434942386.0,2874459.57,2093452.08,1663810.9,2028825.98
2023-05-29,42385.41945,313593.4942,461485.115,328535756.0,66769379.2,310287767.0,2222352.38,1871798.74,1345784.55,2236832.15
2023-05-30,32686.75371,272665.8402,291304.59,662891231.0,70137418.8,465392836.0,3192653.91,2241581.42,1193651.11,2395564.78
2023-05-31,46588.80573,319255.5681,437132.418,440917044.0,59998056.8,377200792.0,2050625.96,2704545.15,1145769.56,2604021.56
2023-06-01,39217.8088,270496.6097,255618.722,320782418.0,93248479.9,337422502.0,1732297.47,2320022.58,1037684.09,2163580.25
2023-06-02,36380.90269,313004.0658,300583.675,293048961.0,71763680.0,386392712.0,2068166.11,2814835.17,1166756.42,2147074.04
2023-06-03,16595.34117,148818.2427,158805.926,172139129.0,27741856.8,213922814.0,1130915.88,1228101.12,728715.16,868599.69
2023-06-04,19258.41049,172683.0119,187805.427,250235168.0,41513359.6,273284700.0,2800007.16,1791577.75,1070607.7,1209935.67
2023-06-05,65805.60305,555361.2683,1096020.019,616993814.0,112815250.3,1393290604.0,6215040.24,5436176.7,2829208.26,4495305.78
2023-06-06,68392.60438,491407.2174,708685.58,458413458.0,90606305.0,1170265603.0,4383534.14,3042165.47,1992149.85,3709908.32
2023-06-07,59619.44364,429196.7064,1188263.837,467474175.0,150728402.3,687833819.0,3842270.95,2788128.22,1702244.4,2998801.55
2023-06-08,31075.51083,189270.4853,579854.02,262982251.0,104686899.3,366934419.0,2669714.01,2253377.78,920454.95,1426456.09
2023-06-09,27934.7097,198324.3252,509660.501,352068623.0,246384470.8,664528733.0,4755455.49,1851425.12,1330825.25,1267537.07
2023-06-10,64944.60108,652324.6695,1603602.202,609302319.0,757333075.3,2781711103.0,17211734.83,11793308.25,7634205.663,14028655.59
2023-06-11,30014.29595,219956.2434,402562.359,221202480.0,262186505.2,580462318.0,6064017.28,2824128.89,1692031.53,2454695.33
2023-06-12,29900.50893,302132.4819,1579141.84,356547544.0,222382051.8,485251023.0,5195357.99,2692091.23,1987087.75,2746808.8
2023-06-13,41065.60853,284268.0018,1230681.021,771631184.0,156748499.8,469560125.0,4814274.27,2663019.47,1946941.54,2495494.52
2023-06-14,45077.31608,415847.327,970411.718,544396397.0,133531077.0,642700404.0,3978891.53,3575780.44,2059036.04,3786780.65
2023-06-15,48664.86063,370774.7696,602141.969,337742736.0,140877163.2,534409612.0,4700648.85,7444659.22,2323911.7,2895922.21
2023-06-16,51596.91662,311734.5904,562586.529,376661662.0,89417626.3,501181424.0,2809890.09,3261216.97,1210256.45,2176359.41
2023-06-17,27842.2195,210914.9216,491313.272,189579671.0,88054261.3,358515676.0,2500321.4,2348383.65,1144774.1,1878846.73
2023-06-18,21538.31022,156535.0128,359878.981,225020544.0,65212614.6,616148520.0,1603688.44,2497125.54,1329941.71,1966918.59
2023-06-19,35872.65974,245162.7589,425074.269,322187608.0,70893812.3,313699473.0,1890318.27,2442478.42,1123434.72,3234945.88
2023-06-20,69666.95525,328855.6846,639069.672,378325906.0,109090810.6,438420606.0,3005581.72,3232432.59,1626750.24,4247080.66
2023-06-21,108926.40412,613755.8869,1006328.557,408749828.0,189786985.2,948481988.0,4146918.99,4584261.68,2738855.15,5295791.26
2023-06-22,59054.5646,416714.5719,1032630.471,442729597.0,167726209.8,998222870.0,3547312.43,4144355.55,2240979.03,4647546.09
2023-06-23,73931.89635,401147.9324,638290.193,345391930.0,117254934.0,780327080.0,4851596.52,4776899.26,2283130.73,6720273.6
2023-06-24,30513.30135,226910.2941,791496.05,193097516.0,88286411.9,638939181.0,2908701.89,2775434.8,1396657.31,3204444.17
2023-06-25,30223.44801,338757.6158,513198.598,191583170.0,103164289.5,378779847.0,2723041.25,4469195.22,1464082.61,3200149.72
2023-06-26,45180.41489,458743.861,526248.09,305338027.0,92192313.0,710375009.0,3056592.4,5174613.73,2115880.03,3875112.66
2023-06-27,42699.64157,366634.5707,360259.85,291583944.0,84320347.3,477097877.0,2951107.45,2553579.31,1323233.27,3250133.19
2023-06-28,40463.51937,337836.5792,643304.047,325837765.0,140734583.3,700025590.0,4040252.29,3414960.81,2629569.82,4135037.15
2023-06-29,36330.62903,241844.8281,352025.974,211214558.0,88026541.6,450376389.0,7948251.73,4821782.23,1769980.72,4221854.85
2023-06-30,89419.07618,716538.1035,843439.594,393612239.0,272156267.9,1114226909.0,11454016.49,6600936.81,3869609.02,8723371.76
2023-07-01,17501.75075,178373.3688,723099.401,232549409.0,88196474.2,1480878387.0,3515091.93,4991687.74,1571688.38,5141414.75
2023-07-02,23286.41019,255852.7832,598172.063,337155089.0,74721548.0,945225786.0,4872775.08,4416008.07,2019538.49,4086985.57
2023-07-03,43761.64311,322102.4295,873992.727,357020349.0,71590689.3,566630919.0,3065186.84,3882932.74,2397430.98,3237642.64
2023-07-04,33206.11943,205525.0984,488909.055,299439491.0,107425650.5,1051878193.0,3096292.18,3200600.98,2120178.89,2606479.19
2023-07-05,33215.67122,267633.4783,520015.694,292620010.0,106289740.4,592363243.0,2415908.51,2843294.07,1996286.11,3023680.6
2023-07-06,71319.6261,456362.741,673275.441,304125111.0,144527874.2,620315296.0,9598016.99,2938752.21,2295716.98,3733833.93
2023-07-07,34070.53895,232944.3466,431534.586,230688947.0,100178705.4,410024265.0,9794096.48,1988995.87,1501124.31,2063365.14
2023-07-08,13094.59042,125819.8273,259727.721,116031881.0,106202528.4,278674788.0,6473021.26,1200936.94,4132298.8,1286251.86
2023-07-09,15388.50196,135046.3743,235123.329,80147955.0,94953544.0,279080489.0,3867361.76,1198821.42,2882299.75,1197225.34
2023-07-10,41262.87652,247868.1494,1193826.524,334545737.0,122097011.3,616363367.0,5671089.94,2539022.61,2544390.52,2162467.25
2023-07-11,28476.83311,177771.6117,660141.384,225681776.0,98565787.5,313014382.0,4616810.71,1663952.63,2000014.47,1065079.1
2023-07-12,38108.99669,264406.8673,599390.712,220670755.0,77926024.7,312404127.0,6086113.95,2569152.05,1755979.45,2069557.14
2023-07-13,70772.51836,548861.4207,1037831.391,2499971165.0,508960536.5,1572353798.0,16102139.02,5509995.96,4270359.34,6685843.19
2023-07-14,60749.48424,498724.0359,1071118.696,1525175518.0,344645916.7,1501930500.0,19571913.81,6354310.66,8887780.0,7159768.77
2023-07-15,14118.55329,135181.7663,383772.673,703355719.0,87463902.2,2333412778.0,11042658.65,1900188.55,2332639.5,1900374.37
2023-07-16,15760.1281,148667.1051,433016.609,946644269.0,132942159.3,930666895.0,6708916.61,2128124.43,1645509.68,2658534.07
2023-07-17,30882.76839,277159.0349,792745.158,608872143.0,121471436.2,1103083153.0,8662837.64,3209841.19,1862297.69,8290250.05
2023-07-18,30003.8601,215780.5006,932504.771,598030609.0,151432242.5,588900425.0,6327315.88,3684193.8,1504811.26,8507881.88
2023-07-19,25657.36137,218045.0005,444676.507,913495953.0,215253837.4,941079033.0,4966905.24,2323483.99,1249131.35,4134376.74
2023-07-20,37540.68193,292907.5164,449387.8,643507521.0,166938424.7,1394548088.0,4977278.58,3840654.42,1776280.27,24470179.81
2023-07-21,23881.40865,165554.0428,295187.787,411233974.0,70324894.6,1714323052.0,3295444.38,5401854.57,920020.15,8987313.71
2023-07-22,14660.40467,131901.6487,184432.523,324984749.0,58496057.3,817196460.0,2382898.21,2248518.21,911581.17,6296766.28
2023-07-23,18292.78637,153501.0178,171931.133,293811431.0,50429234.4,636160266.0,2341589.79,2228062.7,798875.26,3092197.0
2023-07-24,39628.99691,276504.5547,463451.698,513611905.0,100248697.4,3734795178.0,4042066.22,3366607.8,1501733.4,5711968.64
2023-07-25,21565.7478,152251.21,307201.312,393523223.0,61989431.0,3974103246.0,2522195.44,1752052.61,1578349.7,3513090.68
2023-07-26,33931.63366,272090.5333,318667.814,369415295.0,90818421.0,2421416701.0,6033716.58,1716359.24,1381301.05,5983258.79
2023-07-27,22476.47626,163766.4259,310179.989,312450860.0,58397987.4,1390657420.0,4207657.06,1624000.67,898069.06,5477383.07
2023-07-28,23993.61627,138695.7147,232739.179,200990844.0,46597667.1,845464658.0,2736684.18,1745955.05,669907.99,3119106.93
2023-07-29,10851.36844,72867.0269,102406.899,105603908.0,58072439.0,1189212485.0,1768964.07,840163.33,306523.52,1906734.68
2023-07-30,15706.97441,158657.5902,255246.532,267572438.0,60782448.0,1058535152.0,2774658.63,1630741.35,898388.07,2980351.07
2023-07-31,22605.48964,168204.4534,333099.771,378390957.0,70168122.6,845233630.0,3167365.08,2162179.25,1110757.24,3457040.23
2023-08-01,44719.65162,358476.0966,813075.175,366664318.0,87820146.1,873111968.0,3598080.21,2583489.21,1385072.75,3839827.85
2023-08-02,48181.65141,254213.0553,630364.599,257325957.0,68334103.8,804142710.0,3308680.67,1875088.24,1017575.22,4200718.29
2023-08-03,26476.91994,171148.052,303966.677,353547025.0,99581572.7,693788058.0,2981853.02,1578703.36,956470.45,3398269.99
2023-08-04,23551.95217,187699.4552,274715.344,350885648.0,51367134.7,610889682.0,3225053.92,1321512.55,699345.21,3081770.63
2023-08-05,11645.52018,93657.3255,176422.282,290912373.0,29967210.9,1062980193.0,1781301.39,694952.49,412492.25,1621170.15
2023-08-06,13178.1972,90403.9915,278149.257,201522971.0,28144338.0,667225173.0,2662470.7,1124716.73,562034.72,1700576.48
2023-08-07,30966.87746,224092.9059,302098.545,446625792.0,69256542.6,686024165.0,3303008.9,1664265.82,1011365.55,3324085.3
2023-08-08,45700.53392,236336.03,377607.574,377837388.0,97955669.9,573574471.0,4652753.86,1388611.45,1262794.87,3984515.4
2023-08-09,38003.88725,191926.8343,294212.606,440268396.0,55701452.3,494836584.0,3857674.95,1393130.31,824323.31,5356202.6
2023-08-10,23463.45373,127321.4553,261873.92,294658012.0,50339891.6,614532410.0,2556841.66,1155363.93,902127.87,3233781.21
2023-08-11,20637.0443,113209.3103,287357.204,225898829.0,30373249.6,303787779.0,2415119.74,1022335.23,499834.93,1848871.59
2023-08-12,8971.48068,63292.6476,114025.156,87289374.0,35784585.7,588060644.0,1814019.36,817443.05,316232.47,1315001.68
2023-08-13,11101.70947,120674.1364,132878.878,137308778.0,49756311.8,468528019.0,2013530.94,1063886.17,504796.73,2060255.56
2023-08-14,31443.11532,150196.1203,201261.953,260175236.0,39940476.2,779632649.0,2935003.9,1470525.11,698660.88,3793787.02
2023-08-15,27503.87691,186081.6989,397828.347,388356202.0,68128212.8,1006789294.0,3856498.57,2154803.35,1220493.22,6078471.09
2023-08-16,32996.69854,205430.7368,427014.475,581618879.0,112051659.2,1176873403.0,4333224.4,2433575.41,1453581.04,6063000.38
2023-08-17,100271.54033,812138.2159,1023773.861,847602528.0,183020531.1,1947998543.0,6294552.09,4837864.01,2153968.62,8367039.19
2023-08-18,69790.65711,538083.1018,674545.267,724839898.0,127151195.7,1284697455.0,3890112.81,2973054.24,1456015.19,4839502.37
2023-08-19,26160.75343,231919.0485,323294.673,298930279.0,55279750.4,427274791.0,1694233.32,992385.44,867573.99,2324385.09
2023-08-20,19056.91209,195623.5263,190457.433,452910011.0,39701431.0,302086371.0,1053613.37,1000903.19,444700.39,1272820.99
2023-08-21,30267.24233,250835.1518,782096.622,528716245.0,60006555.7,577388884.0,2646392.48,1589298.11,1327961.76,3063645.91
2023-08-22,34247.06688,402012.045,875925.591,422200069.0,81237011.7,615086529.0,3635900.71,2514612.21,1950280.84,3937580.0
2023-08-23,44023.69978,374761.1088,646096.521,286855957.0,69984062.1,663722826.0,3704350.5,2111348.0,1041985.33,3611220.57
2023-08-24,30205.22116,231539.7805,368866.011,252154333.0,49728611.9,386270949.0,2719332.54,1954030.49,907479.29,3008240.96
2023-08-25,27753.33772,236261.6898,380692.105,326124248.0,113233017.8,388436589.0,2321828.3,1865483.14,1276333.67,3107452.3
2023-08-26,10022.22322,79175.425,146835.271,110436094.0,47226296.0,133469006.0,743690.27,1360546.99,400362.23,1636733.49
2023-08-27,12099.64216,87789.9196,186853.184,132391247.0,49902951.1,195920692.0,1103526.81,1274702.18,542549.14,1327983.29
2023-08-28,22692.62655,214351.0143,310319.442,266211960.0,54934617.6,347134881.0,1622343.78,3101890.05,1100627.11,3374414.54
2023-08-29,74251.99488,494371.0823,666199.649,458921685.0,147979504.9,1205214048.0,5271801.95,4406290.23,2530985.01,5586925.4
2023-08-30,35448.25848,202841.4402,305094.438,279526116.0,102074556.8,652816294.0,2462706.77,2107999.59,1031201.84,3206141.49
2023-08-31,51032.80401,330518.2668,452017.913,359350681.0,92935093.3,987255423.0,3342646.88,5159773.24,1826854.02,4186968.01
2023-09-01,41032.15056,302406.1686,461833.238,390869888.0,62605625.4,594834321.0,2517375.38,3247599.73,947344.83,3668052.2
2023-09-02,16250.77698,102145.9476,207729.726,173634913.0,21898057.0,445474474.0,1419243.59,1385184.88,504146.54,1272779.56
2023-09-03,17474.47667,116767.2862,168458.242,148603214.0,33024398.4,221836401.0,1032117.62,1249649.68,412221.11,1783671.76
2023-09-04,21777.59609,168010.9056,305315.445,293271541.0,40657488.5,414229595.0,2206040.45,2592614.46,769303.74,2785879.47
2023-09-05,21323.39337,204365.4907,242764.079,260333041.0,40887843.7,613206067.0,4197171.75,1833680.97,726190.8,2961423.42
2023-09-06,27262.52386,219541.0193,300823.424,255134232.0,57656386.6,638467834.0,3429947.48,2292602.88,806313.46,4754687.99
2023-09-07,27687.49567,228558.2782,247735.496,209969723.0,63998483.8,418433542.0,2375627.15,2015368.19,675529.11,3097345.2
2023-09-08,28999.76471,221570.0458,235244.296,223628172.0,54595507.4,364461321.0,1972054.86,1911730.39,689024.96,2003043.64
2023-09-09,10980.62277,58519.6229,94752.246,69132813.0,18121235.9,196653596.0,646379.52,810888.38,320699.91,1037278.42
2023-09-10,18738.26914,207957.8428,281482.379,144849888.0,82463546.6,741903006.0,5630975.71,2602755.63,1644037.72,2940010.89
2023-09-11,41682.32,417424.8189,580093.123,484437445.0,74448945.4,815364934.0,4755172.77,4954332.39,1436614.67,4285220.96
2023-09-12,56434.38537,329739.9685,523734.999,356403388.0,55963149.9,590184825.0,4818249.11,3322442.65,1493579.6,3107349.35
2023-09-13,31610.82753,223409.2889,301454.875,274586793.0,42074899.2,502274759.0,4063710.36,2434240.08,1166588.89,2998925.26
2023-09-14,38333.1725,275301.1505,354022.553,232539752.0,49307776.8,475512544.0,4397747.38,2826450.26,846740.43,3421841.03
2023-09-15,26227.29369,181340.024,312856.997,305608308.0,68762333.2,305546937.0,2087888.26,2403258.06,1025374.07,2517925.91
2023-09-16,13960.93351,99555.4671,288697.085,132881408.0,34777177.1,255280771.0,1416418.73,1814021.69,874568.63,1902334.13
2023-09-17,12998.10277,120227.4117,333002.468,142846615.0,42170651.7,383318697.0,1073239.72,1800037.06,1030936.69,1503567.78
2023-09-18,43000.43256,279041.6978,600156.61,298374742.0,71770689.6,477979505.0,3731851.86,2979553.42,1649478.75,7921921.79
2023-09-19,36190.52187,184282.4258,347261.748,295258283.0,52966563.7,428581236.0,3110481.29,2631215.34,1104724.32,5536761.2
2023-09-20,34207.21867,232844.2347,368825.746,288497937.0,53146080.0,351126474.0,2588399.2,1646018.87,1653192.29,4549051.69
2023-09-21,34476.82662,240627.544,412312.209,277323578.0,58361302.0,461733879.0,2959370.24,1780734.04,1429451.17,4270233.81
2023-09-22,18198.2292,124886.091,237677.235,233893377.0,73938896.4,243141704.0,1857771.33,1633445.47,897556.95,3083344.65
2023-09-23,9440.7026,64537.1341,117618.21,101716334.0,25631020.4,171390790.0,897913.0,1005804.33,639062.46,6314709.67
2023-09-24,15706.65771,137517.8533,185179.502,112889323.0,27611468.8,187668551.0,1091026.97,1093945.04,1047017.16,3149084.7
2023-09-25,26266.2039,176706.9277,272401.465,303674393.0,39187490.9,185313210.0,1702995.14,2354682.85,974057.28,4956186.61
2023-09-26,18495.35066,125583.0161,280709.589,271054261.0,28346745.0,247803396.0,1977195.6,2176205.87,934956.91,3877254.09
2023-09-27,34771.57978,274404.4328,409367.397,237514582.0,39114830.2,322389750.0,2446438.2,2220464.79,1223697.83,7180632.89
2023-09-28,44517.83491,331409.7015,394085.543,247906960.0,49669473.6,330092922.0,2804835.46,2423443.08,1399102.7,7218442.3
2023-09-29,28478.76219,251975.6728,371923.961,604996777.0,88297074.2,388098719.0,2724984.42,2088662.26,1405080.87,4632422.26
2023-09-30,12804.62307,136924.9141,179075.156,144866051.0,41541821.3,353992527.0,3565357.52,1275233.11,805999.91,5316780.65
2023-10-01,24602.81468,225611.5868,415044.578,167673504.0,78880890.4,426685075.0,6416328.5,2265876.1,1684642.75,5741530.2
2023-10-02,57071.14241,378575.6898,565949.136,319018957.0,91440764.3,626702154.0,6313085.51,3854026.25,1934866.84,7388633.58
2023-10-03,28928.96555,198287.1164,294511.083,398167814.0,58464738.7,285220585.0,5894722.26,1564379.73,1282164.09,4753914.76
2023-10-04,29816.142,222861.7167,328882.49,422012491.0,63613390.5,335531290.0,3945261.33,2554470.06,3916501.71,5466659.39
2023-10-05,30681.49619,237378.7449,259374.039,234313709.0,49552668.7,252901933.0,3287722.78,1725328.6,3629799.18,3846525.19
2023-10-06,37983.24277,220507.9286,258866.553,219784262.0,43655463.6,299784369.0,4366362.12,1399327.65,3037211.24,3176035.64
2023-10-07,13348.83825,101241.5732,125590.792,63137112.0,52025210.8,279174721.0,2949841.72,1027727.79,5342085.38,2235442.95
2023-10-08,19693.56921,149424.6635,225258.305,82864720.0,26666220.2,202221066.0,1934466.13,1327658.78,1875461.06,5220385.39
2023-10-09,31534.74639,340141.0988,572318.205,322604658.0,75592665.2,806444033.0,4186290.48,3725371.284,2374413.48,5400392.17
2023-10-10,22776.84383,240659.3287,577725.014,228001743.0,64320917.1,254040040.0,2334716.24,1997871.04,1854748.33,3315249.53
2023-10-11,37349.44706,260253.9671,397200.817,241504648.0,78623427.5,356464937.0,2734211.94,2158166.14,1815554.11,3701911.87
2023-10-12,23428.64112,237221.4977,355516.958,259545095.0,35000900.0,241613425.0,2921129.02,2722797.38,2057336.14,3425077.36
2023-10-13,24115.76499,192205.8736,331300.92,257150898.0,35522662.0,340601297.0,2403623.09,1628293.29,1415530.31,4244477.6
2023-10-14,10417.25576,100314.6754,142741.132,93826664.0,19550143.8,258485303.0,1303774.54,1024225.4,469812.77,1522386.46
2023-10-15,15274.6917,120311.2738,365630.554,101648635.0,23294593.0,187751427.0,1455965.78,1572397.09,998932.66,2299972.73
2023-10-16,78399.22445,418510.8644,773179.81,405705160.0,89063648.9,685936360.0,6973642.82,3758880.85,2396526.73,4491818.19
2023-10-17,38428.44532,234817.0699,372808.016,268586946.0,44841890.9,328504417.0,4456015.31,2232638.47,2216404.32,2869585.65
2023-10-18,32162.47591,177750.2253,260942.338,202731261.0,35611192.0,259892423.0,2982409.96,1660166.05,1617532.29,2301928.23
2023-10-19,35895.50179,216217.6675,274491.489,445455672.0,47562468.3,268646752.0,5889168.99,2373829.06,1655127.66,2421707.11
2023-10-20,59422.0992,315995.792,344927.206,412008957.0,68958714.1,380263308.0,7266627.01,3760071.55,1958799.09,4329807.55
2023-10-21,27517.51897,176419.4092,263182.512,179110644.0,74687552.0,419977032.0,9576358.72,3652845.43,2742101.15,15593852.19
2023-10-22,22852.54563,228650.9225,291845.069,165306102.0,59063453.1,431537666.0,5567480.03,3393543.88,3289863.42,18639585.65
2023-10-23,93513.64246,610931.9663,841393.165,522483834.0,138213642.7,1809514093.0,12178546.11,8758003.44,5134792.1,24657322.01
2023-10-24,115265.02418,674055.1375,1011409.17,798801237.0,171131052.9,1893961402.0,11152278.09,9440500.3,4867065.26,17094050.82
2023-10-25,54887.02529,354410.8294,624789.777,369106629.0,100707132.0,1473029982.0,10582632.89,5030468.8,2884290.26,17153705.46
2023-10-26,39744.66255,431169.0453,726200.668,397423009.0,126349394.6,3074465230.0,6940180.71,5741821.06,6154843.18,10983527.2
2023-10-27,32330.40106,274532.6921,970917.489,312543838.0,59005757.2,1256624746.0,6273331.35,5100506.33,2529788.17,11720249.83
2023-10-28,16880.13144,122919.7382,347691.437,110912293.0,43195418.6,643644405.0,2594478.41,2924361.17,2619953.67,7686066.07
2023-10-29,20685.52176,144110.6508,269033.796,160069611.0,45363693.5,485266012.0,3483834.9,3308326.4,2022533.88,5275457.69
2023-10-30,33657.95976,277686.192,397120.276,436757242.0,88760107.7,739649062.0,7627255.13,6732331.76,2156521.47,9454805.93
2023-10-31,32737.89822,258074.5796,465273.268,621793128.0,115945883.2,1281215492.0,9267665.69,7122930.14,3346450.77,12476688.51
2023-11-01,53473.28165,471921.6184,578647.208,468312081.0,144162060.8,1322729238.0,19486359.98,8664657.37,4822225.84,10588892.04
2023-11-02,48015.57732,368738.2193,829216.687,438254076.0,201974366.4,1597197975.0,14743830.91,7516552.17,4220621.92,8003890.51
2023-11-03,39071.20644,315000.2678,501371.786,329096876.0,134180972.4,793772413.0,10290073.48,4994752.05,2411690.33,8887394.75
2023-11-04,18377.55545,171538.0364,391480.947,142897570.0,63442713.4,544148824.0,7452581.71,3730420.45,1471832.59,5234888.3
2023-11-05,24528.73376,383106.7628,613299.473,418017252.0,130046711.3,1366786320.0,4117962.39,8339719.52,2559244.68,11907068.54
2023-11-06,22346.47086,328746.2394,844924.324,703629362.0,179872075.7,1891295555.0,4866558.59,8062202.56,2999305.97,10027182.42
2023-11-07,38688.73692,332419.4406,865045.808,618276758.0,204897945.9,2426713501.0,8826660.47,6434501.97,2677547.02,11935472.54
2023-11-08,33401.34137,247881.0997,500403.192,344396095.0,113764823.7,1394687206.0,4580371.01,7479657.7,2037125.6,12601104.84
2023-11-09,82537.88885,1100330.3237,1320420.474,777778139.0,275776697.4,2758797891.0,12546941.33,11953209.53,6349228.52,18901164.92
2023-11-10,43414.04898,555573.6495,814936.218,464857348.0,191392833.4,1754786161.0,14708555.35,8809057.17,7715255.48,12832103.89
2023-11-11,22984.97235,370966.0372,738756.911,380232188.0,197565105.7,3940449595.0,13790858.3,13408385.78,10333477.54,11922184.55
2023-11-12,17687.18874,281907.559,637126.209,216031217.0,131765655.6,2187569963.0,10246085.39,12507667.74,12880795.74,9480541.7
2023-11-13,32798.18252,529143.5815,953917.532,749884441.0,173268736.2,2695984716.0,11066863.24,10036536.86,9459851.54,10117089.62
2023-11-14,45503.68416,481909.733,992864.124,597417769.0,162292352.2,2213664109.0,12213778.24,8881631.37,10623733.95,12808258.53
2023-11-15,53569.13385,421870.8032,911316.433,339283800.0,127946698.0,1242373327.0,12800109.28,8603942.41,14801379.2,9561100.03
2023-11-16,47490.39566,545286.1297,1090149.24,440591531.0,307196631.1,4624288827.0,13868327.04,11216571.93,17186161.77,11515683.62
2023-11-17,38283.61112,401100.5069,757117.698,368525340.0,142430049.9,5715620063.0,11968303.78,6627256.73,15838526.82,10376868.15
2023-11-18,17102.24186,279368.2208,485737.217,192040293.0,112215311.8,3816113600.0,7374946.5,5049686.4,6017391.55,5989655.98
2023-11-19,21246.34648,251132.6192,379101.104,240044861.0,101902781.3,1736599079.0,7009650.09,5288348.36,5314132.45,8024107.07
2023-11-20,36022.70291,421717.679,1523794.58,298231745.0,132991378.7,1894821627.0,7127562.28,6191396.11,5827146.19,7852547.72
2023-11-21,47646.54804,490163.9863,4050392.778,468850910.0,169158003.7,2807234921.0,10741088.9,9809122.53,11207307.49,9307600.94
2023-11-22,45051.30697,466120.5109,1791363.245,346216216.0,93647895.7,1119488422.0,7891464.65,6324028.79,6214364.77,7341318.89
2023-11-23,23827.92882,250960.6958,718114.377,305693192.0,68175668.9,613659850.0,4925635.15,3046432.52,3128091.29,5780105.38
2023-11-24,44680.80646,426932.5402,616904.315,303149239.0,108957051.4,883650952.0,3905651.92,5725071.98,3692026.02,4360537.63
2023-11-25,11396.14464,138847.393,313338.264,121921267.0,52139797.7,651722335.0,4095129.28,3228936.41,2069224.51,3318038.65
2023-11-26,21264.53723,241262.9136,437624.722,266307412.0,64465067.7,785924906.0,3097837.47,4327342.3,2825385.24,5240707.85
2023-11-27,30001.07376,326073.2298,831147.034,309411406.0,70669351.5,2139460195.0,4618869.6,6281479.69,2994013.72,6146071.04
2023-11-28,37544.46667,283775.9279,547422.862,286127938.0,79174386.6,1710141271.0,5642915.95,5448920.48,3188388.54,5394866.99
2023-11-29,32994.19107,254843.7319,416529.001,235341461.0,68200523.6,1518465698.0,7574392.84,4978065.6,3710793.82,4845528.8
2023-11-30,24740.29147,243680.0921,360874.419,232714430.0,59930456.8,1474563719.0,4597104.01,9449624.6,2759264.75,4398464.68
2023-12-01,43415.66324,372645.586,425879.275,248446111.0,56334397.5,1075587047.0,5422494.06,3790598.48,4149300.78,4634512.61
2023-12-02,26696.92161,320979.9768,456196.933,144130252.0,68638568.3,1047224679.0,4898503.76,3691046.39,2115296.06,6568892.92
2023-12-03,26710.65335,257879.1136,594689.614,240660124.0,91882676.8,1233031851.0,4675198.65,4369800.25,2457069.2,4379093.89
2023-12-04,79272.33059,565307.7134,1475825.971,492198799.0,177280730.9,2933769955.0,7696216.19,8239235.76,5307454.35,8826925.32
2023-12-05,67490.74644,529829.7214,861796.38,369372743.0,153779346.5,2544186116.0,6032438.26,11736819.83,6173878.71,7193745.83
2023-12-06,51431.10492,408338.9056,858794.132,498860756.0,270929667.9,5278501455.0,11121135.68,11202513.64,10747936.78,8057101.19
2023-12-07,47103.26845,485190.0609,793571.247,454683854.0,180487882.7,2842604920.0,10648583.32,8281399.33,7035602.62,9080106.82
2023-12-08,42900.37556,378569.8126,764638.52,497144485.0,514331728.7,2247014999.0,11314830.348,11355959.93,8000503.43,10827786.35
2023-12-09,24925.97008,287771.0664,838098.223,522942153.0,716161289.8,2400778713.0,8809964.3,16985044.2,10263975.2,8430393.84
2023-12-10,18956.61758,200037.2102,433591.534,251001949.0,307447745.2,1337401762.0,5886808.01,6780828.9,9029970.15,4766574.66
2023-12-11,76663.89804,640414.9166,2010717.772,601855237.0,403945042.2,3926452012.0,12970688.47,12451395.17,17625128.99,14107495.09
2023-12-12,42722.69773,361588.9087,1877670.629,372907112.0,348838584.3,2003591978.0,7763463.64,13610015.42,12429466.44,7450890.25
2023-12-13,45865.99773,418916.6154,1149182.339,383566539.0,493921678.8,1654708893.0,8271925.44,11463964.93,11810098.4,8205912.53
2023-12-14,42047.05709,409508.0931,818946.787,340698850.0,345212494.2,1405821668.0,7493589.41,12681742.91,7164273.35,8398653.34
2023-12-15,33421.7932,333552.6328,655654.892,356613976.0,240571744.1,1313568767.0,8834567.44,10696904.91,8958206.04,5588024.0
2023-12-16,24118.85747,199285.923,444080.33,160755138.0,152365355.7,1016225212.0,5513079.61,6517746.9,8705680.65,3975469.06
2023-12-17,27722.11452,225925.7675,464957.446,176476817.0,133192915.3,986491713.0,5108641.26,6649743.84,4937788.07,3560218.31
2023-12-18,46734.0925,364103.1181,876189.244,477105096.0,204175142.0,1479114802.0,7219822.33,7414872.74,6850358.5,8220244.73
2023-12-19,40927.86444,383551.4049,1569167.394,309456484.0,198847462.1,884237508.0,6086806.16,5474784.2,4755734.07,4715602.5
2023-12-20,48710.2947,416841.6272,1116951.002,380133323.0,198909767.8,1223678648.0,10701294.29,8621839.76,6459700.84,5093239.98
2023-12-21,34624.29384,453069.7252,1286767.653,294263304.0,226299061.9,1726958198.0,12129644.35,27166695.07,7253794.87,6978195.1
2023-12-22,32783.19638,591357.488,967819.921,386616422.0,214849930.8,1258416466.0,11975121.56,16078478.66,6546935.03,6378166.47
2023-12-23,16557.1293,255626.9352,408213.412,170948891.0,126272911.7,649710275.0,8336420.6,12748793.29,4660235.64,6241227.2
2023-12-24,25144.33496,307951.076,572645.135,305003397.0,217308386.0,1078125456.0,12261699.03,26401737.92,6410094.86,5937006.95
2023-12-25,27021.23992,286277.1616,469743.423,501529244.0,163634887.8,794322702.0,11114497.92,19304116.18,4146186.27,5182592.13
2023-12-26,41010.04282,410413.1591,2356245.345,427204990.0,221963239.7,1045263091.0,12300095.38,14922261.11,4773394.73,6443612.14
2023-12-27,36191.21136,541537.3574,2126454.61,363959180.0,229068834.3,697904313.0,8972638.9,9947554.08,4199478.73,8604959.81
2023-12-28,35150.52485,580459.982,2249136.219,468193003.0,321217533.2,896005552.0,10194201.02,9422637.54,5049991.19,12399584.63
2023-12-29,42597.18912,450201.2069,1407022.74,347060742.0,195162581.0,676368690.0,9432538.67,11281188.12,5054515.59,7020535.98
2023-12-30,22906.57818,210539.1327,561853.413,168141907.0,96059388.4,348435520.0,4178339.62,4747990.66,2217519.52,2951588.48
2023-12-31,23585.91603,222175.8779,667097.557,160978768.0,104191519.8,385427628.0,3821990.67,6738987.99,2208181.77,3495890.27
2024-01-01,27174.29903,216702.6914,619455.158,165869400.0,91021386.4,506560988.0,4403310.37,5268802.23,2734126.31,3173937.89
2024-01-02,65146.40661,458041.6642,937764.737,371069494.0,160535672.8,881934936.0,7831366.05,6792266.31,3642001.26,5675020.93
2024-01-03,81194.55173,798729.4869,2132158.122,1063513320.0,319806612.8,1959750401.0,12221060.38,14473959.94,6289630.67,10147635.17
2024-01-04,48038.06334,448844.055,1133774.957,384638363.0,149952088.0,1144911613.0,7235482.95,7500909.27,3541865.71,4365827.16
2024-01-05,48075.25327,405568.0006,1157056.276,383229345.0,152848545.9,1109914047.0,6703567.21,7631254.61,3385914.09,6076419.59
2024-01-06,17835.06144,194067.8656,909358.183,166749051.0,120959496.4,979471694.0,5151478.03,4644445.49,2367153.87,3565461.87
2024-01-07,23023.8508,207138.6927,498367.089,226717559.0,111767718.9,927733107.0,5547334.15,4713975.33,2727132.92,3045099.87
2024-01-08,72814.57589,539407.5547,984590.842,520587965.0,216099815.2,1392075761.0,9677497.13,8524497.42,5416852.99,6343630.56
2024-01-09,69927.66617,551454.9931,1401490.155,454568370.0,168923575.1,2205553399.0,8574930.67,6989170.94,4305952.25,6089402.93
2024-01-10,89911.41203,1038388.666,1032565.477,565711997.0,279571914.5,1240032433.0,8634280.07,9967541.16,4360929.64,6108662.9
2024-01-11,87470.3296,838712.2577,1179601.543,513518254.0,287865723.4,1520441570.0,8986682.95,12836225.08,5071643.06,5971021.52
2024-01-12,86327.93707,887457.7627,1003340.774,462016509.0,158309249.6,1117173897.0,6462190.24,8688542.18,3189656.48,5199803.58
2024-01-13,36118.47464,422061.232,436784.239,144723019.0,73966558.1,451114051.0,4054010.92,4481440.54,1741500.31,2403223.09
2024-01-14,28228.40894,306207.7463,393054.947,188471401.0,74139564.7,923333159.0,5767904.66,3486216.3,2179493.62,6981289.71
2024-01-15,40269.89303,315247.8819,1704540.89,267118552.0,63585526.0,423589779.0,3605978.31,4209668.41,1568139.13,7120605.92
2024-01-16,45045.74589,381077.6247,951149.445,250036650.0,74354014.5,582449257.0,3768288.08,4432209.01,1813027.08,3995089.65
2024-01-17,33266.21388,366281.3477,1071343.496,229435711.0,63933793.0,478700611.0,6932306.54,4237892.42,2106057.31,8906227.12
2024-01-18,43907.51641,452090.1074,921121.889,286860737.0,92941269.5,621337144.0,6216673.0,6630266.6,2528256.1,6730412.48
2024-01-19,48342.74559,424209.0029,835724.4,412467369.0,119926942.0,766708753.0,6357442.75,6152238.35,2406347.38,9958120.37
2024-01-20,15923.99493,136620.9577,326090.187,190027866.0,79444228.6,1655077344.0,2799385.87,3231059.21,1224130.01,8343648.47
2024-01-21,11730.16301,122572.1687,359764.313,115018674.0,54007901.7,2294800965.0,2013751.83,2659737.77,1038127.76,3466755.98
2024-01-22,55426.19911,526337.6492,704437.647,340622198.0,143854450.0,1591848689.0,7065444.82,8335532.94,3467720.04,8999991.39
2024-01-23,57956.63351,700105.3314,928195.378,468522571.0,179364936.7,1285716152.0,8284305.33,7491685.08,4731522.21,7634724.2
2024-01-24,39293.82861,359851.1496,802312.815,256315507.0,94074417.5,688387053.0,6058894.15,4831265.54,3391798.91,4902671.9
2024-01-25,31022.11853,330426.6061,1004156.719,251423038.0,85672497.7,487927595.0,4002698.2,3968963.16,2064388.45,3983863.76
2024-01-26,47384.96726,363566.4255,709942.404,345499020.0,106524727.9,438354293.0,4693818.55,5226941.0,2655940.67,4124078.3
2024-01-27,16224.41667,145109.3836,285357.667,109437595.0,55368149.5,330227896.0,2735837.45,3827612.45,1194938.73,2101656.52
2024-01-28,27294.99838,209326.9087,409403.057,133344725.0,97129557.5,405942847.0,5618408.23,5140566.57,4440497.0,3924457.9
2024-01-29,31542.74207,305528.0776,442799.505,315810144.0,121001422.1,1259643662.0,5772519.82,9464149.78,3030189.03,5591006.51
2024-01-30,37619.24546,372879.5791,386375.467,551143127.0,131938020.8,609381172.0,6990527.25,5806026.21,2959029.15,6613663.41
2024-01-31,39871.13688,397116.1859,459007.698,485421774.0,132999623.5,492930215.0,8609956.87,5331313.42,2629653.91,9675848.46
2024-02-01,35231.04664,310997.4538,373269.789,339711167.0,97823370.7,423161080.0,6556006.07,3801576.85,2100203.11,15982416.79
2024-02-02,29672.14418,238230.511,309501.649,362229325.0,109308591.4,338158394.0,5487861.84,3879893.39,3620321.22,18593885.47
2024-02-03,12033.40998,133232.845,198730.962,268503943.0,62959942.6,181709999.0,2787373.11,2228612.1,1968125.41,7618053.39
2024-02-04,17066.89404,171232.0444,503405.323,156461025.0,57766921.8,263166434.0,2914876.34,1847358.83,1546090.99,7542592.91
2024-02-05,29467.75905,236610.412,488672.271,316744221.0,74074301.1,432182668.0,3891146.06,4053934.37,2069405.65,11701737.55
2024-02-06,24675.85433,368942.7498,260762.321,296361361.0,74173617.7,294603685.0,4279238.07,3262058.56,1814138.17,7718020.78
2024-02-07,34392.59915,342791.7013,352421.789,337065844.0,180295685.6,389072392.0,4577672.06,3978510.79,2098188.17,6288753.44
2024-02-08,45439.62231,338040.0539,921496.502,319558939.0,228609030.6,447795104.0,5082811.46,5636725.94,2450459.44,6386966.04
2024-02-09,73503.481,492384.385,739178.081,381663993.0,154515283.0,665001847.0,6686758.45,6703902.0,4106859.37,5692887.07
2024-02-10,24802.35936,185099.59,321477.064,136051851.0,115859589.7,367774924.0,3939526.49,3362657.29,3494637.43,4237108.87
2024-02-11,29958.80837,219975.1471,280308.105,218992618.0,159388533.1,639653927.0,2755398.4,4140070.61,2087708.31,8729373.41
2024-02-12,59009.96705,449501.776,576734.162,383946428.0,156086926.2,797306560.0,6169652.05,6638724.11,4287581.66,9061699.87
2024-02-13,55551.56706,502447.745,441545.83,398803382.0,128760890.4,738029583.0,5622825.56,5806068.65,3441748.25,6228394.6
2024-02-14,57046.37401,461670.6944,452466.98,402071120.0,164094581.5,1497064357.0,4884824.42,6998063.16,3949578.16,5075660.98
2024-02-15,53816.03055,481689.1874,1361590.403,640584098.0,232282054.4,1428000130.0,4927735.5,8076847.34,3666472.28,4869032.92
2024-02-16,37772.25318,378070.8037,1061855.986,522111567.0,148909729.5,807216742.0,3947132.77,5128123.74,2493109.32,4600202.39
2024-02-17,25674.00622,243302.8759,630266.52,254033578.0,128162404.1,647757981.0,2897705.67,3946834.47,1859591.84,3715998.41
2024-02-18,21992.10363,367987.8833,495667.634,199644484.0,207753370.3,526443268.0,3083833.73,4114553.53,1612326.72,2893117.13
2024-02-19,29534.99432,446451.0401,830917.534,361659945.0,169787705.9,1424055062.0,3746704.95,8186553.0,2680806.5,4131134.93
2024-02-20,49614.47318,634681.7471,972650.558,577494529.0,233760627.4,1744290957.0,5676734.13,9552318.01,3285660.95,5699014.63
2024-02-21,43079.40049,595955.0033,1701415.313,443537294.0,133532235.1,757871134.0,4752688.01,6514766.28,2338956.78,4953060.58
2024-02-22,35309.44574,563525.9936,1409647.481,363824441.0,128991781.0,645334349.0,3905642.33,5384307.43,1867725.13,4209962.51
2024-02-23,30545.79544,428826.5787,1027891.295,435074448.0,117449758.1,791686167.0,3546853.99,6638489.31,2257491.88,4920946.76
2024-02-24,16560.4211,243854.0783,444587.481,201672485.0,95375216.6,657921980.0,2334116.02,6116096.37,1363828.68,2305801.67
2024-02-25,18721.63159,412306.2237,643002.671,200338025.0,78055822.8,493056846.0,1967184.81,4176758.99,1434112.18,2002911.08
2024-02-26,51256.72199,546722.7747,1196262.204,442051388.0,169685875.5,1088385979.0,5392138.71,7572230.28,2919488.8,4454205.75
2024-02-27,67194.98562,625939.1221,915873.073,852720045.0,194585795.4,4473045916.0,6198163.52,10449184.54,2163692.33,4823735.82
2024-02-28,118763.46984,947538.766,1348008.995,1038133713.0,355791252.9,8260903846.0,11832282.01,15023729.48,5048286.26,13518121.88
2024-02-29,78425.07603,759698.1123,1146024.362,1323123117.0,496600842.9,8825589402.0,13847087.32,11567082.87,5668569.24,8082763.33
2024-03-01,47737.93473,412788.5773,586580.611,545783016.0,227378496.5,6695199430.0,8376631.09,7440771.13,3451947.63,4054690.97
2024-03-02,25534.73659,283984.9448,590018.543,891150692.0,297746478.5,5215907888.0,4693251.94,12812343.11,3750371.17,7764412.97
2024-03-03,28994.90903,341631.531,838274.346,626556050.0,205502738.3,6113745846.0,5228370.86,15549955.02,3292222.38,5670314.05
2024-03-04,84835.16005,715360.6361,1045414.001,1053563753.0,404835737.3,8109722728.0,8053684.79,20642389.86,4856334.08,6487639.07
2024-03-05,132696.7813,1392904.864,2073303.79,1554937673.0,620713725.8,12530493898.0,17035242.52,31707926.36,9520539.61,13545293.99
2024-03-06,78738.85491,969494.71,1804741.112,832599729.0,295551593.1,5625446879.0,9581617.48,17135241.23,4232399.84,6863998.61
2024-03-07,53059.8869,540780.675,1672134.41,789389082.0,207951361.7,4138356351.0,10952975.3,11994126.73,4954173.81,4703308.76
2024-03-08,74261.932842,646399.2589,1660311.361,648298999.0,217116920.9,4842302475.0,8096745.65,12982892.21,3926241.42,5624596.13
2024-03-09,19872.89743,254839.1386,852029.241,399105613.0,117539314.3,3903293224.0,3686876.81,9384527.61,2418252.27,3713915.75
2024-03-10,38404.66835,356664.68,1944137.084,431213931.0,124973655.8,2311878295.0,4489519.25,7587844.77,2834035.29,6536500.81
2024-03-11,75292.825726,721554.5139,1608146.397,2035920643.0,320630328.7,3021515629.0,7743384.35,14996657.84,8911493.52,13248286.27
2024-03-12,68783.546691,632787.3941,1924767.687,1164823272.0,227151117.0,2760068984.0,8930538.0,12039946.94,12915245.0,9044025.32
2024-03-13,52659.711647,482305.7766,2526002.564,629718012.0,168550753.8,2005346358.0,7627285.95,11969881.19,5785825.53,5205529.64
2024-03-14,71757.628746,648237.5245,2119540.3,866913230.0,416026694.0,7417977435.0,10423585.86,20155350.19,7732957.59,12982071.97
2024-03-15,103334.03546,947537.4071,3066312.788,1046569627.0,342389407.2,4217464611.0,17484961.6,20216540.26,11735553.58,10111374.57
2024-03-16,55926.95336,548288.1569,1811838.042,637944105.0,253748203.3,3166192692.0,13017058.01,13825011.98,9615415.71,6655371.41
2024-03-17,49742.21589,517790.9936,1712920.341,520417354.0,188639901.3,2846386007.0,10524537.06,9420189.81,6421648.71,5308088.19
2024-03-18,55691.08088,570901.2851,2284301.814,868146942.0,193908706.1,2116020884.0,11583736.08,9838197.4,11907328.03,7337983.8
2024-03-19,101005.32487,1049629.6936,2551361.512,1036258366.0,350014516.9,4709278496.0,16935298.87,15363075.8,12376814.57,11140933.14
2024-03-20,90420.58592,1207322.8201,1425296.579,802805428.0,283086563.5,4788948000.0,12365784.68,12729562.23,9552672.65,8681676.8
2024-03-21,53357.48002,602755.2072,953921.372,799317843.0,162134047.4,3475754499.0,8064316.56,7536093.12,4920044.95,5074727.17
2024-03-22,51482.37821,558848.888,1181298.51,580029104.0,138778065.1,3644351433.0,6152106.89,6104700.92,5691573.77,4407460.12
2024-03-23,26410.11409,323675.9448,608753.329,278695151.0,79575095.9,3445544497.0,3504716.61,3464506.12,2791760.71,2509664.7
2024-03-24,31395.78015,260824.1408,442930.35,304667124.0,80674633.1,3007181093.0,3578259.38,3551552.34,2317592.73,1938843.98
2024-03-25,53431.14486,548577.6942,802695.512,598260361.0,129205089.7,2860835588.0,5240091.85,6350466.97,3814842.59,3415287.99
2024-03-26,38934.38417,499013.8384,569324.079,483920076.0,128211683.4,2942951273.0,4465611.36,8244078.96,3466292.41,5054832.06
2024-03-27,49119.35685,443195.3297,531668.402,576105586.0,141784476.2,4365126606.0,5173929.09,7078224.52,3233550.45,4359990.06
2024-03-28,35439.03239,404654.0311,503901.624,500717330.0,92872752.8,6581610023.0,3602194.14,5433742.81,1684510.45,3051983.73
2024-03-29,25445.08353,323086.179,1042401.169,536802072.0,129589892.2,3515455224.0,3580115.76,6430200.46,1637003.96,2573526.7
2024-03-30,13644.61142,216025.2634,501020.148,275028227.0,89397036.8,2521998974.0,3491334.38,3097586.67,1334954.82,2095740.16
2024-03-31,19396.34433,243464.9877,325136.967,181972969.0,61338789.9,2325500500.0,2398135.45,2347041.29,1203818.27,1590144.42
2024-04-01,41445.32039,408854.1225,723114.09,546287523.0,156775712.2,3456154163.0,4599776.65,6554213.02,3011378.87,3750501.14
2024-04-02,71799.82793,623264.6476,998260.814,648286441.0,194496435.1,3974417546.0,5766777.4,8040640.57,3239791.28,6634337.92
2024-04-03,39887.21778,410484.1933,683925.233,493903933.0,117116217.3,3549429233.0,5010275.57,5456340.4,2363000.86,3386259.96
2024-04-04,41510.48453,356338.5716,879640.68,701629386.0,134498067.6,2343983176.0,3773747.36,5143837.32,1760856.23,2903628.96
2024-04-05,37915.23073,344556.7983,634206.619,421470900.0,106755812.6,2083599146.0,5000847.22,4594358.61,1789208.04,2837274.08
2024-04-06,20134.28919,183312.2125,226975.996,165404890.0,50089819.8,1865317107.0,2641869.38,3135750.79,2043537.32,1487887.06
2024-04-07,21534.74433,210459.0752,263849.216,210766117.0,71643798.6,3025519000.0,2235798.23,3777830.16,1194623.63,1694095.78
2024-04-08,45723.87624,496841.3532,483568.312,512812491.0,112868465.7,1955830692.0,3690701.97,5282323.07,1875605.09,3848266.56
2024-04-09,39293.90242,457592.252,596275.792,648585747.0,140670945.7,2177727783.0,3401885.89,6315720.0,1749477.03,3030395.75
2024-04-10,42006.02377,389404.9055,816050.7,449695736.0,146079444.2,2910595316.0,4653467.65,6364196.82,2250167.7,3470763.22
2024-04-11,31917.25595,338139.5534,579678.194,316314812.0,80939649.6,2177813466.0,3761197.49,4548223.43,1481848.1,1923583.47
2024-04-12,56072.86229,697327.1174,1517722.658,903224330.0,446034030.9,3925158745.0,6842096.22,18112289.17,4679039.33,12185442.13
2024-04-13,71395.22019,994971.2354,1761628.473,1199425184.0,475184725.6,5355470940.0,15444420.06,21049661.8,8362401.51,14506798.73
2024-04-14,61599.17818,737580.4666,965488.003,820741178.0,362259711.3,4301028374.0,12428370.68,15785330.1,5518136.95,10069683.52
2024-04-15,52389.53069,605430.8863,698443.303,680790708.0,269902887.3,4241463339.0,9332424.74,9782724.46,4953905.89,7325684.02
2024-04-16,53435.29331,526113.855,623668.813,535103938.0,171457504.8,2835718778.0,9794711.9,5720075.35,3313166.78,4853855.31
2024-04-17,50610.54509,491897.5661,657909.358,496078590.0,186425966.0,2144894019.0,9559485.27,4881081.63,3016090.08,4828560.16
2024-04-18,43601.60918,389060.7133,589697.296,408855589.0,132581719.0,2200135595.0,7805067.82,3726348.91,2688659.01,3966318.26
2024-04-19,69774.30271,607850.4019,545504.183,649243049.0,213036756.4,2707121648.0,11145361.53,7702126.65,3273162.24,6021268.15
2024-04-20,23137.42975,242577.6371,242132.859,323152269.0,177539872.5,1817384243.0,4855973.67,3963964.15,1920545.62,3117853.09
2024-04-21,19316.42152,219970.5072,277755.724,209381366.0,97169818.8,1328449014.0,3646801.53,2994106.76,1574355.22,2115579.19
2024-04-22,31397.99371,290879.9569,522892.157,481213218.0,109611168.0,1361190385.0,4967360.16,5143305.97,1818594.75,4323797.19
2024-04-23,22599.90004,253914.2263,556883.344,395536969.0,114960663.5,1070377335.0,4102272.11,4802056.52,1435816.55,2579511.45
2024-04-24,33595.69637,393314.3414,656953.677,437750382.0,160604995.8,1835449856.0,6491963.0,6094306.22,2306966.5,4135836.88
2024-04-25,31341.46338,352288.5502,453745.517,358100461.0,91924876.1,1163088346.0,5417465.27,4296277.37,2133979.93,3431332.32
2024-04-26,27085.19346,252522.655,302119.884,354085810.0,83089637.1,899940448.0,3749353.51,4650325.63,1641347.49,2739843.04
2024-04-27,20933.06052,323811.1919,268783.912,195569696.0,95742384.2,894496218.0,3821061.91,3888055.62,1810409.95,2913028.82
2024-04-28,16949.20005,304766.009,258059.431,135893039.0,64574729.5,568872733.0,2951913.56,2445507.2,1251390.9,1626015.75
2024-04-29,28150.22947,421831.2912,330474.005,347828455.0,76427014.0,1220801011.0,4267883.497,3658934.18,2258794.34,2244207.74
2024-04-30,54947.65535,561717.4866,766513.446,395591280.0,126093063.6,1665323124.0,6026555.488,7667235.19,2815332.3,3667884.32
2024-05-01,81166.46823,624963.7773,669027.318,478521177.0,163802414.7,3172868480.0,7991325.271,9928379.44,3380517.89,4938418.64
2024-05-02,47583.81961,365939.7191,359794.315,344602656.0,93572218.4,1666903290.0,5743465.621,5866303.67,1703436.21,2408170.3
2024-05-03,43628.40143,355825.8391,342906.433,363626848.0,97178116.8,1484934698.0,4524855.556,6917886.48,1553343.97,2185366.29
2024-05-04,24368.69282,196263.9488,197129.251,158694221.0,61758692.4,3320985724.0,2808003.24,3557671.87,1920904.84,2150934.56
2024-05-05,18526.75029,218760.2662,180458.236,112344720.0,65843432.5,1670385631.0,2131850.263,4163778.64,1760586.91,1494724.41
2024-05-06,34674.91949,355135.3027,278669.005,567274807.0,100853816.9,2267601007.0,4787441.567,4753151.15,2933511.56,3244647.01
2024-05-07,25598.79472,298796.6829,289488.709,346192205.0,86403537.3,1298799353.0,4486379.596,3682848.45,1852417.36,2558935.56
2024-05-08,26121.19004,266934.8125,297016.617,346832658.0,155420658.9,1301147548.0,4533265.341,3774626.84,2157691.01,2688746.46
2024-05-09,30660.8061,238561.7462,464857.601,299812797.0,85381130.6,1204735659.0,3912139.908,3379414.81,1576030.39,2293030.1
2024-05-10,36529.34025,327855.8758,296215.516,356081362.0,86117375.2,1163562851.0,4124775.208,4044018.42,2261922.59,2824808.84
2024-05-11,13374.56936,138163.1087,210698.305,99554446.0,44305780.0,461844106.0,2017032.814,2377967.87,1182903.0,1322923.76
2024-05-12,12753.13236,107670.6323,191190.562,96995150.0,33671129.0,789804071.0,1422547.627,1576234.91,688258.16,932004.7
2024-05-13,32733.41839,368664.7648,389810.286,307847853.0,108437847.9,2524431949.0,4407929.923,3606786.8,2038043.28,2514847.72
2024-05-14,29088.72041,269675.3037,453308.316,306746811.0,77134834.9,1854848426.0,3389933.371,2744202.98,1769809.13,2612434.88
2024-05-15,43559.74719,350254.3188,402812.993,323956909.0,87948334.1,1845492157.0,4885274.203,4442558.01,2196525.74,2926889.87
2024-05-16,31106.3671,293874.1513,411937.056,327561119.0,94019232.9,1316060414.0,4200112.765,3415709.35,1449092.77,7412429.35
2024-05-17,26292.23409,357724.7731,236919.616,286496760.0,108680341.7,1076157319.0,4097186.841,4256397.78,2207393.25,9400608.31
2024-05-18,14441.25774,199976.5456,168074.711,90176826.0,45922360.7,698372016.0,2874473.997,1889934.65,1211992.75,3328563.95
2024-05-19,18025.30409,166145.0102,142157.485,112974578.0,52848896.0,734215105.0,2696984.074,1874582.61,1108974.49,4967635.46
2024-05-20,50816.7011,847107.8828,469252.806,404880454.0,152399432.6,1539763324.0,5690568.998,4828245.07,2853777.98,6577697.92
2024-05-21,49607.4336,952437.2694,1023559.613,491396281.0,140920414.1,2403419353.0,4727780.064,4957810.67,3039403.61,5456936.22
2024-05-22,27673.18026,574938.3099,404848.487,303183587.0,100783629.4,1812336614.0,4272900.127,4310060.98,2116832.47,4024068.18
2024-05-23,40513.17374,1127866.076,607671.947,585134596.0,164392270.6,2098823634.0,5598921.63,8045710.66,3125908.9,5766263.23
2024-05-24,28095.83664,479418.4318,251965.176,322992520.0,79004514.8,2918289583.0,4819660.642,3827983.04,1363527.65,7298192.05
2024-05-25,12130.39418,158711.8992,121538.958,132376204.0,52870401.3,1286560263.0,1911443.135,2016462.27,735441.75,2426265.67
2024-05-26,11872.11797,292208.2937,122983.66,108799266.0,47905238.8,1223858574.0,3126117.989,2927564.39,892477.39,3214720.65
2024-05-27,23136.92737,363717.6473,229302.377,244982717.0,77194284.1,1347104309.0,3260017.055,3611626.96,1355234.36,5638537.81
2024-05-28,32622.97042,416249.8344,284862.985,282469800.0,103514209.4,1230843968.0,3779251.343,4935005.61,1944227.48,5603881.79
2024-05-29,23159.83149,334759.6348,212706.254,316791079.0,86483314.0,1395564391.0,2946277.294,4221424.57,1410140.99,4377221.2
2024-05-30,28478.2184,277034.2894,225452.344,361762802.0,88752476.4,1456479032.0,3307767.047,4211075.5,1589093.3,3752099.99
2024-05-31,26690.32184,273406.766,168608.054,304398744.0,62854052.2,801814565.0,2592736.388,2478066.66,1109882.27,3063262.06
2024-06-01,8837.66133,132687.2006,156464.894,88294554.0,31130909.6,367195745.0,1070498.928,1506527.64,480351.19,1410910.67
2024-06-02,15426.32529,210295.4407,198299.996,130902096.0,59363693.5,493754241.0,1669577.986,1812466.32,948549.12,1523835.06
2024-06-03,29633.374,248848.702,654161.467,237659106.0,75171575.4,823747427.0,2378016.532,3867604.77,1502543.1,2446283.0
2024-06-04,29619.78489,232063.7468,736322.6803,252531633.0,61587251.6,639124799.0,2124954.015,2889356.19,1295062.99,1872549.09
2024-06-05,28703.18082,273738.6035,673820.5652,248045273.0,63025277.7,670049829.0,2560223.589,2836358.18,1320551.18,2229505.03
2024-06-06,21842.00449,237504.1905,544042.9592,289657499.0,60496507.5,805127872.0,2116238.234,2433999.18,1130097.72,2933861.04
2024-06-07,35598.45045,362223.3594,594753.99,549543388.0,239701551.5,1486678159.0,3538852.091,8416185.59,2946397.48,4192706.62
2024-06-08,9773.82967,140550.8394,216849.473,152121412.0,89241948.8,726829388.0,1789882.65,3615115.34,1168309.91,1915926.5
2024-06-09,9890.56709,103451.102,173565.78,90936082.0,42256582.2,428167441.0,1444905.0,2659717.39,601496.64,1099628.14
2024-06-10,17122.66941,156363.1846,692122.616,249759346.0,86969425.3,445950423.0,1760276.954,2942181.04,1131273.21,1775765.43
2024-06-11,41436.01588,439568.5978,640655.92,429410619.0,138567339.0,1247090910.0,3646582.777,5420734.07,1847318.93,3486215.88
2024-06-12,37175.32356,387043.774,454148.661,341106347.0,121613605.3,1335443938.0,3851856.394,7033186.82,1877715.47,3534449.74
2024-06-13,29079.55571,300230.8299,313465.472,290198216.0,110639835.0,722950347.0,2573289.111,3581239.76,1377426.4,2308110.11
2024-06-14,28408.18797,322316.4214,279802.085,389318737.0,116922808.4,913514559.0,3183461.493,5069082.95,2200667.62,2962457.3
2024-06-15,11451.80242,246649.5894,122650.197,176444562.0,47189963.7,464938828.0,1346924.922,1928449.76,647613.47,1563299.76
2024-06-16,9392.52223,149839.982,104827.154,161562815.0,37640933.2,307161114.0,1405879.427,3423193.06,951476.4,1514250.0
2024-06-17,27386.16851,337805.6402,235509.028,584945066.0,124025287.9,1132086823.0,3412959.812,4149733.54,1975971.78,2994665.1
2024-06-18,42350.10244,449913.3014,459142.573,582727016.0,215871708.0,2070645660.0,6557976.71,10700166.19,2809030.18,5575818.39
2024-06-19,20060.79576,321500.0027,260529.062,260612342.0,84821749.0,742608455.0,3536777.468,4114058.81,1296859.97,2075689.63
2024-06-20,24265.29031,329117.8453,289498.772,324974220.0,81788373.7,880387309.0,3507680.508,3352117.74,1873349.75,1908530.59
2024-06-21,25993.56442,342155.102,191182.614,336098409.0,77104500.3,675836837.0,3230074.027,3503011.61,1411878.18,3109887.06
2024-06-22,7308.95542,115774.6157,100439.584,79168277.0,76900986.8,341304465.0,1399215.891,2939866.91,3754180.61,1389556.99
2024-06-23,8224.45447,133411.4304,141025.834,95099780.0,56593832.5,506605755.0,1492401.231,1702329.17,2992605.46,1460540.28
2024-06-24,52161.35414,543370.4229,356915.248,385123013.0,119340661.4,1238016703.0,5583497.777,5455119.88,3210819.75,3776245.24
2024-06-25,31189.24361,240036.2236,177300.699,226045665.0,70104337.4,904499973.0,3963661.704,3888721.25,1484143.35,2163785.76
2024-06-26,22485.66463,206949.3418,154770.344,243409484.0,80311716.8,569477357.0,2503428.066,2681962.98,2304629.01,1473178.38
2024-06-27,18344.28631,201041.6609,199582.231,243549420.0,83592286.9,727482679.0,4450967.436,6316840.04,2306236.79,2616406.14
2024-06-28,24821.19255,221634.3435,210308.565,264186218.0,92147447.1,705909915.0,3339031.267,3765151.4,2075840.6,2211079.82
2024-06-29,11509.55904,88329.7651,99951.169,57959490.0,70624426.8,241340466.0,1468985.543,1478576.61,1083357.0,1485231.67
2024-06-30,17326.30136,141221.6185,169894.148,82862100.0,52136153.2,335643611.0,2086670.189,1831777.53,1537329.37,1645240.48
2024-07-01,24547.10538,224273.2122,188481.951,211844474.0,70915901.7,428296949.0,2280252.836,3174108.21,1691942.47,1755091.25
2024-07-02,18573.11875,137932.7014,144561.934,226194005.0,67487705.8,314273229.0,2776061.292,5472083.79,1535912.34,2151743.28
2024-07-03,32160.11127,310408.451,288318.808,317610313.0,98718851.9,562730261.0,4189341.933,4570764.83,2084008.75,3543779.54
2024-07-04,54568.77276,450402.5692,511359.494,436420394.0,149416521.3,1541593699.0,5230812.158,6705156.48,2122362.53,4607993.13
2024-07-05,81348.24756,886994.3753,992708.164,728055932.0,323282253.6,2608167044.0,7669471.231,20535452.4,4416833.2,8073983.29
2024-07-06,21651.31558,214487.9713,226597.141,168945863.0,90921251.5,997717793.0,2873919.136,11542351.46,1273710.29,1887193.74
2024-07-07,19118.93918,179892.7612,279027.459,175785229.0,74443934.6,749813872.0,2590805.369,5276684.6,1523225.99,1659445.12
2024-07-08,48090.2049,500445.0105,580970.096,528743623.0,178789658.0,1314220494.0,5708358.008,6138945.03,3013924.84,3902970.7
2024-07-09,27732.20788,280358.1424,203358.601,289512370.0,71495085.0,559621670.0,3363673.606,4353640.81,2301249.16,3025500.29
2024-07-10,24951.73799,270827.0844,205460.208,294639692.0,63358979.6,521002616.0,2700825.893,4110238.98,1444884.87,2316344.53
2024-07-11,29761.05735,289229.32,262788.577,347547669.0,87567536.7,558914156.0,3363094.13,2350422.86,2064310.7,2913398.11
2024-07-12,23652.4569,185745.1825,207870.778,472984849.0,100898164.4,467602106.0,2929528.431,2711128.45,1236543.8,3147280.64
2024-07-13,15357.74519,119302.4769,161128.431,744327354.0,98135951.1,547626740.0,1357177.621,2003082.88,1755388.94,1843029.13
2024-07-14,21178.33907,165430.7716,148566.273,350964405.0,101540405.4,646475898.0,2997466.757,2826709.6,1493849.24,2749845.4
2024-07-15,38690.9782,314296.8452,335372.772,437376565.0,125566239.6,1010690868.0,3428848.522,5049392.8,2252819.9,3174140.86
2024-07-16,42530.52915,376128.7869,347825.03,824632586.0,126834589.9,1054095685.0,3988105.454,4558393.8,2956440.06,3371919.54
2024-07-17,29567.52954,297812.5162,198271.205,806805412.0,105320100.0,687859592.0,2840583.09,3182801.28,2275728.47,2632485.26
2024-07-18,22568.7225,241950.3457,153121.784,660623865.0,80622639.4,786606248.0,2584704.124,3370663.16,1688798.14,2447987.26
2024-07-19,35634.72739,299511.6422,331877.529,539155049.0,80349138.6,811589334.0,4685513.24,2757057.53,2176432.94,2608696.21
2024-07-20,14386.92434,147510.8165,144679.404,300097994.0,54136437.1,1436351183.0,2047796.046,1720991.41,1467397.44,1546995.05
2024-07-21,21819.11191,218890.9656,243931.763,291988877.0,85361994.3,1539907160.0,3684536.411,2339766.13,4881628.18,3427519.11
2024-07-22,21451.04303,207859.5043,212452.69,412923068.0,79086035.0,1602038139.0,3345609.525,2585309.02,2823413.4,1647419.89
2024-07-23,31406.15316,500568.7811,214355.311,353756166.0,86052015.5,1099223304.0,3895827.332,2986487.42,2989620.04,1421942.97
2024-07-24,23082.56277,275479.0506,160535.208,420617643.0,97197388.2,692696080.0,3845177.713,2358741.13,2813233.19,1256030.46
2024-07-25,35126.42934,494282.6398,286997.522,485187006.0,96406178.5,916741676.0,4859387.428,2972357.49,2457846.44,1885396.08
2024-07-26,24244.36023,260237.4641,155492.92,268729317.0,59178553.1,661205710.0,3030603.246,2528303.82,2103180.06,1174587.03
2024-07-27,31710.21921,231991.9037,184468.855,172975781.0,171402225.1,1329095559.0,3518852.056,2061613.39,1595083.64,1460433.56
2024-07-28,10868.69394,103529.8329,92606.642,182173334.0,80650723.3,689009904.0,1901473.957,1204090.29,955992.62,705440.02
2024-07-29,36467.29633,318471.5055,213824.089,235245176.0,83989483.1,764786376.0,4024560.314,2552750.24,2335986.83,1524616.75
2024-07-30,23132.25441,197277.1641,165024.413,431409390.0,66547192.1,536194715.0,3074498.493,1921244.42,1375203.85,1362496.85
2024-07-31,22625.43905,233711.3352,194701.723,473184106.0,64025495.7,523776745.0,3250862.527,2644241.77,1930480.93,1497800.16
2024-08-01,35542.26854,323285.6105,280418.865,423266147.0,93185663.4,929497327.0,5523497.615,4408677.71,1979230.94,1870585.71
2024-08-02,38820.42937,385704.0395,283605.001,410967898.0,122506209.6,829416403.0,5553017.934,3554684.74,2234805.73,2658270.91
2024-08-03,28034.71567,344595.3157,245777.525,265483095.0,87498771.3,1009072658.0,5444954.693,3126943.96,1850832.83,1748000.69
2024-08-04,31616.52003,512064.2612,390238.285,240108087.0,97503415.0,1010011668.0,7037715.285,4876624.24,2081859.37,2457740.26
2024-08-05,162065.59186,2670604.1003,2114679.75,1250454532.0,592112788.2,6003336977.0,24267557.819,21997702.93,9670531.58,17206780.72
2024-08-06,55884.77676,642283.8038,458815.007,410337831.0,125385161.0,1261946874.0,8362643.634,5497287.59,2687249.82,3797828.71
2024-08-07,44269.37684,630115.4228,322182.487,1000802326.0,108079429.6,1198829409.0,8372307.587,5243270.78,2185632.53,2916617.05
2024-08-08,48349.52949,586502.8754,286744.608,730482227.0,108236428.8,968675456.0,7303133.96,4847719.81,2398279.56,2764327.55
2024-08-09,30972.48017,406739.9611,195125.106,456932445.0,75715466.2,542344314.0,4098735.233,2737150.09,1708499.52,1744241.58
2024-08-10,9995.20621,171012.3619,126212.238,213745629.0,32923978.4,257631810.0,1885839.233,1189116.19,829812.48,971316.1
2024-08-11,19189.84512,297098.9145,206038.714,251097812.0,58078474.9,769443790.0,3468314.255,1800885.03,1316532.04,1547361.69
2024-08-12,37009.91743,483414.2506,285951.347,355253164.0,75901662.9,841806045.0,4946945.239,2055574.69,1828261.75,2572403.11
2024-08-13,27858.95851,325668.6964,255029.497,252380249.0,46778962.1,488350832.0,2865655.423,2199766.63,1369820.3,1953151.78
2024-08-14,28422.76326,338808.7141,220850.011,253532158.0,52329030.8,525436131.0,3927148.647,2361315.25,1239087.66,1606087.78
2024-08-15,37686.17622,356546.8059,229628.306,267098570.0,73704919.9,610036012.0,4229038.816,2334737.9,1891885.5,2065975.02
2024-08-16,27610.84344,270684.1373,174036.141,234628410.0,89181725.2,557705388.0,4035320.605,1920753.49,1292955.85,1412866.98
2024-08-17,7721.72931,89348.676,196365.586,68057519.0,37562981.3,244243848.0,1561594.103,859646.82,594996.7,660305.04
2024-08-18,13634.85717,174074.0585,148890.018,119904362.0,31399291.8,350840535.0,2352046.743,2034044.35,1080288.16,1294898.35
2024-08-19,22809.31251,224867.1336,233275.352,387069502.0,59429594.3,461658956.0,2940357.953,1876212.07,1079897.76,1446198.29
2024-08-20,31477.44548,281315.8751,422053.693,276882583.0,67569520.8,800320196.0,3021467.596,2015995.76,2257515.64,1584395.02
2024-08-21,27983.6422,245286.6218,345601.77,274275573.0,120694348.6,525554349.0,2519581.859,2872074.59,2113314.06,2603911.22
2024-08-22,21241.20588,199063.1196,365020.284,207559419.0,74918204.0,380546631.0,1825402.718,3039748.99,2451735.12,2372692.02
2024-08-23,38118.07089,401786.4447,387772.663,297079009.0,103804942.5,1135703108.0,3781090.162,3604290.98,3388980.56,2511841.64
2024-08-24,15857.15616,263542.9441,325168.897,242435317.0,68874709.6,956116504.0,3739086.949,3274573.09,2329717.63,1890917.97
2024-08-25,12305.47977,154527.2352,195984.559,163663049.0,64228390.3,568249607.0,2629083.703,3038021.47,2020535.79,1680258.12
2024-08-26,19470.05276,211708.1247,280985.576,236874640.0,85653817.5,554048723.0,3318398.041,2919726.61,1936106.29,2726249.26
2024-08-27,35135.94178,412660.7197,298073.974,331644513.0,95443201.9,703657118.0,3650375.766,4020085.47,2200225.1,2512859.8
2024-08-28,36868.54275,451266.634,269794.777,312994647.0,90938224.2,749119048.0,4270867.034,3363625.7,2427017.83,2391451.06
2024-08-29,27020.90743,237002.9632,166187.113,209040650.0,80645542.3,415351459.0,2921816.829,2528160.83,1881922.74,1488137.35
2024-08-30,28519.32195,338379.1941,197825.895,258840588.0,103161060.8,628171409.0,4038797.169,2493943.55,1640828.47,1605908.27
2024-08-31,8798.409,97946.1147,95954.072,67155202.0,27057484.0,261630981.0,1230210.745,1087944.03,731034.89,762838.01
2024-09-01,20705.15741,223127.776,203698.867,121191438.0,63866107.4,440544625.0,2928444.741,2516218.02,1701717.55,1509016.4
2024-09-02,22895.01461,262632.8385,262984.426,174750033.0,70472662.0,456484773.0,3146315.554,2199151.08,1213729.2,1315079.57
2024-09-03,22828.18447,224793.1299,224481.65,179781483.0,75474745.4,353919096.0,2627381.925,2045219.35,1165499.01,1596734.24
2024-09-04,35560.82146,384179.3854,435892.306,272577067.0,120424863.1,657720121.0,3814059.109,4271469.46,1783124.44,2274543.36
2024-09-05,27806.91413,278549.0969,177237.32,213816210.0,116970963.2,407742111.0,2762037.052,1907467.81,1130561.49,1234400.81
2024-09-06,54447.76826,643027.111,357704.727,382035412.0,132485885.1,1019311885.0,5494252.37,3968575.54,2491055.66,2726820.88
2024-09-07,16694.04774,219453.2076,140367.312,82924642.0,44625799.5,436400943.0,2111596.965,1686608.94,951544.49,1343150.05
2024-09-08,16274.14779,192775.6493,135677.173,67909459.0,71465766.9,376614257.0,1971919.866,1503933.15,1913376.33,1350353.58
2024-09-09,32384.51737,321698.99,207528.54,168358952.0,80797659.4,896750540.0,3664956.878,2798131.43,2082195.37,2536489.74
2024-09-10,23626.78126,224382.1729,161417.812,135693250.0,51064979.8,451668592.0,2305171.22,1848659.47,1441227.33,1474504.71
2024-09-11,33026.56757,282898.3125,204079.602,187554599.0,76745712.0,496147874.0,3139383.418,2947171.99,1685272.65,1527678.77
2024-09-12,31074.40631,202611.1308,273877.8,380827353.0,83045574.5,469727509.0,2273359.309,2205112.48,1532687.18,1446798.84
2024-09-13,29825.23333,253888.616,276743.273,270151559.0,61642001.2,885331769.0,2714532.025,3251739.87,1883781.59,2956943.65
2024-09-14,12137.90901,122931.2302,138432.964,231500545.0,40948020.2,588837803.0,1396833.298,1857961.23,1199130.86,1145891.32
2024-09-15,13757.92361,174364.1946,205254.79,126437096.0,67858002.3,454265265.0,1850456.74,2920077.53,1451892.29,1228933.57
2024-09-16,26477.5642,330555.232,267953.69,247830927.0,66210102.2,543744800.0,2136388.305,3152928.3,1751162.34,1891935.14
2024-09-17,33116.25878,274206.2588,195288.36,173044465.0,58973434.3,488721301.0,2339845.911,3322360.31,1583225.8,1812776.35
2024-09-18,36087.02469,292917.6008,201182.985,204818640.0,70247471.4,549809619.0,3309787.258,4814848.56,2073720.9,1980319.05
2024-09-19,34332.52608,326746.032,308427.742,222336927.0,88788525.3,676116886.0,4130435.35,4658192.56,2927349.19,2838273.01
2024-09-20,25466.37794,340754.5912,257077.709,217408757.0,63999487.4,633811834.0,4488100.615,4540903.46,3375743.3,2711552.15
2024-09-21,8375.34608,154757.8773,208752.23,144964801.0,40999174.4,543908991.0,1916733.216,2465166.54,1074371.17,1321660.74
2024-09-22,14242.19892,214266.3257,202978.791,120373196.0,53113544.0,432001443.0,2165962.888,2410272.28,1232505.34,1594550.09
2024-09-23,24078.05287,333282.0149,376010.207,161038706.0,80568015.7,646437650.0,3226373.773,3549403.67,2044240.42,2250270.71
2024-09-24,23185.04759,288600.0402,261622.131,169233403.0,111968849.8,747792653.0,4015502.931,4816662.23,1891613.31,2854159.21
2024-09-25,17813.11168,220343.4293,220793.948,179932001.0,80684494.9,722241605.0,2728253.346,3965799.79,2136050.42,2605279.51
2024-09-26,28373.30593,278686.3573,334337.474,226481301.0,95788917.1,1639288337.0,4251220.763,3813731.87,2834148.82,3111496.33
2024-09-27,22048.80487,281826.9792,356901.64,222819497.0,86996776.4,1623183646.0,3725660.998,4302233.12,2216838.14,2804745.6
2024-09-28,9127.23316,137230.0342,262593.381,442520365.0,55901976.6,1709881942.0,1580834.341,2346081.15,1265112.67,2187458.11
2024-09-29,8337.74111,160554.3146,160103.084,442349596.0,42444987.1,919118406.0,2350658.476,2288995.53,1309575.5,1484031.12
2024-09-30,30011.08752,282475.7961,324086.737,396654376.0,80942545.4,1091853755.0,3240682.206,4303691.53,2118117.74,2055007.13
2024-10-01,43671.48108,502828.6804,476372.945,579510147.0,137861330.3,1779737388.0,4991241.419,8519076.94,3528601.75,4149387.7
2024-10-02,31534.70118,317484.735,282193.663,634074670.0,107703672.0,1041484705.0,3817606.119,4868593.35,2104510.83,3135603.43
2024-10-03,26221.43472,314635.9263,220702.342,562879573.0,79813638.7,990157071.0,3742347.845,4867140.66,2257868.51,2609545.82
2024-10-04,21294.65994,239383.017,186169.628,341840613.0,61770930.4,814968617.0,3120151.953,3025511.57,1804442.66,2180620.51
2024-10-05,7807.46141,103740.2316,124906.382,107009165.0,39356208.5,398463760.0,1475217.816,1785207.19,1054363.46,1206500.32
2024-10-06,8906.86177,105752.7096,106787.34,90314821.0,37440683.0,470748830.0,1409071.4,1577602.61,1233938.51,1438654.89
2024-10-07,25966.1852,300459.5407,213046.676,246483895.0,75937962.2,1181346500.0,3607754.951,3779052.3,1779576.78,2903675.63
2024-10-08,19702.22371,201358.3312,286276.177,164201090.0,54948911.4,680791688.0,2153828.153,3238080.04,1316635.28,2511775.1
2024-10-09,20011.15684,242082.2725,324396.054,169687079.0,69541560.1,791794301.0,2071518.061,3076173.21,1612088.05,2572154.31
2024-10-10,23967.92481,257862.9619,178198.309,267008101.0,51099496.5,713401352.0,2289782.907,2490257.83,1305991.34,2311977.76
2024-10-11,23641.35209,235441.2197,185095.358,196729073.0,49113139.9,595969049.0,2269088.918,2347729.65,1356314.72,1729530.83
2024-10-12,10911.30116,139637.5062,135773.959,83887179.0,33454950.9,415506248.0,1347679.548,2311858.57,2063826.88,1409186.28
2024-10-13,11909.21995,120022.8179,118779.976,94059459.0,50520578.7,478777808.0,1599054.833,1965193.65,1605213.5,1465344.52
2024-10-14,37669.95222,435900.1619,252803.176,219397937.0,90929339.3,1252447368.0,3987055.145,4101366.34,2007570.41,2770179.29
2024-10-15,43683.95423,416285.6663,324305.897,283568637.0,133653350.7,1635590225.0,4480025.111,6569159.09,2806768.34,4806201.65
2024-10-16,29938.25544,260322.4242,259951.129,222285502.0,72607298.7,3073408118.0,2851816.35,3164327.04,1952738.95,2177488.42
2024-10-17,25328.22861,221624.5434,194199.416,312103613.0,110730558.5,1921830268.0,2664809.948,2710997.96,1321790.89,1843237.65
2024-10-18,28725.635,292444.1153,136743.669,219767509.0,56351424.9,2574606384.0,1829394.118,2869979.62,894689.48,2177797.1
2024-10-19,8193.66737,105413.7646,78940.239,90144479.0,41140586.4,2065754362.0,1724504.166,3363117.5,588731.97,1040836.05
2024-10-20,12442.47378,256910.7448,123572.057,117461950.0,58891202.7,1498968992.0,3094698.825,3366066.45,883990.57,2070368.07
2024-10-21,31374.42184,310674.7232,275880.778,283328526.0,97553069.7,2235756592.0,4807758.742,3629142.83,1515208.07,2142895.94
2024-10-22,24598.96268,265747.713,203756.934,250206589.0,91803259.8,1689968224.0,4115685.502,3090937.0,1311372.78,3746862.51
2024-10-23,25530.2407,352647.7086,225698.465,211146628.0,96931163.7,1447606402.0,4509792.292,3130845.0,1697988.9,2846227.54
2024-10-24,22589.83877,290851.7842,145781.537,195840193.0,94252442.0,1212204102.0,3893052.12,3252270.96,1323965.2,2056184.87
2024-10-25,34479.71125,514799.8822,254214.693,350905027.0,158570967.8,1516604558.0,5718307.066,5549275.62,2098635.37,4150315.56
2024-10-26,11842.9077,248724.8313,119987.437,121828009.0,84287990.4,766435162.0,3010702.796,3482001.47,1042871.56,2431743.17
2024-10-27,8653.19592,137580.8836,94455.099,65734998.0,37089150.4,1098602934.0,2606131.771,2787235.2,596461.7,1292426.51
2024-10-28,29046.75459,360605.327,189815.882,159504690.0,89286920.0,3223861267.0,3877330.221,5064133.38,1509538.85,2232645.81
2024-10-29,50128.60594,451915.7025,301555.357,220863830.0,93763509.9,3867989341.0,4046109.939,5447880.2,1492949.8,2413413.41
2024-10-30,26885.99056,460627.126,186706.281,177555669.0,94701157.4,2167415553.0,2893112.751,4299714.15,1634180.54,3115047.04
2024-10-31,29352.10297,403427.2017,279156.175,195063825.0,91529863.7,2005209273.0,2661529.298,6741494.0,1389613.61,2672404.77
2024-11-01,38301.86755,430249.1073,242255.184,277144347.0,130382524.7,2339768574.0,3325662.447,5578717.23,1566405.89,3095385.47
2024-11-02,10521.67243,145961.13,143716.603,68679320.0,79245372.9,1264695204.0,1603273.603,3320709.06,747467.07,2144981.92
2024-11-03,24995.70243,276009.1197,217508.468,176012483.0,103816230.4,2202139186.0,2745309.829,6064734.41,1839984.69,3043948.92
2024-11-04,29800.39187,306316.9645,264951.833,211259474.0,88647140.4,2550505871.0,3019251.325,3353577.29,1698424.83,3285395.24
2024-11-05,33355.06888,331619.2545,211437.753,190711816.0,80194966.4,3885888575.0,3438156.871,3347876.96,1705771.01,2451648.01
2024-11-06,104126.994787,1002141.3618,535934.927,452294069.0,210331494.8,10672110565.0,10385235.992,9391141.87,3669930.55,6021284.14
2024-11-07,44869.422345,730845.9524,377600.506,348528218.0,213370214.5,3704240102.0,4210329.82,7086769.64,2304556.93,4102157.95
2024-11-08,36521.099583,568864.435,318752.718,261155203.0,478265867.0,3233648867.0,5129244.188,11448594.98,2423694.41,5862824.36
2024-11-09,16942.07915,526719.4212,772172.655,230978970.0,225441944.3,3534294056.0,2833304.996,8503678.87,2817405.7,3227868.58
2024-11-10,61830.100435,865536.7322,812783.747,712821995.0,1158588378.1,10387872726.0,7968628.23,35504372.79,6132136.02,7213896.18
2024-11-11,82323.665776,1000093.9664,1006384.738,661084405.0,596396671.8,11217134512.1,8935306.968,21631063.61,7008431.33,7032175.76
2024-11-12,97299.887911,973215.7285,1166459.013,1776854012.0,695933476.4,17192779834.8,9001990.659,26930359.43,9074667.64,9709186.6
2024-11-13,86763.854127,919686.3747,1034672.114,1208545721.0,603213656.1,12474507223.0,10834052.799,20191236.54,8175967.91,7983731.02
2024-11-14,56729.51086,605780.6662,1060649.7,1349353792.0,351116093.6,6885684747.0,7458523.708,13094082.94,4206583.37,5553257.49
2024-11-15,47927.95068,519623.6317,654908.221,1413430891.0,883876827.2,6002216840.0,5271091.924,10257406.37,2971420.25,4456308.53
2024-11-16,22717.87689,423639.1573,447887.923,2373030780.0,1131924924.1,3538931801.0,4204469.3,17564833.99,4066373.3,5856591.0
2024-11-17,23867.55609,449818.9575,595820.376,1245814358.0,474262736.4,3780910238.0,8433424.204,18374242.79,5673738.64,4925533.75
2024-11-18,46545.03448,640658.4357,483382.136,941344489.0,442341128.2,4010630836.0,7485850.361,16117811.2,4439039.4,8507217.52
2024-11-19,43660.04682,500112.0194,420441.21,562678894.0,297007303.0,6174029423.0,5595613.402,9028491.8,2987306.04,4551823.82
2024-11-20,42203.198712,503607.8336,411142.628,609804658.0,729698432.0,3737616522.0,5472203.476,13729161.22,3615587.8,5709847.39
2024-11-21,69228.360477,974923.3035,647295.158,1050788977.0,486701467.7,3942916685.0,8595939.994,13681255.17,4208872.98,6056901.96
2024-11-22,46189.309243,603273.7093,582665.923,1597772473.98,1031366149.7,6068746988.0,5155181.905,21148336.67,8056726.78,10260318.34
2024-11-23,24757.84367,721024.0009,1071184.972,1243933645.71,919763706.7,8608702376.3,4836783.227,60359355.47,7788308.37,11533900.71
2024-11-24,31200.97838,479098.0921,914571.368,960628070.0,581357178.0,4932729870.0,3665245.812,55980685.72,5915164.28,8358817.85
2024-11-25,50847.45096,949330.37,783511.29,912385354.0,504171181.2,4149065549.0,4699636.317,23515306.26,9557513.01,10299574.1
2024-11-26,57858.73138,672367.1503,814621.938,777417208.0,479192975.7,3934214992.0,5012621.456,20294174.75,6473991.3,6811917.35
2024-11-27,41153.42734,754573.6485,629623.885,594887636.0,383499059.9,2930851837.0,3807284.297,15952780.89,4868664.66,7273824.08
2024-11-28,28814.54357,560976.425,684789.628,440541778.0,254849669.5,2624936834.0,2694033.06,12382641.04,2715014.37,4613852.6
2024-11-29,27701.78231,425493.2449,429893.73,1055874162.77,351237724.5,3088512232.0,2890806.079,16424896.92,2791481.17,3855567.29
2024-11-30,14503.83306,503684.7485,545812.569,1118556534.97,369560299.2,2293217212.0,2279256.816,18065505.49,2529834.27,5052772.3
2024-12-01,16938.60452,429089.2633,434417.253,1171510986.43,372853685.8,3414080563.0,2435872.954,14685246.0,2620155.57,4149445.38
2024-12-02,37958.66981,737130.569,771630.192,2543716698.49,866951754.4,5661242625.0,5868060.275,30869602.68,13230224.23,36222747.77
2024-12-03,35827.32283,678400.2032,1575647.798,1955605237.21,802151381.2,4297871410.0,6918604.728,30261037.54,8509217.61,22028330.36
2024-12-04,43850.53728,968744.0399,2092976.428,1127878148.0,383350912.1,3719414028.0,4966864.205,40288736.88,6737952.02,14113341.66
2024-12-05,109921.729662,946493.276,1159099.388,1095218093.0,413686149.8,6428185957.0,7391549.993,25573286.13,5150018.91,9709163.86
2024-12-06,45049.5331,803855.1146,747138.475,671195786.0,311787487.7,2736325757.0,5136553.827,16867235.82,3531401.48,8541586.87
2024-12-07,14931.9459,283920.02,445276.173,541326545.0,165417822.9,3482207276.0,2933621.438,11608605.32,1802079.69,6873804.42
2024-12-08,14612.99688,251362.1685,343120.564,456273582.0,255648168.3,3415660534.4,2222837.551,9936977.11,2610374.95,9422038.91
2024-12-09,53949.11595,939642.2001,1068109.724,991793616.0,618530935.0,5584093802.0,7391583.708,30556061.58,8678006.11,19183245.38
2024-12-10,51708.68933,942206.0337,984801.75,1376683984.0,628873381.3,5317180501.0,7018707.73,23727142.47,5913538.77,15548546.65
2024-12-11,37753.78291,461818.7801,526819.302,696138801.0,361950376.3,2982323311.0,4688484.808,16541944.16,3179918.54,7801029.71
2024-12-12,29232.08745,572098.6343,576876.965,528351934.0,338015830.6,2544752744.0,3559104.067,17978417.97,6946012.23,21001352.82
2024-12-13,21904.03923,387765.6873,548598.294,468083967.0,180296167.7,1560217848.0,2889526.771,11250987.35,3059871.58,14381820.64
2024-12-14,14191.70326,265538.9479,341929.145,347447120.0,138860581.3,1406442149.0,2155654.471,10546490.88,2178229.4,10705069.13
2024-12-15,22228.921775,253833.2141,282457.795,275970977.0,139414086.3,1093200858.0,2130908.009,12168923.08,2534152.78,7150900.76
2024-12-16,41302.40274,673351.0723,483844.553,603893921.0,220525179.7,1637008922.0,3863409.201,11767882.69,2847916.5,11253244.27
2024-12-17,29064.936466,450825.9861,502868.872,745688394.0,252529517.4,1486814080.0,5177736.748,9689503.83,2405448.95,8162177.01
2024-12-18,50307.99755,722505.0618,726576.022,759860891.0,375972520.0,2778577477.0,5565926.563,14284782.32,4851431.93,10891198.88
2024-12-19,55147.398,1078153.4851,840266.48,811210695.0,447732655.1,5544908636.0,7402649.886,22054262.66,6144612.93,14916127.01
2024-12-20,62884.1357,1332783.731,982349.406,1110347016.0,594787205.1,6899043983.0,9793383.668,23182838.78,6360495.34,13433143.15
2024-12-21,23483.54143,475275.82,529437.789,451599864.0,289558064.4,3747409658.0,5243572.617,12411891.98,2760917.7,8748702.92
2024-12-22,19353.83036,361920.2495,333704.376,310318499.0,234703947.6,2191716587.0,3573368.972,8776666.68,2091153.42,4483502.54
2024-12-23,32810.76703,488253.41,606364.091,388820902.0,245984682.7,2130359688.0,4217664.03,10441949.73,3166198.31,9215196.76
2024-12-24,23674.22488,315723.6763,386936.217,249021066.0,165078579.2,1468454936.0,2709577.672,7945555.67,2566311.12,8371919.06
2024-12-25,14474.1651,219846.0452,232510.25,162014998.0,95106199.7,1176142542.0,1958644.487,5305255.63,1222671.71,4716973.49
2024-12-26,21192.36727,310170.1719,381100.002,266397920.0,131074807.3,1143051080.0,2045566.1,5952209.03,1918690.88,4244868.44
2024-12-27,26501.26429,342529.6038,347156.043,254236575.0,134800242.8,1010676000.0,1946509.645,6318307.4,1872302.26,5144826.16
2024-12-28,8385.8929,175963.613,344251.861,106144470.0,79029125.6,626267458.0,1494847.867,4219904.23,1085666.84,4644178.39
2024-12-29,13576.00578,156256.8819,241528.144,129587392.0,105900380.7,838842516.0,1560190.019,3618120.74,1157162.61,2537973.93
2024-12-30,27619.4225,420794.6476,297267.103,326304793.0,168318692.6,1242292430.0,2415985.488,6758873.72,2903986.22,4524110.74
2024-12-31,19612.03389,303053.1685,235464.832,202867597.0,107355712.5,1024184412.0,2461978.262,4270052.58,1329180.53,4498064.0
